SGD, 1, -1, 1, -1, 128, 128, 128, 128, 0.4, 0.3, 0.25, 12.5, 12.5, 9, 3, 0, 4000, 1, 1, 0, 1, 11.46
SGD, 1, -1, 1, -1, 128, 128, 128, 128, 0.4, 0.3, 0.25, 12.5, 12.5, 9, 3, 0, 4000, 1, 1, 0, 2, 20.06
SGD, 1, -1, 1, -1, 128, 128, 128, 128, 0.4, 0.3, 0.25, 12.5, 12.5, 9, 3, 0, 4000, 1, 1, 0, 3, 19.97
SGD, 1, -1, 1, -1, 128, 128, 128, 128, 0.4, 0.3, 0.25, 12.5, 12.5, 9, 3, 0, 4000, 1, 1, 0, 4, 20.67
SGD, 1, -1, 1, -1, 128, 128, 128, 128, 0.4, 0.3, 0.25, 12.5, 12.5, 9, 3, 0, 4000, 1, 1, 0, 5, 20.38
SGD, 1, -1, 1, -1, 128, 128, 128, 128, 0.4, 0.3, 0.25, 12.5, 12.5, 9, 3, 0, 4000, 1, 1, 0, 6, 20.12
SGD, 1, -1, 1, -1, 128, 128, 128, 128, 0.4, 0.3, 0.25, 12.5, 12.5, 9, 3, 0, 4000, 1, 1, 0, 7, 26.55
SGD, 1, -1, 1, -1, 128, 128, 128, 128, 0.4, 0.3, 0.25, 12.5, 12.5, 9, 3, 0, 4000, 1, 1, 0, 8, 20.77
SGD, 1, -1, 1, -1, 128, 128, 128, 128, 0.4, 0.3, 0.25, 12.5, 12.5, 9, 3, 0, 4000, 1, 1, 0, 9, 33.72
SGD, 1, -1, 1, -1, 128, 128, 128, 128, 0.4, 0.3, 0.25, 12.5, 12.5, 9, 3, 0, 4000, 1, 1, 0, 10, 35.05
SGD, 1, -1, 1, -1, 128, 128, 128, 128, 0.4, 0.3, 0.25, 12.5, 12.5, 9, 3, 0, 4000, 1, 1, 0, 11, 40.8
SGD, 1, -1, 1, -1, 128, 128, 128, 128, 0.4, 0.3, 0.25, 12.5, 12.5, 9, 3, 0, 4000, 1, 1, 0, 12, 34.13
SGD, 1, -1, 1, -1, 128, 128, 128, 128, 0.4, 0.3, 0.25, 12.5, 12.5, 9, 3, 0, 4000, 1, 1, 0, 13, 54.76
SGD, 1, -1, 1, -1, 128, 128, 128, 128, 0.4, 0.3, 0.25, 12.5, 12.5, 9, 3, 0, 4000, 1, 1, 0, 14, 55.82
SGD, 1, -1, 1, -1, 128, 128, 128, 128, 0.4, 0.3, 0.25, 12.5, 12.5, 9, 3, 0, 4000, 1, 1, 0, 15, 56.04
SGD, 1, -1, 1, -1, 128, 128, 128, 128, 0.4, 0.3, 0.25, 12.5, 12.5, 9, 3, 0, 4000, 1, 1, 0, 16, 28.63
SGD, 1, -1, 1, -1, 128, 128, 128, 128, 0.4, 0.3, 0.25, 12.5, 12.5, 9, 3, 0, 4000, 1, 1, 0, 17, 25.53
SGD, 1, -1, 1, -1, 128, 128, 128, 128, 0.4, 0.3, 0.25, 12.5, 12.5, 9, 3, 0, 4000, 1, 1, 0, 18, 55.77
SGD, 1, -1, 1, -1, 128, 128, 128, 128, 0.4, 0.3, 0.25, 12.5, 12.5, 9, 3, 0, 4000, 1, 1, 0, 19, 64.06
SGD, 1, -1, 1, -1, 128, 128, 128, 128, 0.4, 0.3, 0.25, 12.5, 12.5, 9, 3, 0, 4000, 1, 1, 0, 20, 64.1
SGD, 1, -1, 1, -1, 128, 128, 128, 128, 0.8, 0.1, 0.1, 12.5, 12.5, 2, 2, 0, 4000, 1, 1, 0, 1, 11.35
SGD, 1, -1, 1, -1, 128, 128, 128, 128, 0.8, 0.1, 0.1, 12.5, 12.5, 2, 2, 0, 4000, 1, 1, 0, 2, 11.35
SGD, 1, -1, 1, -1, 128, 128, 128, 128, 0.8, 0.1, 0.1, 12.5, 12.5, 2, 2, 0, 4000, 1, 1, 0, 3, 11.35
SGD, 1, -1, 1, -1, 128, 128, 128, 128, 0.8, 0.1, 0.1, 12.5, 12.5, 2, 2, 0, 4000, 1, 1, 0, 4, 11.35
SGD, 1, -1, 1, -1, 128, 128, 128, 128, 0.8, 0.1, 0.1, 12.5, 12.5, 2, 2, 0, 4000, 1, 1, 0, 5, 20.57
SGD, 1, -1, 1, -1, 128, 128, 128, 128, 0.8, 0.1, 0.1, 12.5, 12.5, 2, 2, 0, 4000, 1, 1, 0, 6, 19.17
SGD, 1, -1, 1, -1, 128, 128, 128, 128, 0.8, 0.1, 0.1, 12.5, 12.5, 2, 2, 0, 4000, 1, 1, 0, 7, 20.34
SGD, 1, -1, 1, -1, 128, 128, 128, 128, 0.8, 0.1, 0.1, 12.5, 12.5, 2, 2, 0, 4000, 1, 1, 0, 8, 12.33
SGD, 1, -1, 1, -1, 128, 128, 128, 128, 0.8, 0.1, 0.1, 12.5, 12.5, 2, 2, 0, 4000, 1, 1, 0, 9, 20.61
SGD, 1, -1, 1, -1, 128, 128, 128, 128, 0.8, 0.1, 0.1, 12.5, 12.5, 2, 2, 0, 4000, 1, 1, 0, 10, 20.48
SGD, 1, -1, 1, -1, 128, 128, 128, 128, 0.8, 0.1, 0.1, 12.5, 12.5, 2, 2, 0, 4000, 1, 1, 0, 11, 20.67
SGD, 1, -1, 1, -1, 128, 128, 128, 128, 0.8, 0.1, 0.1, 12.5, 12.5, 2, 2, 0, 4000, 1, 1, 0, 12, 20.31
SGD, 1, -1, 1, -1, 128, 128, 128, 128, 0.8, 0.1, 0.1, 12.5, 12.5, 2, 2, 0, 4000, 1, 1, 0, 13, 20.79
SGD, 1, -1, 1, -1, 128, 128, 128, 128, 0.8, 0.1, 0.1, 12.5, 12.5, 2, 2, 0, 4000, 1, 1, 0, 14, 20.61
SGD, 1, -1, 1, -1, 128, 128, 128, 128, 0.8, 0.1, 0.1, 12.5, 12.5, 2, 2, 0, 4000, 1, 1, 0, 15, 20.82
SGD, 1, -1, 1, -1, 128, 128, 128, 128, 0.8, 0.1, 0.1, 12.5, 12.5, 2, 2, 0, 4000, 1, 1, 0, 16, 20.71
SGD, 1, -1, 1, -1, 128, 128, 128, 128, 0.8, 0.1, 0.1, 12.5, 12.5, 2, 2, 0, 4000, 1, 1, 0, 17, 20.75
SGD, 1, -1, 1, -1, 128, 128, 128, 128, 0.8, 0.1, 0.1, 12.5, 12.5, 2, 2, 0, 4000, 1, 1, 0, 18, 20.9
SGD, 1, -1, 1, -1, 128, 128, 128, 128, 0.8, 0.1, 0.1, 12.5, 12.5, 2, 2, 0, 4000, 1, 1, 0, 19, 20.77
SGD, 1, -1, 1, -1, 128, 128, 128, 128, 0.8, 0.1, 0.1, 12.5, 12.5, 2, 2, 0, 4000, 1, 1, 0, 20, 20.76
SGD, 1, -1, 1, -1, 128, 128, 128, 128, 0.7, 0.1, 0.1, 12.5, 12.5, 2, 2, 0, 4000, 1, 1, 0, 1, 11.35
SGD, 1, -1, 1, -1, 128, 128, 128, 128, 0.7, 0.1, 0.1, 12.5, 12.5, 2, 2, 0, 4000, 1, 1, 0, 2, 11.53
SGD, 1, -1, 1, -1, 128, 128, 128, 128, 0.7, 0.1, 0.1, 12.5, 12.5, 2, 2, 0, 4000, 1, 1, 0, 3, 13.61
SGD, 1, -1, 1, -1, 128, 128, 128, 128, 0.7, 0.1, 0.1, 12.5, 12.5, 2, 2, 0, 4000, 1, 1, 0, 4, 20.47
SGD, 1, -1, 1, -1, 128, 128, 128, 128, 0.7, 0.1, 0.1, 12.5, 12.5, 2, 2, 0, 4000, 1, 1, 0, 5, 20.79
SGD, 1, -1, 1, -1, 128, 128, 128, 128, 0.7, 0.1, 0.1, 12.5, 12.5, 2, 2, 0, 4000, 1, 1, 0, 6, 20.62
SGD, 1, -1, 1, -1, 128, 128, 128, 128, 0.7, 0.1, 0.1, 12.5, 12.5, 2, 2, 0, 4000, 1, 1, 0, 7, 20.71
SGD, 1, -1, 1, -1, 128, 128, 128, 128, 0.7, 0.1, 0.1, 12.5, 12.5, 2, 2, 0, 4000, 1, 1, 0, 8, 21.14
SGD, 1, -1, 1, -1, 128, 128, 128, 128, 0.7, 0.1, 0.1, 12.5, 12.5, 2, 2, 0, 4000, 1, 1, 0, 9, 21.21
SGD, 1, -1, 1, -1, 128, 128, 128, 128, 0.7, 0.1, 0.1, 12.5, 12.5, 2, 2, 0, 4000, 1, 1, 0, 10, 21.19
SGD, 1, -1, 1, -1, 128, 128, 128, 128, 0.7, 0.1, 0.1, 12.5, 12.5, 2, 2, 0, 4000, 1, 1, 0, 11, 21.27
SGD, 1, -1, 1, -1, 128, 128, 128, 128, 0.7, 0.1, 0.1, 12.5, 12.5, 2, 2, 0, 4000, 1, 1, 0, 12, 21.23
SGD, 1, -1, 1, -1, 128, 128, 128, 128, 0.7, 0.1, 0.1, 12.5, 12.5, 2, 2, 0, 4000, 1, 1, 0, 13, 20.77
SGD, 1, -1, 1, -1, 128, 128, 128, 128, 0.7, 0.1, 0.1, 12.5, 12.5, 2, 2, 0, 4000, 1, 1, 0, 14, 20.76
SGD, 1, -1, 1, -1, 128, 128, 128, 128, 0.7, 0.1, 0.1, 12.5, 12.5, 2, 2, 0, 4000, 1, 1, 0, 15, 21.24
SGD, 1, -1, 1, -1, 128, 128, 128, 128, 0.7, 0.1, 0.1, 12.5, 12.5, 2, 2, 0, 4000, 1, 1, 0, 16, 21.1
SGD, 1, -1, 1, -1, 128, 128, 128, 128, 0.7, 0.1, 0.1, 12.5, 12.5, 2, 2, 0, 4000, 1, 1, 0, 17, 21
SGD, 1, -1, 1, -1, 128, 128, 128, 128, 0.7, 0.1, 0.1, 12.5, 12.5, 2, 2, 0, 4000, 1, 1, 0, 18, 21.19
SGD, 1, -1, 1, -1, 128, 128, 128, 128, 0.7, 0.1, 0.1, 12.5, 12.5, 2, 2, 0, 4000, 1, 1, 0, 19, 30.04
SGD, 1, -1, 1, -1, 128, 128, 128, 128, 0.7, 0.1, 0.1, 12.5, 12.5, 2, 2, 0, 4000, 1, 1, 0, 20, 30.7
SGD, 1, -1, 1, -1, 128, 128, 128, 128, 0.6, 0.1, 0.1, 12.5, 12.5, 2, 2, 0, 4000, 1, 1, 0, 1, 11.35
SGD, 1, -1, 1, -1, 128, 128, 128, 128, 0.6, 0.1, 0.1, 12.5, 12.5, 2, 2, 0, 4000, 1, 1, 0, 2, 11.35
SGD, 1, -1, 1, -1, 128, 128, 128, 128, 0.6, 0.1, 0.1, 12.5, 12.5, 2, 2, 0, 4000, 1, 1, 0, 3, 16.05
SGD, 1, -1, 1, -1, 128, 128, 128, 128, 0.6, 0.1, 0.1, 12.5, 12.5, 2, 2, 0, 4000, 1, 1, 0, 4, 20.9
SGD, 1, -1, 1, -1, 128, 128, 128, 128, 0.6, 0.1, 0.1, 12.5, 12.5, 2, 2, 0, 4000, 1, 1, 0, 5, 9.8
SGD, 1, -1, 1, -1, 128, 128, 128, 128, 0.6, 0.1, 0.1, 12.5, 12.5, 2, 2, 0, 4000, 1, 1, 0, 6, 9.8
SGD, 1, -1, 1, -1, 128, 128, 128, 128, 0.6, 0.1, 0.1, 12.5, 12.5, 2, 2, 0, 4000, 1, 1, 0, 7, 28.14
SGD, 1, -1, 1, -1, 128, 128, 128, 128, 0.6, 0.1, 0.1, 12.5, 12.5, 2, 2, 0, 4000, 1, 1, 0, 8, 29.92
SGD, 1, -1, 1, -1, 128, 128, 128, 128, 0.6, 0.1, 0.1, 12.5, 12.5, 2, 2, 0, 4000, 1, 1, 0, 9, 29.29
SGD, 1, -1, 1, -1, 128, 128, 128, 128, 0.6, 0.1, 0.1, 12.5, 12.5, 2, 2, 0, 4000, 1, 1, 0, 10, 29.53
SGD, 1, -1, 1, -1, 128, 128, 128, 128, 0.6, 0.1, 0.1, 12.5, 12.5, 2, 2, 0, 4000, 1, 1, 0, 11, 29.1
SGD, 1, -1, 1, -1, 128, 128, 128, 128, 0.6, 0.1, 0.1, 12.5, 12.5, 2, 2, 0, 4000, 1, 1, 0, 12, 29.95
SGD, 1, -1, 1, -1, 128, 128, 128, 128, 0.6, 0.1, 0.1, 12.5, 12.5, 2, 2, 0, 4000, 1, 1, 0, 13, 30.1
SGD, 1, -1, 1, -1, 128, 128, 128, 128, 0.6, 0.1, 0.1, 12.5, 12.5, 2, 2, 0, 4000, 1, 1, 0, 14, 29.68
SGD, 1, -1, 1, -1, 128, 128, 128, 128, 0.6, 0.1, 0.1, 12.5, 12.5, 2, 2, 0, 4000, 1, 1, 0, 15, 29.61
SGD, 1, -1, 1, -1, 128, 128, 128, 128, 0.6, 0.1, 0.1, 12.5, 12.5, 2, 2, 0, 4000, 1, 1, 0, 16, 28.75
SGD, 1, -1, 1, -1, 128, 128, 128, 128, 0.6, 0.1, 0.1, 12.5, 12.5, 2, 2, 0, 4000, 1, 1, 0, 17, 29.91
SGD, 1, -1, 1, -1, 128, 128, 128, 128, 0.6, 0.1, 0.1, 12.5, 12.5, 2, 2, 0, 4000, 1, 1, 0, 18, 30.42
SGD, 1, -1, 1, -1, 128, 128, 128, 128, 0.6, 0.1, 0.1, 12.5, 12.5, 2, 2, 0, 4000, 1, 1, 0, 19, 29.66
SGD, 1, -1, 1, -1, 128, 128, 128, 128, 0.6, 0.1, 0.1, 12.5, 12.5, 2, 2, 0, 4000, 1, 1, 0, 20, 29.88
SGD, 1, -1, 1, -1, 128, 128, 128, 128, 0.6, 0.1, 0.1, 12.5, 12.5, 2, 2, 0, 4000, 1, 1, 0, 21, 29.71
SGD, 1, -1, 1, -1, 128, 128, 128, 128, 0.6, 0.1, 0.1, 12.5, 12.5, 2, 2, 0, 4000, 1, 1, 0, 22, 29.55
SGD, 1, -1, 1, -1, 128, 128, 128, 128, 0.6, 0.1, 0.1, 12.5, 12.5, 2, 2, 0, 4000, 1, 1, 0, 23, 39.03
SGD, 1, -1, 1, -1, 128, 128, 128, 128, 0.6, 0.1, 0.1, 12.5, 12.5, 2, 2, 0, 4000, 1, 1, 0, 24, 29.96
SGD, 1, -1, 1, -1, 128, 128, 128, 128, 0.6, 0.1, 0.1, 12.5, 12.5, 2, 2, 0, 4000, 1, 1, 0, 25, 29.61
SGD, 1, -1, 1, -1, 128, 128, 128, 128, 0.6, 0.1, 0.1, 12.5, 12.5, 2, 2, 0, 4000, 1, 1, 0, 26, 29.39
SGD, 1, -1, 1, -1, 128, 128, 128, 128, 0.6, 0.1, 0.1, 12.5, 12.5, 2, 2, 0, 4000, 1, 1, 0, 27, 30.13
SGD, 1, -1, 1, -1, 128, 128, 128, 128, 0.6, 0.1, 0.1, 12.5, 12.5, 2, 2, 0, 4000, 1, 1, 0, 28, 29.64
SGD, 1, -1, 1, -1, 128, 128, 128, 128, 0.6, 0.1, 0.1, 12.5, 12.5, 2, 2, 0, 4000, 1, 1, 0, 29, 30.51
SGD, 1, -1, 1, -1, 128, 128, 128, 128, 0.6, 0.1, 0.1, 12.5, 12.5, 2, 2, 0, 4000, 1, 1, 0, 30, 29.87
SGD, 1, -1, 1, -1, 128, 128, 128, 128, 0.6, 0.1, 0.1, 12.5, 12.5, 2, 2, 0, 4000, 1, 1, 0, 31, 30.07
SGD, 1, -1, 1, -1, 128, 128, 128, 128, 0.6, 0.1, 0.1, 12.5, 12.5, 2, 2, 0, 4000, 1, 1, 0, 32, 36.4
SGD, 1, -1, 1, -1, 128, 128, 128, 128, 0.6, 0.1, 0.1, 12.5, 12.5, 2, 2, 0, 4000, 1, 1, 0, 33, 43.09
SGD, 1, -1, 1, -1, 128, 128, 128, 128, 0.6, 0.1, 0.1, 12.5, 12.5, 2, 2, 0, 4000, 1, 1, 0, 34, 30.02
SGD, 1, -1, 1, -1, 128, 128, 128, 128, 0.6, 0.1, 0.1, 12.5, 12.5, 2, 2, 0, 4000, 1, 1, 0, 35, 29.16
SGD, 1, -1, 1, -1, 128, 128, 128, 128, 0.6, 0.1, 0.1, 12.5, 12.5, 2, 2, 0, 4000, 1, 1, 0, 36, 29.82
SGD, 1, -1, 1, -1, 128, 128, 128, 128, 0.6, 0.1, 0.1, 12.5, 12.5, 2, 2, 0, 4000, 1, 1, 0, 37, 31.89
SGD, 1, -1, 1, -1, 128, 128, 128, 128, 0.6, 0.1, 0.1, 12.5, 12.5, 2, 2, 0, 4000, 1, 1, 0, 38, 37.17
SGD, 1, -1, 1, -1, 128, 128, 128, 128, 0.6, 0.1, 0.1, 12.5, 12.5, 2, 2, 0, 4000, 1, 1, 0, 39, 28.06
SGD, 1, -1, 1, -1, 128, 128, 128, 128, 0.6, 0.1, 0.1, 12.5, 12.5, 2, 2, 0, 4000, 1, 1, 0, 40, 32.76
SGD, 1, -1, 1, -1, 128, 128, 128, 128, 0.6, 0.1, 0.1, 12.5, 12.5, 2, 2, 0, 4000, 1, 1, 0, 41, 29.24
SGD, 1, -1, 1, -1, 128, 128, 128, 128, 0.6, 0.1, 0.1, 12.5, 12.5, 2, 2, 0, 4000, 1, 1, 0, 42, 28.21
SGD, 1, -1, 1, -1, 128, 128, 128, 128, 0.6, 0.1, 0.1, 12.5, 12.5, 2, 2, 0, 4000, 1, 1, 0, 43, 32.11
SGD, 1, -1, 1, -1, 128, 128, 128, 128, 0.6, 0.1, 0.1, 12.5, 12.5, 2, 2, 0, 4000, 1, 1, 0, 44, 29.98
SGD, 1, -1, 1, -1, 128, 128, 128, 128, 0.6, 0.1, 0.1, 12.5, 12.5, 2, 2, 0, 4000, 1, 1, 0, 45, 30.16
SGD, 1, -1, 1, -1, 128, 128, 128, 128, 0.6, 0.1, 0.1, 12.5, 12.5, 2, 2, 0, 4000, 1, 1, 0, 46, 27.91
SGD, 1, -1, 1, -1, 128, 128, 128, 128, 0.6, 0.1, 0.1, 12.5, 12.5, 2, 2, 0, 4000, 1, 1, 0, 47, 34.88
SGD, 1, -1, 1, -1, 128, 128, 128, 128, 0.6, 0.1, 0.1, 12.5, 12.5, 2, 2, 0, 4000, 1, 1, 0, 48, 29.34
SGD, 1, -1, 1, -1, 128, 128, 128, 128, 0.6, 0.1, 0.1, 12.5, 12.5, 2, 2, 0, 4000, 1, 1, 0, 49, 30.23
SGD, 1, -1, 1, -1, 128, 128, 128, 128, 0.6, 0.1, 0.1, 12.5, 12.5, 2, 2, 0, 4000, 1, 1, 0, 50, 29.58
SGD, 1, -1, 1, -1, 128, 128, 128, 128, 0.6, 0.1, 0.1, 12.5, 12.5, 2, 2, 0, 4000, 1, 1, 0, 51, 29.07
SGD, 1, -1, 1, -1, 128, 128, 128, 128, 0.6, 0.1, 0.1, 12.5, 12.5, 2, 2, 0, 4000, 1, 1, 0, 52, 28.91
SGD, 1, -1, 1, -1, 128, 128, 128, 128, 0.6, 0.1, 0.1, 12.5, 12.5, 2, 2, 0, 4000, 1, 1, 0, 53, 29.66
SGD, 1, -1, 1, -1, 128, 128, 128, 128, 0.6, 0.1, 0.1, 12.5, 12.5, 2, 2, 0, 4000, 1, 1, 0, 54, 37.99
SGD, 1, -1, 1, -1, 128, 128, 128, 128, 0.6, 0.1, 0.1, 12.5, 12.5, 2, 2, 0, 4000, 1, 1, 0, 55, 33.26
SGD, 1, -1, 1, -1, 128, 128, 128, 128, 0.6, 0.1, 0.1, 12.5, 12.5, 2, 2, 0, 4000, 1, 1, 0, 56, 29.92
SGD, 1, -1, 1, -1, 128, 128, 128, 128, 0.6, 0.1, 0.1, 12.5, 12.5, 2, 2, 0, 4000, 1, 1, 0, 57, 29.36
SGD, 1, -1, 1, -1, 128, 128, 128, 128, 0.6, 0.1, 0.1, 12.5, 12.5, 2, 2, 0, 4000, 1, 1, 0, 58, 40.61
SGD, 1, -1, 1, -1, 128, 128, 128, 128, 0.6, 0.1, 0.1, 12.5, 12.5, 2, 2, 0, 4000, 1, 1, 0, 59, 31.81
SGD, 1, -1, 1, -1, 128, 128, 128, 128, 0.6, 0.1, 0.1, 12.5, 12.5, 2, 2, 0, 4000, 1, 1, 0, 60, 35.47
SGD, 1, -1, 1, -1, 128, 128, 128, 128, 0.6, 0.1, 0.1, 12.5, 12.5, 2, 2, 0, 4000, 1, 1, 0, 61, 36.31
SGD, 1, -1, 1, -1, 128, 128, 128, 128, 0.6, 0.1, 0.1, 12.5, 12.5, 2, 2, 0, 4000, 1, 1, 0, 62, 37.12
SGD, 1, -1, 1, -1, 128, 128, 128, 128, 0.6, 0.1, 0.1, 12.5, 12.5, 2, 2, 0, 4000, 1, 1, 0, 63, 29.35
SGD, 1, -1, 1, -1, 128, 128, 128, 128, 0.6, 0.1, 0.1, 12.5, 12.5, 2, 2, 0, 4000, 1, 1, 0, 64, 32.05
SGD, 1, -1, 1, -1, 128, 128, 128, 128, 0.6, 0.1, 0.1, 12.5, 12.5, 2, 2, 0, 4000, 1, 1, 0, 65, 29.27
SGD, 1, -1, 1, -1, 128, 128, 128, 128, 0.6, 0.1, 0.1, 12.5, 12.5, 2, 2, 0, 4000, 1, 1, 0, 66, 43.26
SGD, 1, -1, 1, -1, 128, 128, 128, 128, 0.6, 0.1, 0.1, 12.5, 12.5, 2, 2, 0, 4000, 1, 1, 0, 67, 34.75
SGD, 1, -1, 1, -1, 128, 128, 128, 128, 0.6, 0.1, 0.1, 12.5, 12.5, 2, 2, 0, 4000, 1, 1, 0, 68, 27.27
SGD, 1, -1, 1, -1, 128, 128, 128, 128, 0.6, 0.1, 0.1, 12.5, 12.5, 2, 2, 0, 4000, 1, 1, 0, 69, 28.91
SGD, 1, -1, 1, -1, 128, 128, 128, 128, 0.6, 0.1, 0.1, 12.5, 12.5, 2, 2, 0, 4000, 1, 1, 0, 70, 30.56
SGD, 1, -1, 1, -1, 128, 128, 128, 128, 0.6, 0.1, 0.1, 12.5, 12.5, 2, 2, 0, 4000, 1, 1, 0, 71, 29.45
SGD, 1, -1, 1, -1, 128, 128, 128, 128, 0.6, 0.1, 0.1, 12.5, 12.5, 2, 2, 0, 4000, 1, 1, 0, 72, 29.32
SGD, 1, -1, 1, -1, 128, 128, 128, 128, 0.6, 0.1, 0.1, 12.5, 12.5, 2, 2, 0, 4000, 1, 1, 0, 73, 30.94
SGD, 1, -1, 1, -1, 128, 128, 128, 128, 0.6, 0.1, 0.1, 12.5, 12.5, 2, 2, 0, 4000, 1, 1, 0, 74, 32.89
SGD, 1, -1, 1, -1, 128, 128, 128, 128, 0.6, 0.1, 0.1, 12.5, 12.5, 2, 2, 0, 4000, 1, 1, 0, 75, 29.14
SGD, 1, -1, 1, -1, 128, 128, 128, 128, 0.6, 0.1, 0.1, 12.5, 12.5, 2, 2, 0, 4000, 1, 1, 0, 76, 29.77
SGD, 1, -1, 1, -1, 128, 128, 128, 128, 0.6, 0.1, 0.1, 12.5, 12.5, 2, 2, 0, 4000, 1, 1, 0, 77, 30.3
SGD, 1, -1, 1, -1, 128, 128, 128, 128, 0.6, 0.1, 0.1, 12.5, 12.5, 2, 2, 0, 4000, 1, 1, 0, 78, 26.68
SGD, 1, -1, 1, -1, 128, 128, 128, 128, 0.6, 0.1, 0.1, 12.5, 12.5, 2, 2, 0, 4000, 1, 1, 0, 79, 29.62
SGD, 1, -1, 1, -1, 128, 128, 128, 128, 0.6, 0.1, 0.1, 12.5, 12.5, 2, 2, 0, 4000, 1, 1, 0, 80, 29.38
SGD, 1, -1, 1, -1, 128, 128, 128, 128, 0.6, 0.1, 0.1, 12.5, 12.5, 2, 2, 0, 4000, 1, 1, 0, 81, 29.66
SGD, 1, -1, 1, -1, 128, 128, 128, 128, 0.6, 0.1, 0.1, 12.5, 12.5, 2, 2, 0, 4000, 1, 1, 0, 82, 40.72
SGD, 1, -1, 1, -1, 128, 128, 128, 128, 0.6, 0.1, 0.1, 12.5, 12.5, 2, 2, 0, 4000, 1, 1, 0, 83, 29.11
SGD, 1, -1, 1, -1, 128, 128, 128, 128, 0.6, 0.1, 0.1, 12.5, 12.5, 2, 2, 0, 4000, 1, 1, 0, 84, 29.3
SGD, 1, -1, 1, -1, 128, 128, 128, 128, 0.6, 0.1, 0.1, 12.5, 12.5, 2, 2, 0, 4000, 1, 1, 0, 85, 29.45
SGD, 1, -1, 1, -1, 128, 128, 128, 128, 0.6, 0.1, 0.1, 12.5, 12.5, 2, 2, 0, 4000, 1, 1, 0, 86, 33.01
SGD, 1, -1, 1, -1, 128, 128, 128, 128, 0.6, 0.1, 0.1, 12.5, 12.5, 2, 2, 0, 4000, 1, 1, 0, 87, 29.94
SGD, 1, -1, 1, -1, 128, 128, 128, 128, 0.6, 0.1, 0.1, 12.5, 12.5, 2, 2, 0, 4000, 1, 1, 0, 88, 28.68
SGD, 1, -1, 1, -1, 128, 128, 128, 128, 0.6, 0.1, 0.1, 12.5, 12.5, 2, 2, 0, 4000, 1, 1, 0, 89, 27.42
SGD, 1, -1, 1, -1, 128, 128, 128, 128, 0.6, 0.1, 0.1, 12.5, 12.5, 2, 2, 0, 4000, 1, 1, 0, 90, 29.48
SGD, 1, -1, 1, -1, 128, 128, 128, 128, 0.6, 0.1, 0.1, 12.5, 12.5, 2, 2, 0, 4000, 1, 1, 0, 91, 36.86
SGD, 1, -1, 1, -1, 128, 128, 128, 128, 0.6, 0.1, 0.1, 12.5, 12.5, 2, 2, 0, 4000, 1, 1, 0, 92, 35.69
SGD, 1, -1, 1, -1, 128, 128, 128, 128, 0.6, 0.1, 0.1, 12.5, 12.5, 2, 2, 0, 4000, 1, 1, 0, 93, 35.28
SGD, 1, -1, 1, -1, 128, 128, 128, 128, 0.6, 0.1, 0.1, 12.5, 12.5, 2, 2, 0, 4000, 1, 1, 0, 94, 39.73
SGD, 1, -1, 1, -1, 128, 128, 128, 128, 0.6, 0.1, 0.1, 12.5, 12.5, 2, 2, 0, 4000, 1, 1, 0, 95, 42.12
SGD, 1, -1, 1, -1, 128, 128, 128, 128, 0.6, 0.1, 0.1, 12.5, 12.5, 2, 2, 0, 4000, 1, 1, 0, 96, 34.66
SGD, 1, -1, 1, -1, 128, 128, 128, 128, 0.6, 0.1, 0.1, 12.5, 12.5, 2, 2, 0, 4000, 1, 1, 0, 97, 30.48
SGD, 1, -1, 1, -1, 128, 128, 128, 128, 0.6, 0.1, 0.1, 12.5, 12.5, 2, 2, 0, 4000, 1, 1, 0, 98, 37.6
SGD, 1, -1, 1, -1, 128, 128, 128, 128, 0.6, 0.1, 0.1, 12.5, 12.5, 2, 2, 0, 4000, 1, 1, 0, 99, 39.65
SGD, 1, -1, 1, -1, 128, 128, 128, 128, 0.6, 0.1, 0.1, 12.5, 12.5, 2, 2, 0, 4000, 1, 1, 0, 100, 30.69
SGD, 1, -1, 1, -1, 128, 128, 128, 128, 0.6, 0.1, 0.1, 12.5, 12.5, 2, 2, 0, 4000, 1, 1, 0, 101, 31.3
SGD, 1, -1, 1, -1, 128, 128, 128, 128, 0.6, 0.1, 0.1, 12.5, 12.5, 2, 2, 0, 4000, 1, 1, 0, 102, 32.46
SGD, 1, -1, 1, -1, 128, 128, 128, 128, 0.6, 0.1, 0.1, 12.5, 12.5, 2, 2, 0, 4000, 1, 1, 0, 103, 33.26
SGD, 1, -1, 1, -1, 128, 128, 128, 128, 0.6, 0.1, 0.1, 12.5, 12.5, 2, 2, 0, 4000, 1, 1, 0, 104, 30.06
SGD, 1, -1, 1, -1, 128, 128, 128, 128, 0.6, 0.1, 0.1, 12.5, 12.5, 2, 2, 0, 4000, 1, 1, 0, 105, 39.17
SGD, 1, -1, 1, -1, 128, 128, 128, 128, 0.6, 0.1, 0.1, 12.5, 12.5, 2, 2, 0, 4000, 1, 1, 0, 106, 38.71
SGD, 1, -1, 1, -1, 128, 128, 128, 128, 0.6, 0.1, 0.1, 12.5, 12.5, 2, 2, 0, 4000, 1, 1, 0, 107, 33.54
SGD, 1, -1, 1, -1, 128, 128, 128, 128, 0.6, 0.1, 0.1, 12.5, 12.5, 2, 2, 0, 4000, 1, 1, 0, 108, 34
SGD, 1, -1, 1, -1, 128, 128, 128, 128, 0.6, 0.1, 0.1, 12.5, 12.5, 2, 2, 0, 4000, 1, 1, 0, 109, 33.55
SGD, 1, -1, 1, -1, 128, 128, 128, 128, 0.6, 0.1, 0.1, 12.5, 12.5, 2, 2, 0, 4000, 1, 1, 0, 110, 30.21
SGD, 1, -1, 1, -1, 128, 128, 128, 128, 0.6, 0.1, 0.1, 12.5, 12.5, 2, 2, 0, 4000, 1, 1, 0, 111, 30.11
SGD, 1, -1, 1, -1, 128, 128, 128, 128, 0.6, 0.1, 0.1, 12.5, 12.5, 2, 2, 0, 4000, 1, 1, 0, 112, 29.09
SGD, 1, -1, 1, -1, 128, 128, 128, 128, 0.6, 0.1, 0.1, 12.5, 12.5, 2, 2, 0, 4000, 1, 1, 0, 113, 37.04
SGD, 1, -1, 1, -1, 128, 128, 128, 128, 0.6, 0.1, 0.1, 12.5, 12.5, 2, 2, 0, 4000, 1, 1, 0, 114, 28.78
SGD, 1, -1, 1, -1, 128, 128, 128, 128, 0.6, 0.1, 0.1, 12.5, 12.5, 2, 2, 0, 4000, 1, 1, 0, 115, 40.78
SGD, 1, -1, 1, -1, 128, 128, 128, 128, 0.6, 0.1, 0.1, 12.5, 12.5, 2, 2, 0, 4000, 1, 1, 0, 116, 37.55
SGD, 1, -1, 1, -1, 128, 128, 128, 128, 0.6, 0.1, 0.1, 12.5, 12.5, 2, 2, 0, 4000, 1, 1, 0, 117, 36.66
SGD, 1, -1, 1, -1, 128, 128, 128, 128, 0.6, 0.1, 0.1, 12.5, 12.5, 2, 2, 0, 4000, 1, 1, 0, 118, 31.53
SGD, 1, -1, 1, -1, 128, 128, 128, 128, 0.6, 0.1, 0.1, 12.5, 12.5, 2, 2, 0, 4000, 1, 1, 0, 119, 33.07
SGD, 1, -1, 1, -1, 128, 128, 128, 128, 0.6, 0.1, 0.1, 12.5, 12.5, 2, 2, 0, 4000, 1, 1, 0, 120, 28.68
SGD, 1, -1, 1, -1, 128, 128, 128, 128, 0.6, 0.1, 0.1, 12.5, 12.5, 2, 2, 0, 4000, 1, 1, 0, 121, 37.15
SGD, 1, -1, 1, -1, 128, 128, 128, 128, 0.6, 0.1, 0.1, 12.5, 12.5, 2, 2, 0, 4000, 1, 1, 0, 122, 29.84
SGD, 1, -1, 1, -1, 128, 128, 128, 128, 0.6, 0.1, 0.1, 12.5, 12.5, 2, 2, 0, 4000, 1, 1, 0, 123, 29.47
SGD, 1, -1, 1, -1, 128, 128, 128, 128, 0.6, 0.1, 0.1, 12.5, 12.5, 2, 2, 0, 4000, 1, 1, 0, 124, 30.32
SGD, 1, -1, 1, -1, 128, 128, 128, 128, 0.6, 0.1, 0.1, 12.5, 12.5, 2, 2, 0, 4000, 1, 1, 0, 125, 29.22
SGD, 1, -1, 1, -1, 128, 8, 128, 8, 0.4, 0.4, 0.4, 12.5, 12.5, 16, 16, 1, 4000, 1, 1, 0, 1, 12.05
SGD, 1, -1, 1, -1, 128, 8, 128, 8, 0.4, 0.4, 0.4, 12.5, 12.5, 16, 16, 1, 4000, 1, 1, 0, 2, 19.69
SGD, 1, -1, 1, -1, 128, 8, 128, 8, 0.4, 0.4, 0.4, 12.5, 12.5, 16, 16, 1, 4000, 1, 1, 0, 3, 19.7
SGD, 1, -1, 1, -1, 128, 8, 128, 8, 0.4, 0.4, 0.4, 12.5, 12.5, 16, 16, 1, 4000, 1, 1, 0, 4, 20.65
SGD, 1, -1, 1, -1, 128, 8, 128, 8, 0.4, 0.4, 0.4, 12.5, 12.5, 16, 16, 1, 4000, 1, 1, 0, 5, 20.41
SGD, 1, -1, 1, -1, 128, 8, 128, 8, 0.4, 0.4, 0.4, 12.5, 12.5, 16, 16, 1, 4000, 1, 1, 0, 6, 24.67
SGD, 1, -1, 1, -1, 128, 8, 128, 8, 0.4, 0.4, 0.4, 12.5, 12.5, 16, 16, 1, 4000, 1, 1, 0, 7, 30.8
SGD, 1, -1, 1, -1, 128, 8, 128, 8, 0.4, 0.4, 0.4, 12.5, 12.5, 16, 16, 1, 4000, 1, 1, 0, 8, 31.51
SGD, 1, -1, 1, -1, 128, 8, 128, 8, 0.4, 0.4, 0.4, 12.5, 12.5, 16, 16, 1, 4000, 1, 1, 0, 9, 37.22
SGD, 1, -1, 1, -1, 128, 8, 128, 8, 0.4, 0.4, 0.4, 12.5, 12.5, 16, 16, 1, 4000, 1, 1, 0, 10, 53.69
SGD, 1, -1, 1, -1, 128, 8, 128, 8, 0.4, 0.4, 0.4, 12.5, 12.5, 16, 16, 1, 4000, 1, 1, 0, 11, 55.32
SGD, 1, -1, 1, -1, 128, 8, 128, 8, 0.4, 0.4, 0.4, 12.5, 12.5, 16, 16, 1, 4000, 1, 1, 0, 12, 55.19
SGD, 1, -1, 1, -1, 128, 8, 128, 8, 0.4, 0.4, 0.4, 12.5, 12.5, 16, 16, 1, 4000, 1, 1, 0, 13, 29.09
SGD, 1, -1, 1, -1, 128, 8, 128, 8, 0.4, 0.4, 0.4, 12.5, 12.5, 16, 16, 1, 4000, 1, 1, 0, 14, 24.72
SGD, 1, -1, 1, -1, 128, 8, 128, 8, 0.4, 0.4, 0.4, 12.5, 12.5, 16, 16, 1, 4000, 1, 1, 0, 15, 43.46
SGD, 1, -1, 1, -1, 128, 8, 128, 8, 0.4, 0.4, 0.4, 12.5, 12.5, 16, 16, 1, 4000, 1, 1, 0, 16, 63.84
SGD, 1, -1, 1, -1, 128, 8, 128, 8, 0.4, 0.4, 0.4, 12.5, 12.5, 16, 16, 1, 4000, 1, 1, 0, 17, 67.79
SGD, 1, -1, 1, -1, 128, 8, 128, 8, 0.4, 0.4, 0.4, 12.5, 12.5, 16, 16, 1, 4000, 1, 1, 0, 18, 68.15
SGD, 1, -1, 1, -1, 128, 8, 128, 8, 0.4, 0.4, 0.4, 12.5, 12.5, 16, 16, 1, 4000, 1, 1, 0, 19, 70.19
SGD, 1, -1, 1, -1, 128, 8, 128, 8, 0.4, 0.4, 0.4, 12.5, 12.5, 16, 16, 1, 4000, 1, 1, 0, 20, 68.06
SGD, 1, -1, 1, -1, 128, 8, 128, 8, 0.4, 0.4, 0.4, 12.5, 12.5, 16, 16, 1, 4000, 1, 1, 0, 21, 72.02
SGD, 1, -1, 1, -1, 128, 8, 128, 8, 0.4, 0.4, 0.4, 12.5, 12.5, 16, 16, 1, 4000, 1, 1, 0, 22, 76.74
SGD, 1, -1, 1, -1, 128, 8, 128, 8, 0.4, 0.4, 0.4, 12.5, 12.5, 16, 16, 1, 4000, 1, 1, 0, 23, 80.26
SGD, 1, -1, 1, -1, 128, 8, 128, 8, 0.4, 0.4, 0.4, 12.5, 12.5, 16, 16, 1, 4000, 1, 1, 0, 24, 77.91
SGD, 1, -1, 1, -1, 128, 8, 128, 8, 0.4, 0.4, 0.4, 12.5, 12.5, 16, 16, 1, 4000, 1, 1, 0, 25, 75.69
SGD, 1, -1, 1, -1, 128, 8, 128, 8, 0.4, 0.4, 0.4, 12.5, 12.5, 16, 16, 1, 4000, 1, 1, 0, 26, 75.11
SGD, 1, -1, 1, -1, 128, 8, 128, 8, 0.4, 0.4, 0.4, 12.5, 12.5, 16, 16, 1, 4000, 1, 1, 0, 27, 76.86
SGD, 1, -1, 1, -1, 128, 8, 128, 8, 0.4, 0.4, 0.4, 12.5, 12.5, 16, 16, 1, 4000, 1, 1, 0, 28, 78.95
SGD, 1, -1, 1, -1, 128, 8, 128, 8, 0.4, 0.4, 0.4, 12.5, 12.5, 16, 16, 1, 4000, 1, 1, 0, 29, 73.04
SGD, 1, -1, 1, -1, 128, 8, 128, 8, 0.4, 0.4, 0.4, 12.5, 12.5, 16, 16, 1, 4000, 1, 1, 0, 30, 78.52
SGD, 1, -1, 1, -1, 128, 8, 128, 8, 0.4, 0.4, 0.4, 12.5, 12.5, 16, 16, 1, 4000, 1, 1, 0, 31, 78.52
SGD, 1, -1, 1, -1, 128, 8, 128, 8, 0.4, 0.4, 0.4, 12.5, 12.5, 16, 16, 1, 4000, 1, 1, 0, 32, 87.94
SGD, 1, -1, 1, -1, 128, 8, 128, 8, 0.4, 0.4, 0.4, 12.5, 12.5, 16, 16, 1, 4000, 1, 1, 0, 33, 90.15
SGD, 1, -1, 1, -1, 128, 8, 128, 8, 0.4, 0.4, 0.4, 12.5, 12.5, 16, 16, 1, 4000, 1, 1, 0, 34, 85.85
SGD, 1, -1, 1, -1, 128, 8, 128, 8, 0.4, 0.4, 0.4, 12.5, 12.5, 16, 16, 1, 4000, 1, 1, 0, 35, 86.57
SGD, 1, -1, 1, -1, 128, 8, 128, 8, 0.4, 0.4, 0.4, 12.5, 12.5, 16, 16, 1, 4000, 1, 1, 0, 36, 88.58
SGD, 1, -1, 1, -1, 128, 8, 128, 8, 0.4, 0.4, 0.4, 12.5, 12.5, 16, 16, 1, 4000, 1, 1, 0, 37, 84.98
SGD, 1, -1, 1, -1, 128, 8, 128, 8, 0.4, 0.4, 0.4, 12.5, 12.5, 16, 16, 1, 4000, 1, 1, 0, 38, 90.38
SGD, 1, -1, 1, -1, 128, 8, 128, 8, 0.4, 0.4, 0.4, 12.5, 12.5, 16, 16, 1, 4000, 1, 1, 0, 39, 90.7
SGD, 1, -1, 1, -1, 128, 8, 128, 8, 0.4, 0.4, 0.4, 12.5, 12.5, 16, 16, 1, 4000, 1, 1, 0, 40, 89.61
SGD, 1, -1, 1, -1, 128, 8, 128, 8, 0.4, 0.4, 0.4, 12.5, 12.5, 16, 16, 1, 4000, 1, 1, 0, 41, 87.72
SGD, 1, -1, 1, -1, 128, 8, 128, 8, 0.4, 0.4, 0.4, 12.5, 12.5, 16, 16, 1, 4000, 1, 1, 0, 42, 88.31
SGD, 1, -1, 1, -1, 128, 8, 128, 8, 0.4, 0.4, 0.4, 12.5, 12.5, 16, 16, 1, 4000, 1, 1, 0, 43, 87.56
SGD, 1, -1, 1, -1, 128, 8, 128, 8, 0.4, 0.4, 0.4, 12.5, 12.5, 16, 16, 1, 4000, 1, 1, 0, 44, 87.31
SGD, 1, -1, 1, -1, 128, 8, 128, 8, 0.4, 0.4, 0.4, 12.5, 12.5, 16, 16, 1, 4000, 1, 1, 0, 45, 88.65
SGD, 1, -1, 1, -1, 128, 8, 128, 8, 0.4, 0.4, 0.4, 12.5, 12.5, 16, 16, 1, 4000, 1, 1, 0, 46, 88.18
SGD, 1, -1, 1, -1, 128, 8, 128, 8, 0.4, 0.4, 0.4, 12.5, 12.5, 16, 16, 1, 4000, 1, 1, 0, 47, 88.86
SGD, 1, -1, 1, -1, 128, 8, 128, 8, 0.4, 0.4, 0.4, 12.5, 12.5, 16, 16, 1, 4000, 1, 1, 0, 48, 89.48
SGD, 1, -1, 1, -1, 128, 8, 128, 8, 0.4, 0.4, 0.4, 12.5, 12.5, 16, 16, 1, 4000, 1, 1, 0, 49, 88.31
SGD, 1, -1, 1, -1, 128, 8, 128, 8, 0.4, 0.4, 0.4, 12.5, 12.5, 16, 16, 1, 4000, 1, 1, 0, 50, 89.53
SGD, 1, -1, 1, -1, 128, 8, 128, 8, 0.4, 0.4, 0.4, 12.5, 12.5, 16, 16, 1, 4000, 1, 1, 0, 51, 91.3
SGD, 1, -1, 1, -1, 128, 8, 128, 8, 0.4, 0.4, 0.4, 12.5, 12.5, 16, 16, 1, 4000, 1, 1, 0, 52, 90.3
SGD, 1, -1, 1, -1, 128, 8, 128, 8, 0.4, 0.4, 0.4, 12.5, 12.5, 16, 16, 1, 4000, 1, 1, 0, 53, 89.53
SGD, 1, -1, 1, -1, 128, 8, 128, 8, 0.4, 0.4, 0.4, 12.5, 12.5, 16, 16, 1, 4000, 1, 1, 0, 54, 88.68
SGD, 1, -1, 1, -1, 128, 8, 128, 8, 0.4, 0.4, 0.4, 12.5, 12.5, 16, 16, 1, 4000, 1, 1, 0, 55, 91.18
SGD, 1, -1, 1, -1, 128, 8, 128, 8, 0.4, 0.4, 0.4, 12.5, 12.5, 16, 16, 1, 4000, 1, 1, 0, 56, 88.58
SGD, 1, -1, 1, -1, 128, 8, 128, 8, 0.4, 0.4, 0.4, 12.5, 12.5, 16, 16, 1, 4000, 1, 1, 0, 57, 90.26
SGD, 1, -1, 1, -1, 128, 8, 128, 8, 0.4, 0.4, 0.4, 12.5, 12.5, 16, 16, 1, 4000, 1, 1, 0, 58, 89.43
SGD, 1, -1, 1, -1, 128, 8, 128, 8, 0.4, 0.4, 0.4, 12.5, 12.5, 16, 16, 1, 4000, 1, 1, 0, 59, 90.86
SGD, 1, -1, 1, -1, 128, 8, 128, 8, 0.4, 0.4, 0.4, 12.5, 12.5, 16, 16, 1, 4000, 1, 1, 0, 60, 90.09
SGD, 1, -1, 1, -1, 128, 8, 128, 8, 0.4, 0.4, 0.4, 12.5, 12.5, 16, 16, 1, 4000, 1, 1, 0, 61, 89.26
SGD, 1, -1, 1, -1, 128, 8, 128, 8, 0.4, 0.4, 0.4, 12.5, 12.5, 16, 16, 1, 4000, 1, 1, 0, 62, 87.74
SGD, 1, -1, 1, -1, 128, 8, 128, 8, 0.4, 0.4, 0.4, 12.5, 12.5, 16, 16, 1, 4000, 1, 1, 0, 63, 90.17
SGD, 1, -1, 1, -1, 128, 8, 128, 8, 0.4, 0.4, 0.4, 12.5, 12.5, 20, 20, 1, 4000, 1, 1, 0, 1, 11.48
SGD, 1, -1, 1, -1, 128, 8, 128, 8, 0.4, 0.4, 0.4, 12.5, 12.5, 20, 20, 1, 4000, 1, 1, 0, 2, 19.1
SGD, 1, -1, 1, -1, 128, 8, 128, 8, 0.4, 0.4, 0.4, 12.5, 12.5, 20, 20, 1, 4000, 1, 1, 0, 3, 20.39
SGD, 1, -1, 1, -1, 128, 8, 128, 8, 0.4, 0.4, 0.4, 12.5, 12.5, 20, 20, 1, 4000, 1, 1, 0, 4, 20.53
SGD, 1, -1, 1, -1, 128, 8, 128, 8, 0.4, 0.4, 0.4, 12.5, 12.5, 20, 20, 1, 4000, 1, 1, 0, 5, 20.45
SGD, 1, -1, 1, -1, 128, 8, 128, 8, 0.4, 0.4, 0.4, 12.5, 12.5, 20, 20, 1, 4000, 1, 1, 0, 6, 30.48
SGD, 1, -1, 1, -1, 128, 8, 128, 8, 0.4, 0.4, 0.4, 12.5, 12.5, 20, 20, 1, 4000, 1, 1, 0, 7, 52.92
SGD, 1, -1, 1, -1, 128, 8, 128, 8, 0.4, 0.4, 0.4, 12.5, 12.5, 20, 20, 1, 4000, 1, 1, 0, 8, 56.87
SGD, 1, -1, 1, -1, 128, 8, 128, 8, 0.4, 0.4, 0.4, 12.5, 12.5, 20, 20, 1, 4000, 1, 1, 0, 9, 57.16
SGD, 1, -1, 1, -1, 128, 8, 128, 8, 0.4, 0.4, 0.4, 12.5, 12.5, 20, 20, 1, 4000, 1, 1, 0, 10, 57.79
SGD, 1, -1, 1, -1, 128, 8, 128, 8, 0.4, 0.4, 0.4, 12.5, 12.5, 20, 20, 1, 4000, 1, 1, 0, 11, 57.37
SGD, 1, -1, 1, -1, 128, 8, 128, 8, 0.4, 0.4, 0.4, 12.5, 12.5, 20, 20, 1, 4000, 1, 1, 0, 12, 58.06
SGD, 1, -1, 1, -1, 128, 8, 128, 8, 0.4, 0.4, 0.4, 12.5, 12.5, 20, 20, 1, 4000, 1, 1, 0, 13, 62.47
SGD, 1, -1, 1, -1, 128, 8, 128, 8, 0.4, 0.4, 0.4, 12.5, 12.5, 20, 20, 1, 4000, 1, 1, 0, 14, 65.56
SGD, 1, -1, 1, -1, 128, 8, 128, 8, 0.4, 0.4, 0.4, 12.5, 12.5, 20, 20, 1, 4000, 1, 1, 0, 15, 40.37
SGD, 1, -1, 1, -1, 128, 8, 128, 8, 0.4, 0.4, 0.4, 12.5, 12.5, 20, 20, 1, 4000, 1, 1, 0, 16, 42.84
SGD, 1, -1, 1, -1, 128, 8, 128, 8, 0.4, 0.4, 0.4, 12.5, 12.5, 20, 20, 1, 4000, 1, 1, 0, 17, 66.82
SGD, 1, -1, 1, -1, 128, 8, 128, 8, 0.4, 0.4, 0.4, 12.5, 12.5, 20, 20, 1, 4000, 1, 1, 0, 18, 67.22
SGD, 1, -1, 1, -1, 128, 8, 128, 8, 0.4, 0.4, 0.4, 12.5, 12.5, 20, 20, 1, 4000, 1, 1, 0, 19, 72.29
SGD, 1, -1, 1, -1, 128, 8, 128, 8, 0.4, 0.4, 0.4, 12.5, 12.5, 20, 20, 1, 4000, 1, 1, 0, 20, 73.6
SGD, 1, -1, 1, -1, 128, 8, 128, 8, 0.4, 0.4, 0.4, 12.5, 12.5, 20, 20, 1, 4000, 1, 1, 0, 21, 76.19
SGD, 1, -1, 1, -1, 128, 8, 128, 8, 0.4, 0.4, 0.4, 12.5, 12.5, 20, 20, 1, 4000, 1, 1, 0, 22, 75.91
SGD, 1, -1, 1, -1, 128, 8, 128, 8, 0.4, 0.4, 0.4, 12.5, 12.5, 20, 20, 1, 4000, 1, 1, 0, 23, 79.49
SGD, 1, -1, 1, -1, 128, 8, 128, 8, 0.4, 0.4, 0.4, 12.5, 12.5, 20, 20, 1, 4000, 1, 1, 0, 24, 75.32
SGD, 1, -1, 1, -1, 128, 8, 128, 8, 0.4, 0.4, 0.4, 12.5, 12.5, 20, 20, 1, 4000, 1, 1, 0, 25, 75.56
SGD, 1, -1, 1, -1, 128, 8, 128, 8, 0.4, 0.4, 0.4, 12.5, 12.5, 20, 20, 1, 4000, 1, 1, 0, 26, 73.65
SGD, 1, -1, 1, -1, 128, 8, 128, 8, 0.4, 0.4, 0.4, 12.5, 12.5, 20, 20, 1, 4000, 1, 1, 0, 27, 77
SGD, 1, -1, 1, -1, 128, 8, 128, 8, 0.4, 0.4, 0.4, 12.5, 12.5, 20, 20, 1, 4000, 1, 1, 0, 28, 79.61
SGD, 1, -1, 1, -1, 128, 8, 128, 8, 0.4, 0.4, 0.4, 12.5, 12.5, 20, 20, 1, 4000, 1, 1, 0, 29, 75.58
SGD, 1, -1, 1, -1, 128, 8, 128, 8, 0.4, 0.4, 0.4, 12.5, 12.5, 20, 20, 1, 4000, 1, 1, 0, 30, 83.09
SGD, 1, -1, 1, -1, 128, 8, 128, 8, 0.4, 0.4, 0.4, 12.5, 12.5, 20, 20, 1, 4000, 1, 1, 0, 31, 87.34
SGD, 1, -1, 1, -1, 128, 8, 128, 8, 0.4, 0.4, 0.4, 12.5, 12.5, 20, 20, 1, 4000, 1, 1, 0, 32, 83.28
SGD, 1, -1, 1, -1, 128, 8, 128, 8, 0.4, 0.4, 0.4, 12.5, 12.5, 20, 20, 1, 4000, 1, 1, 0, 33, 87.94
SGD, 1, -1, 1, -1, 128, 8, 128, 8, 0.4, 0.4, 0.4, 12.5, 12.5, 20, 20, 1, 4000, 1, 1, 0, 34, 86.43
SGD, 1, -1, 1, -1, 128, 8, 128, 8, 0.4, 0.4, 0.4, 12.5, 12.5, 20, 20, 1, 4000, 1, 1, 0, 35, 85.33
SGD, 1, -1, 1, -1, 128, 8, 128, 8, 0.4, 0.4, 0.4, 12.5, 12.5, 20, 20, 1, 4000, 1, 1, 0, 36, 84.41
SGD, 1, -1, 1, -1, 128, 8, 128, 8, 0.4, 0.4, 0.4, 12.5, 12.5, 20, 20, 1, 4000, 1, 1, 0, 37, 85.97
SGD, 1, -1, 1, -1, 128, 8, 128, 8, 0.4, 0.4, 0.4, 12.5, 12.5, 20, 20, 1, 4000, 1, 1, 0, 38, 89.48
SGD, 1, -1, 1, -1, 128, 8, 128, 8, 0.4, 0.4, 0.4, 12.5, 12.5, 20, 20, 1, 4000, 1, 1, 0, 39, 86.4
SGD, 1, -1, 1, -1, 128, 8, 128, 8, 0.4, 0.4, 0.4, 12.5, 12.5, 20, 20, 1, 4000, 1, 1, 0, 40, 88.34
SGD, 1, -1, 1, -1, 128, 8, 128, 8, 0.4, 0.4, 0.4, 12.5, 12.5, 20, 20, 1, 4000, 1, 1, 0, 41, 90.06
SGD, 1, -1, 1, -1, 128, 8, 128, 8, 0.4, 0.4, 0.4, 12.5, 12.5, 20, 20, 1, 4000, 1, 1, 0, 42, 86.41
SGD, 1, -1, 1, -1, 128, 8, 128, 8, 0.4, 0.4, 0.4, 12.5, 12.5, 20, 20, 1, 4000, 1, 1, 0, 43, 86.41
SGD, 1, -1, 1, -1, 128, 8, 128, 8, 0.4, 0.4, 0.4, 12.5, 12.5, 20, 20, 1, 4000, 1, 1, 0, 44, 84.87
SGD, 1, -1, 1, -1, 128, 8, 128, 8, 0.4, 0.4, 0.4, 12.5, 12.5, 20, 20, 1, 4000, 1, 1, 0, 45, 86.71
SGD, 1, -1, 1, -1, 128, 8, 128, 8, 0.4, 0.4, 0.4, 12.5, 12.5, 20, 20, 1, 4000, 1, 1, 0, 46, 88.71
SGD, 1, -1, 1, -1, 128, 8, 128, 8, 0.4, 0.4, 0.4, 12.5, 12.5, 20, 20, 1, 4000, 1, 1, 0, 47, 89.2
SGD, 1, -1, 1, -1, 128, 8, 128, 8, 0.4, 0.4, 0.4, 12.5, 12.5, 20, 20, 1, 4000, 1, 1, 0, 48, 86.33
SGD, 1, -1, 1, -1, 128, 8, 128, 8, 0.4, 0.4, 0.4, 12.5, 12.5, 20, 20, 1, 4000, 1, 1, 0, 49, 89.91
SGD, 1, -1, 1, -1, 128, 8, 128, 8, 0.4, 0.4, 0.4, 12.5, 12.5, 20, 20, 1, 4000, 1, 1, 0, 50, 90.12
SGD, 1, -1, 1, -1, 128, 8, 128, 8, 0.4, 0.4, 0.4, 12.5, 12.5, 20, 20, 1, 4000, 1, 1, 0, 51, 90.13
SGD, 1, -1, 1, -1, 128, 8, 128, 8, 0.4, 0.4, 0.4, 12.5, 12.5, 20, 20, 1, 4000, 1, 1, 0, 52, 88.64
SGD, 1, -1, 1, -1, 128, 8, 128, 8, 0.4, 0.4, 0.4, 12.5, 12.5, 20, 20, 1, 4000, 1, 1, 0, 53, 89.9
SGD, 1, -1, 1, -1, 128, 8, 128, 8, 0.4, 0.4, 0.4, 12.5, 12.5, 20, 20, 1, 4000, 1, 1, 0, 54, 88.84
SGD, 1, -1, 1, -1, 128, 8, 128, 8, 0.4, 0.4, 0.4, 12.5, 12.5, 20, 20, 1, 4000, 1, 1, 0, 55, 91.42
SGD, 1, -1, 1, -1, 128, 8, 128, 8, 0.4, 0.4, 0.4, 12.5, 12.5, 20, 20, 1, 4000, 1, 1, 0, 56, 89.55
SGD, 1, -1, 1, -1, 128, 8, 128, 8, 0.4, 0.4, 0.4, 12.5, 12.5, 20, 20, 1, 4000, 1, 1, 0, 57, 87.63
SGD, 1, -1, 1, -1, 128, 8, 128, 8, 0.4, 0.4, 0.4, 12.5, 12.5, 20, 20, 1, 4000, 1, 1, 0, 58, 89.14
SGD, 1, -1, 1, -1, 128, 8, 128, 8, 0.4, 0.4, 0.4, 12.5, 12.5, 20, 20, 1, 4000, 1, 1, 0, 59, 89.66
SGD, 1, -1, 1, -1, 128, 8, 128, 8, 0.4, 0.4, 0.4, 12.5, 12.5, 20, 20, 1, 4000, 1, 1, 0, 60, 90.46
SGD, 1, -1, 1, -1, 128, 8, 128, 8, 0.4, 0.4, 0.4, 12.5, 12.5, 20, 20, 1, 4000, 1, 1, 0, 61, 88.85
SGD, 1, -1, 1, -1, 128, 8, 128, 8, 0.4, 0.4, 0.4, 12.5, 12.5, 20, 20, 1, 4000, 1, 1, 0, 62, 90.98
SGD, 1, -1, 1, -1, 128, 8, 128, 8, 0.4, 0.4, 0.4, 12.5, 12.5, 20, 20, 1, 4000, 1, 1, 0, 63, 89.62
SGD, 1, -1, 1, -1, 128, 8, 128, 8, 0.4, 0.4, 0.4, 12.5, 12.5, 20, 20, 1, 4000, 1, 1, 0, 64, 88.1
SGD, 1, -1, 1, -1, 128, 8, 128, 8, 0.4, 0.4, 0.4, 12.5, 12.5, 20, 20, 1, 4000, 1, 1, 0, 65, 87.98
SGD, 1, -1, 1, -1, 128, 8, 128, 8, 0.4, 0.4, 0.4, 12.5, 12.5, 25, 25, 1, 4000, 1, 1, 0, 1, 11.35
SGD, 1, -1, 1, -1, 128, 8, 128, 8, 0.4, 0.4, 0.4, 12.5, 12.5, 25, 25, 1, 4000, 1, 1, 0, 2, 19.11
SGD, 1, -1, 1, -1, 128, 8, 128, 8, 0.4, 0.4, 0.4, 12.5, 12.5, 25, 25, 1, 4000, 1, 1, 0, 3, 19.78
SGD, 1, -1, 1, -1, 128, 8, 128, 8, 0.4, 0.4, 0.4, 12.5, 12.5, 25, 25, 1, 4000, 1, 1, 0, 4, 24.26
SGD, 1, -1, 1, -1, 128, 8, 128, 8, 0.4, 0.4, 0.4, 12.5, 12.5, 25, 25, 1, 4000, 1, 1, 0, 5, 23.95
SGD, 1, -1, 1, -1, 128, 8, 128, 8, 0.4, 0.4, 0.4, 12.5, 12.5, 25, 25, 1, 4000, 1, 1, 0, 6, 28.75
SGD, 1, -1, 1, -1, 128, 8, 128, 8, 0.4, 0.4, 0.4, 12.5, 12.5, 25, 25, 1, 4000, 1, 1, 0, 7, 45.9
SGD, 1, -1, 1, -1, 128, 8, 128, 8, 0.4, 0.4, 0.4, 12.5, 12.5, 25, 25, 1, 4000, 1, 1, 0, 8, 57.51
SGD, 1, -1, 1, -1, 128, 8, 128, 8, 0.4, 0.4, 0.4, 12.5, 12.5, 25, 25, 1, 4000, 1, 1, 0, 9, 64.56
SGD, 1, -1, 1, -1, 128, 8, 128, 8, 0.4, 0.4, 0.4, 12.5, 12.5, 25, 25, 1, 4000, 1, 1, 0, 10, 65.42
SGD, 1, -1, 1, -1, 128, 8, 128, 8, 0.4, 0.4, 0.4, 12.5, 12.5, 25, 25, 1, 4000, 1, 1, 0, 11, 64.31
SGD, 1, -1, 1, -1, 128, 8, 128, 8, 0.4, 0.4, 0.4, 12.5, 12.5, 25, 25, 1, 4000, 1, 1, 0, 12, 64.25
SGD, 1, -1, 1, -1, 128, 8, 128, 8, 0.4, 0.4, 0.4, 12.5, 12.5, 25, 25, 1, 4000, 1, 1, 0, 13, 46.36
SGD, 1, -1, 1, -1, 128, 8, 128, 8, 0.4, 0.4, 0.4, 12.5, 12.5, 25, 25, 1, 4000, 1, 1, 0, 14, 30.22
SGD, 1, -1, 1, -1, 128, 8, 128, 8, 0.4, 0.4, 0.4, 12.5, 12.5, 25, 25, 1, 4000, 1, 1, 0, 15, 32.55
SGD, 1, -1, 1, -1, 128, 8, 128, 8, 0.4, 0.4, 0.4, 12.5, 12.5, 25, 25, 1, 4000, 1, 1, 0, 16, 31.36
SGD, 1, -1, 1, -1, 128, 8, 128, 8, 0.4, 0.4, 0.4, 12.5, 12.5, 25, 25, 1, 4000, 1, 1, 0, 17, 74.88
SGD, 1, -1, 1, -1, 128, 8, 128, 8, 0.4, 0.4, 0.4, 12.5, 12.5, 25, 25, 1, 4000, 1, 1, 0, 18, 54.21
SGD, 1, -1, 1, -1, 128, 8, 128, 8, 0.4, 0.4, 0.4, 12.5, 12.5, 25, 25, 1, 4000, 1, 1, 0, 19, 81.42
SGD, 1, -1, 1, -1, 128, 8, 128, 8, 0.4, 0.4, 0.4, 12.5, 12.5, 25, 25, 1, 4000, 1, 1, 0, 20, 81.02
SGD, 1, -1, 1, -1, 128, 8, 128, 8, 0.4, 0.4, 0.4, 12.5, 12.5, 25, 25, 1, 4000, 1, 1, 0, 21, 79.89
SGD, 1, -1, 1, -1, 128, 8, 128, 8, 0.4, 0.4, 0.4, 12.5, 12.5, 25, 25, 1, 4000, 1, 1, 0, 22, 79.35
SGD, 1, -1, 1, -1, 128, 8, 128, 8, 0.4, 0.4, 0.4, 12.5, 12.5, 25, 25, 1, 4000, 1, 1, 0, 23, 87.5
SGD, 1, -1, 1, -1, 128, 8, 128, 8, 0.4, 0.4, 0.4, 12.5, 12.5, 25, 25, 1, 4000, 1, 1, 0, 24, 83.28
SGD, 1, -1, 1, -1, 128, 8, 128, 8, 0.4, 0.4, 0.4, 12.5, 12.5, 25, 25, 1, 4000, 1, 1, 0, 25, 81.19
SGD, 1, -1, 1, -1, 128, 8, 128, 8, 0.4, 0.4, 0.4, 12.5, 12.5, 25, 25, 1, 4000, 1, 1, 0, 26, 84.32
SGD, 1, -1, 1, -1, 128, 8, 128, 8, 0.4, 0.4, 0.4, 12.5, 12.5, 25, 25, 1, 4000, 1, 1, 0, 27, 86.37
SGD, 1, -1, 1, -1, 128, 8, 128, 8, 0.4, 0.4, 0.4, 12.5, 12.5, 25, 25, 1, 4000, 1, 1, 0, 28, 85.06
SGD, 1, -1, 1, -1, 128, 8, 128, 8, 0.4, 0.4, 0.4, 12.5, 12.5, 25, 25, 1, 4000, 1, 1, 0, 29, 82.69
SGD, 1, -1, 1, -1, 128, 8, 128, 8, 0.4, 0.4, 0.4, 12.5, 12.5, 25, 25, 1, 4000, 1, 1, 0, 30, 83.19
SGD, 1, -1, 1, -1, 128, 8, 128, 8, 0.4, 0.4, 0.4, 12.5, 12.5, 25, 25, 1, 4000, 1, 1, 0, 31, 83.63
SGD, 1, -1, 1, -1, 128, 8, 128, 8, 0.4, 0.4, 0.4, 12.5, 12.5, 25, 25, 1, 4000, 1, 1, 0, 32, 86.68
SGD, 1, -1, 1, -1, 128, 8, 128, 8, 0.4, 0.4, 0.4, 12.5, 12.5, 25, 25, 1, 4000, 1, 1, 0, 33, 88.85
SGD, 1, -1, 1, -1, 128, 8, 128, 8, 0.4, 0.4, 0.4, 12.5, 12.5, 25, 25, 1, 4000, 1, 1, 0, 34, 89.47
SGD, 1, -1, 1, -1, 128, 8, 128, 8, 0.4, 0.4, 0.4, 12.5, 12.5, 25, 25, 1, 4000, 1, 1, 0, 35, 86.3
SGD, 1, -1, 1, -1, 128, 8, 128, 8, 0.4, 0.4, 0.4, 12.5, 12.5, 25, 25, 1, 4000, 1, 1, 0, 36, 87.85
SGD, 1, -1, 1, -1, 128, 8, 128, 8, 0.4, 0.4, 0.4, 12.5, 12.5, 25, 25, 1, 4000, 1, 1, 0, 37, 89.19
SGD, 1, -1, 1, -1, 128, 8, 128, 8, 0.4, 0.4, 0.4, 12.5, 12.5, 25, 25, 1, 4000, 1, 1, 0, 38, 90.19
SGD, 1, -1, 1, -1, 128, 8, 128, 8, 0.4, 0.4, 0.4, 12.5, 12.5, 25, 25, 1, 4000, 1, 1, 0, 39, 88
SGD, 1, -1, 1, -1, 128, 8, 128, 8, 0.4, 0.4, 0.4, 12.5, 12.5, 25, 25, 1, 4000, 1, 1, 0, 40, 88.09
SGD, 1, -1, 1, -1, 128, 8, 128, 8, 0.4, 0.4, 0.4, 12.5, 12.5, 25, 25, 1, 4000, 1, 1, 0, 41, 88.91
SGD, 1, -1, 1, -1, 128, 8, 128, 8, 0.4, 0.4, 0.4, 12.5, 12.5, 25, 25, 1, 4000, 1, 1, 0, 42, 88.14
SGD, 1, -1, 1, -1, 128, 8, 128, 8, 0.4, 0.4, 0.4, 12.5, 12.5, 25, 25, 1, 4000, 1, 1, 0, 43, 87.32
SGD, 1, -1, 1, -1, 128, 8, 128, 8, 0.4, 0.4, 0.4, 12.5, 12.5, 25, 25, 1, 4000, 1, 1, 0, 44, 88.42
SGD, 1, -1, 1, -1, 128, 8, 128, 8, 0.4, 0.4, 0.4, 12.5, 12.5, 25, 25, 1, 4000, 1, 1, 0, 45, 88.87
SGD, 1, -1, 1, -1, 128, 8, 128, 8, 0.4, 0.4, 0.4, 12.5, 12.5, 25, 25, 1, 4000, 1, 1, 0, 46, 88.19
SGD, 1, -1, 1, -1, 128, 8, 128, 8, 0.4, 0.4, 0.4, 12.5, 12.5, 25, 25, 1, 4000, 1, 1, 0, 47, 86.56
SGD, 1, -1, 1, -1, 128, 8, 128, 8, 0.4, 0.4, 0.4, 12.5, 12.5, 25, 25, 1, 4000, 1, 1, 0, 48, 88.94
SGD, 1, -1, 1, -1, 128, 8, 128, 8, 0.4, 0.4, 0.4, 12.5, 12.5, 25, 25, 1, 4000, 1, 1, 0, 49, 89.83
SGD, 1, -1, 1, -1, 128, 8, 128, 8, 0.4, 0.4, 0.4, 12.5, 12.5, 25, 25, 1, 4000, 1, 1, 0, 50, 91.14
SGD, 1, -1, 1, -1, 128, 8, 128, 8, 0.4, 0.4, 0.4, 12.5, 12.5, 25, 25, 1, 4000, 1, 1, 0, 51, 90.37
SGD, 1, -1, 1, -1, 128, 8, 128, 8, 0.4, 0.4, 0.4, 12.5, 12.5, 25, 25, 1, 4000, 1, 1, 0, 52, 89.13
SGD, 1, -1, 1, -1, 128, 8, 128, 8, 0.4, 0.4, 0.4, 12.5, 12.5, 25, 25, 1, 4000, 1, 1, 0, 53, 88.4
SGD, 1, -1, 1, -1, 128, 8, 128, 8, 0.4, 0.4, 0.4, 12.5, 12.5, 25, 25, 1, 4000, 1, 1, 0, 54, 88.05
SGD, 1, -1, 1, -1, 128, 8, 128, 8, 0.4, 0.4, 0.4, 12.5, 12.5, 25, 25, 1, 4000, 1, 1, 0, 55, 90.55
SGD, 1, -1, 1, -1, 128, 8, 128, 8, 0.4, 0.4, 0.4, 12.5, 12.5, 25, 25, 1, 4000, 1, 1, 0, 56, 89.11
SGD, 1, -1, 1, -1, 128, 8, 128, 8, 0.4, 0.4, 0.4, 12.5, 12.5, 25, 25, 1, 4000, 1, 1, 0, 57, 86.29
SGD, 1, -1, 1, -1, 128, 8, 128, 8, 0.4, 0.4, 0.4, 12.5, 12.5, 25, 25, 1, 4000, 1, 1, 0, 58, 91.63
SGD, 1, -1, 1, -1, 128, 8, 128, 8, 0.4, 0.4, 0.4, 12.5, 12.5, 25, 25, 1, 4000, 1, 1, 0, 59, 89.81
SGD, 1, -1, 1, -1, 128, 8, 128, 8, 0.4, 0.4, 0.4, 12.5, 12.5, 25, 25, 1, 4000, 1, 1, 0, 60, 88.05
SGD, 1, -1, 1, -1, 128, 8, 128, 8, 0.4, 0.4, 0.4, 12.5, 12.5, 25, 25, 1, 4000, 1, 1, 0, 61, 90.42
SGD, 1, -1, 1, -1, 128, 8, 128, 8, 0.4, 0.4, 0.4, 12.5, 12.5, 25, 25, 1, 4000, 1, 1, 0, 62, 90.78
SGD, 1, -1, 1, -1, 128, 8, 128, 8, 0.4, 0.4, 0.4, 12.5, 12.5, 25, 25, 1, 4000, 1, 1, 0, 63, 90.94
SGD, 1, -1, 1, -1, 128, 8, 128, 8, 0.4, 0.4, 0.4, 12.5, 12.5, 25, 25, 1, 4000, 1, 1, 0, 64, 86.4
SGD, 1, -1, 1, -1, 128, 8, 128, 8, 0.4, 0.4, 0.4, 12.5, 12.5, 25, 25, 1, 4000, 1, 1, 0, 65, 84.8
SGD, 1, -1, 1, -1, 128, 8, 128, 8, 0.4, 0.4, 0.4, 12.5, 12.5, 25, 25, 1, 4000, 1, 1, 0, 66, 91.34
SGD, 1, -1, 1, -1, 128, 8, 128, 8, 0.4, 0.4, 0.4, 12.5, 12.5, 25, 25, 1, 4000, 1, 1, 0, 67, 89.51
SGD, 1, -1, 1, -1, 128, 8, 128, 8, 0.4, 0.4, 0.4, 12.5, 12.5, 25, 25, 1, 4000, 1, 1, 0, 68, 89.87
SGD, 1, -1, 1, -1, 128, 8, 128, 8, 0.4, 0.4, 0.4, 12.5, 12.5, 25, 25, 1, 4000, 1, 1, 0, 69, 89.72
SGD, 1, -1, 1, -1, 128, 8, 128, 8, 0.4, 0.4, 0.4, 12.5, 12.5, 25, 25, 1, 4000, 1, 1, 0, 70, 86.55
SGD, 1, -1, 1, -1, 128, 8, 128, 8, 0.4, 0.4, 0.4, 12.5, 12.5, 25, 25, 1, 4000, 1, 1, 0, 71, 90.9
SGD, 1, -1, 1, -1, 128, 8, 128, 8, 0.4, 0.4, 0.4, 12.5, 12.5, 25, 25, 1, 4000, 1, 1, 0, 72, 91.66
SGD, 1, -1, 1, -1, 128, 8, 128, 8, 0.4, 0.4, 0.4, 12.5, 12.5, 25, 25, 1, 4000, 1, 1, 0, 73, 91.64
SGD, 1, -1, 1, -1, 128, 8, 128, 8, 0.4, 0.4, 0.4, 12.5, 12.5, 25, 25, 1, 4000, 1, 1, 0, 74, 91.83
SGD, 1, -1, 1, -1, 128, 8, 128, 8, 0.4, 0.4, 0.4, 12.5, 12.5, 25, 25, 1, 4000, 1, 1, 0, 75, 89.22
SGD, 1, -1, 1, -1, 128, 8, 128, 8, 0.4, 0.4, 0.4, 12.5, 12.5, 25, 25, 1, 4000, 1, 1, 0, 76, 91.12
SGD, 1, -1, 1, -1, 128, 8, 128, 8, 0.4, 0.4, 0.4, 12.5, 12.5, 25, 25, 1, 4000, 1, 1, 0, 77, 91.23
SGD, 1, -1, 1, -1, 128, 8, 128, 8, 0.4, 0.4, 0.4, 12.5, 12.5, 25, 25, 1, 4000, 1, 1, 0, 78, 90
SGD, 1, -1, 1, -1, 128, 8, 128, 8, 0.4, 0.4, 0.4, 12.5, 12.5, 25, 25, 1, 4000, 1, 1, 0, 79, 89.64
SGD, 1, -1, 1, -1, 128, 8, 128, 8, 0.4, 0.4, 0.4, 12.5, 12.5, 25, 25, 1, 4000, 1, 1, 0, 80, 91.7
SGD, 1, -1, 1, -1, 128, 8, 128, 8, 0.4, 0.4, 0.4, 12.5, 12.5, 25, 25, 1, 4000, 1, 1, 0, 81, 91.58
SGD, 1, -1, 1, -1, 128, 8, 128, 8, 0.4, 0.4, 0.4, 12.5, 12.5, 25, 25, 1, 4000, 1, 1, 0, 82, 91.29
SGD, 1, -1, 1, -1, 128, 8, 128, 8, 0.4, 0.4, 0.4, 12.5, 12.5, 25, 25, 1, 4000, 1, 1, 0, 83, 91.62
SGD, 1, -1, 1, -1, 128, 8, 128, 8, 0.4, 0.4, 0.4, 12.5, 12.5, 25, 25, 1, 4000, 1, 1, 0, 84, 90.73
SGD, 1, -1, 1, -1, 128, 8, 128, 8, 0.4, 0.4, 0.4, 12.5, 12.5, 25, 25, 1, 4000, 1, 1, 0, 85, 91.69
SGD, 1, -1, 1, -1, 128, 8, 128, 8, 0.4, 0.4, 0.4, 12.5, 12.5, 25, 25, 1, 4000, 1, 1, 0, 86, 91.31
SGD, 1, -1, 1, -1, 128, 8, 128, 8, 0.4, 0.4, 0.4, 12.5, 12.5, 25, 25, 1, 4000, 1, 1, 0, 87, 91.48
SGD, 1, -1, 1, -1, 128, 8, 128, 8, 0.4, 0.4, 0.4, 12.5, 12.5, 25, 25, 1, 4000, 1, 1, 0, 88, 89.97
SGD, 1, -1, 1, -1, 128, 8, 128, 8, 0.4, 0.4, 0.4, 12.5, 12.5, 25, 25, 1, 4000, 1, 1, 0, 89, 91.46
SGD, 1, -1, 1, -1, 128, 8, 128, 8, 0.4, 0.4, 0.4, 12.5, 12.5, 25, 25, 1, 4000, 1, 1, 0, 90, 89.65
SGD, 1, -1, 1, -1, 128, 8, 128, 8, 0.4, 0.4, 0.4, 12.5, 12.5, 25, 25, 1, 4000, 1, 1, 0, 91, 89.81
SGD, 1, -1, 1, -1, 128, 8, 128, 8, 0.4, 0.4, 0.4, 12.5, 12.5, 25, 25, 1, 4000, 1, 1, 0, 92, 91.21
SGD, 1, -1, 1, -1, 128, 8, 128, 8, 0.4, 0.4, 0.4, 12.5, 12.5, 25, 25, 1, 4000, 1, 1, 0, 93, 90.54
SGD, 1, -1, 1, -1, 128, 8, 128, 8, 0.4, 0.4, 0.4, 12.5, 12.5, 25, 25, 1, 4000, 1, 1, 0, 94, 91.44
SGD, 1, -1, 1, -1, 128, 8, 128, 8, 0.4, 0.4, 0.4, 12.5, 12.5, 25, 25, 1, 4000, 1, 1, 0, 95, 90.23
SGD, 1, -1, 1, -1, 128, 8, 128, 8, 0.4, 0.4, 0.4, 12.5, 12.5, 25, 25, 1, 4000, 1, 1, 0, 96, 92.14
SGD, 1, -1, 1, -1, 128, 8, 128, 8, 0.4, 0.4, 0.4, 12.5, 12.5, 25, 25, 1, 4000, 1, 1, 0, 97, 90.91
SGD, 1, -1, 1, -1, 128, 8, 128, 8, 0.4, 0.4, 0.4, 12.5, 12.5, 25, 25, 1, 4000, 1, 1, 0, 98, 88.48
SGD, 1, -1, 1, -1, 128, 8, 128, 8, 0.4, 0.4, 0.4, 12.5, 12.5, 25, 25, 1, 4000, 1, 1, 0, 99, 90.1
SGD, 1, -1, 1, -1, 128, 8, 128, 8, 0.4, 0.4, 0.4, 12.5, 12.5, 25, 25, 1, 4000, 1, 1, 0, 100, 89.45
SGD, 1, -1, 1, -1, 128, 8, 128, 8, 0.4, 0.4, 0.4, 12.5, 12.5, 25, 25, 1, 4000, 1, 1, 0, 101, 90.62
SGD, 1, -1, 1, -1, 128, 8, 128, 8, 0.4, 0.4, 0.4, 12.5, 12.5, 25, 25, 1, 4000, 1, 1, 0, 102, 87.05
SGD, 1, -1, 1, -1, 128, 8, 128, 8, 0.4, 0.4, 0.4, 12.5, 12.5, 25, 25, 1, 4000, 1, 1, 0, 103, 91.46
SGD, 1, -1, 1, -1, 128, 8, 128, 8, 0.4, 0.4, 0.4, 12.5, 12.5, 25, 25, 1, 4000, 1, 1, 0, 104, 90.43
SGD, 1, -1, 1, -1, 128, 8, 128, 8, 0.4, 0.4, 0.4, 12.5, 12.5, 25, 25, 1, 4000, 1, 1, 0, 105, 90.82
SGD, 1, -1, 1, -1, 128, 8, 128, 8, 0.4, 0.4, 0.4, 12.5, 12.5, 25, 25, 1, 4000, 1, 1, 0, 106, 90.47
SGD, 1, -1, 1, -1, 128, 8, 128, 8, 0.4, 0.4, 0.4, 12.5, 12.5, 25, 25, 1, 4000, 1, 1, 0, 107, 89.54
SGD, 1, -1, 1, -1, 128, 8, 128, 8, 0.4, 0.4, 0.4, 12.5, 12.5, 25, 25, 1, 4000, 1, 1, 0, 108, 86.31
SGD, 1, -1, 1, -1, 128, 8, 128, 8, 0.4, 0.4, 0.4, 12.5, 12.5, 25, 25, 1, 4000, 1, 1, 0, 109, 91.3
SGD, 1, -1, 1, -1, 128, 8, 128, 8, 0.4, 0.4, 0.4, 12.5, 12.5, 25, 25, 1, 4000, 1, 1, 0, 110, 88.98
SGD, 1, -1, 1, -1, 128, 8, 128, 8, 0.4, 0.4, 0.4, 12.5, 12.5, 25, 25, 1, 4000, 1, 1, 0, 111, 90.97
SGD, 1, -1, 1, -1, 128, 8, 128, 8, 0.4, 0.4, 0.4, 12.5, 12.5, 25, 25, 1, 4000, 1, 1, 0, 112, 90.64
SGD, 1, -1, 1, -1, 128, 8, 128, 8, 0.4, 0.4, 0.4, 12.5, 12.5, 25, 25, 1, 4000, 1, 1, 0, 113, 90.56
SGD, 1, -1, 1, -1, 128, 8, 128, 8, 0.4, 0.4, 0.4, 12.5, 12.5, 25, 25, 1, 4000, 1, 1, 0, 114, 90.53
SGD, 1, -1, 1, -1, 128, 8, 128, 8, 0.4, 0.4, 0.4, 12.5, 12.5, 25, 25, 1, 4000, 1, 1, 0, 115, 89.72
SGD, 1, -1, 1, -1, 128, 8, 128, 8, 0.4, 0.4, 0.4, 12.5, 12.5, 25, 25, 1, 4000, 1, 1, 0, 116, 90.33
SGD, 1, -1, 1, -1, 128, 8, 128, 8, 0.4, 0.4, 0.4, 12.5, 12.5, 25, 25, 1, 4000, 1, 1, 0, 117, 91.19
SGD, 1, -1, 1, -1, 128, 8, 128, 8, 0.4, 0.4, 0.4, 12.5, 12.5, 25, 25, 1, 4000, 1, 1, 0, 118, 89.44
SGD, 1, -1, 1, -1, 128, 8, 128, 8, 0.4, 0.4, 0.4, 12.5, 12.5, 25, 25, 1, 4000, 1, 1, 0, 119, 89.2
SGD, 1, -1, 1, -1, 128, 8, 128, 8, 0.4, 0.4, 0.4, 12.5, 12.5, 25, 25, 1, 4000, 1, 1, 0, 120, 90.87
SGD, 1, -1, 1, -1, 128, 8, 128, 8, 0.4, 0.4, 0.4, 12.5, 12.5, 25, 25, 1, 4000, 1, 1, 0, 121, 90.46
SGD, 1, -1, 1, -1, 128, 8, 128, 8, 0.4, 0.4, 0.4, 12.5, 12.5, 25, 25, 1, 4000, 1, 1, 0, 122, 91.46
SGD, 1, -1, 1, -1, 128, 8, 128, 8, 0.4, 0.4, 0.4, 12.5, 12.5, 25, 25, 1, 4000, 1, 1, 0, 123, 90.4
SGD, 1, -1, 1, -1, 128, 8, 128, 8, 0.4, 0.4, 0.4, 12.5, 12.5, 25, 25, 1, 4000, 1, 1, 0, 124, 91.41
SGD, 1, -1, 1, -1, 128, 8, 128, 8, 0.4, 0.4, 0.4, 12.5, 12.5, 25, 25, 1, 4000, 1, 1, 0, 125, 91.59
SGD, 1, -1, 1, -1, 128, 128, 128, 128, 0.4, 0.2, 0.2, 12.5, 12.5, 2, 2, 1, 2000, 1, 1, 0, 1, 79.19
SGD, 1, -1, 1, -1, 128, 128, 128, 128, 0.4, 0.2, 0.2, 12.5, 12.5, 2, 2, 1, 2000, 1, 1, 0, 2, 84.11
SGD, 1, -1, 1, -1, 128, 128, 128, 128, 0.4, 0.2, 0.2, 12.5, 12.5, 2, 2, 1, 2000, 1, 1, 0, 3, 88.44
SGD, 1, -1, 1, -1, 128, 128, 128, 128, 0.4, 0.2, 0.2, 12.5, 12.5, 2, 2, 1, 2000, 1, 1, 0, 4, 89.52
SGD, 1, -1, 1, -1, 128, 128, 128, 128, 0.4, 0.2, 0.2, 12.5, 12.5, 2, 2, 1, 2000, 1, 1, 0, 5, 87.87
SGD, 1, -1, 1, -1, 128, 128, 128, 128, 0.4, 0.2, 0.2, 12.5, 12.5, 2, 2, 1, 2000, 1, 1, 0, 6, 89.14
SGD, 1, -1, 1, -1, 128, 128, 128, 128, 0.4, 0.2, 0.2, 12.5, 12.5, 2, 2, 1, 2000, 1, 1, 0, 7, 89.94
SGD, 1, -1, 1, -1, 128, 128, 128, 128, 0.4, 0.2, 0.2, 12.5, 12.5, 2, 2, 1, 2000, 1, 1, 0, 8, 89.91
SGD, 1, -1, 1, -1, 128, 128, 128, 128, 0.4, 0.2, 0.2, 12.5, 12.5, 2, 2, 1, 2000, 1, 1, 0, 9, 90.77
SGD, 1, -1, 1, -1, 128, 128, 128, 128, 0.4, 0.2, 0.2, 12.5, 12.5, 2, 2, 1, 2000, 1, 1, 0, 10, 90.35
SGD, 1, -1, 1, -1, 128, 128, 128, 128, 0.4, 0.2, 0.2, 12.5, 12.5, 2, 2, 1, 2000, 1, 1, 0, 11, 90.37
SGD, 1, -1, 1, -1, 128, 128, 128, 128, 0.4, 0.2, 0.2, 12.5, 12.5, 2, 2, 1, 2000, 1, 1, 0, 12, 91.3
SGD, 1, -1, 1, -1, 128, 128, 128, 128, 0.4, 0.2, 0.2, 12.5, 12.5, 2, 2, 1, 2000, 1, 1, 0, 13, 90.44
SGD, 1, -1, 1, -1, 128, 128, 128, 128, 0.4, 0.2, 0.2, 12.5, 12.5, 2, 2, 1, 2000, 1, 1, 0, 14, 90.85
SGD, 1, -1, 1, -1, 128, 128, 128, 128, 0.4, 0.2, 0.2, 12.5, 12.5, 2, 2, 1, 2000, 1, 1, 0, 15, 90.91
SGD, 1, -1, 1, -1, 128, 128, 128, 128, 0.4, 0.2, 0.2, 12.5, 12.5, 2, 2, 1, 2000, 1, 1, 0, 16, 90.96
SGD, 1, -1, 1, -1, 128, 128, 128, 128, 0.4, 0.2, 0.2, 12.5, 12.5, 2, 2, 1, 2000, 1, 1, 0, 17, 89.42
SGD, 1, -1, 1, -1, 128, 128, 128, 128, 0.4, 0.2, 0.2, 12.5, 12.5, 2, 2, 1, 2000, 1, 1, 0, 18, 91.68
SGD, 1, -1, 1, -1, 128, 128, 128, 128, 0.4, 0.2, 0.2, 12.5, 12.5, 2, 2, 1, 2000, 1, 1, 0, 19, 91.94
SGD, 1, -1, 1, -1, 128, 128, 128, 128, 0.4, 0.2, 0.2, 12.5, 12.5, 2, 2, 1, 2000, 1, 1, 0, 20, 91.58
SGD, 1, -1, 1, -1, 128, 128, 128, 128, 0.4, 0.2, 0.2, 12.5, 12.5, 2, 2, 1, 2000, 1, 1, 0, 21, 92.5
SGD, 1, -1, 1, -1, 128, 128, 128, 128, 0.4, 0.2, 0.2, 12.5, 12.5, 2, 2, 1, 2000, 1, 1, 0, 22, 91.63
SGD, 1, -1, 1, -1, 128, 128, 128, 128, 0.4, 0.2, 0.2, 12.5, 12.5, 2, 2, 1, 2000, 1, 1, 0, 23, 91.3
SGD, 1, -1, 1, -1, 128, 128, 128, 128, 0.4, 0.2, 0.2, 12.5, 12.5, 2, 2, 1, 2000, 1, 1, 0, 24, 92.22
SGD, 1, -1, 1, -1, 128, 128, 128, 128, 0.4, 0.2, 0.2, 12.5, 12.5, 2, 2, 1, 2000, 1, 1, 0, 25, 90.57
SGD, 1, -1, 1, -1, 128, 128, 128, 128, 0.4, 0.2, 0.2, 12.5, 12.5, 2, 2, 1, 2000, 1, 1, 0, 26, 91.73
SGD, 1, -1, 1, -1, 128, 128, 128, 128, 0.4, 0.2, 0.2, 12.5, 12.5, 2, 2, 1, 2000, 1, 1, 0, 27, 92.45
SGD, 1, -1, 1, -1, 128, 128, 128, 128, 0.4, 0.2, 0.2, 12.5, 12.5, 2, 2, 1, 2000, 1, 1, 0, 28, 91.66
SGD, 1, -1, 1, -1, 128, 128, 128, 128, 0.4, 0.2, 0.2, 12.5, 12.5, 2, 2, 1, 2000, 1, 1, 0, 29, 90.83
SGD, 1, -1, 1, -1, 128, 128, 128, 128, 0.4, 0.2, 0.2, 12.5, 12.5, 2, 2, 1, 2000, 1, 1, 0, 30, 92.08
SGD, 1, -1, 1, -1, 128, 128, 128, 128, 0.4, 0.2, 0.2, 12.5, 12.5, 2, 2, 1, 2000, 1, 1, 0, 31, 92.4
SGD, 1, -1, 1, -1, 128, 128, 128, 128, 0.4, 0.2, 0.2, 12.5, 12.5, 2, 2, 1, 2000, 1, 1, 0, 32, 92.1
SGD, 1, -1, 1, -1, 128, 128, 128, 128, 0.4, 0.2, 0.2, 12.5, 12.5, 2, 2, 1, 2000, 1, 1, 0, 33, 92.42
SGD, 1, -1, 1, -1, 128, 128, 128, 128, 0.4, 0.2, 0.2, 12.5, 12.5, 2, 2, 1, 2000, 1, 1, 0, 34, 92.84
SGD, 1, -1, 1, -1, 128, 128, 128, 128, 0.4, 0.2, 0.2, 12.5, 12.5, 2, 2, 1, 2000, 1, 1, 0, 35, 92.47
SGD, 1, -1, 1, -1, 128, 128, 128, 128, 0.4, 0.2, 0.2, 12.5, 12.5, 2, 2, 1, 2000, 1, 1, 0, 36, 89.54
SGD, 1, -1, 1, -1, 128, 128, 128, 128, 0.4, 0.2, 0.2, 12.5, 12.5, 2, 2, 1, 2000, 1, 1, 0, 37, 91.8
SGD, 1, -1, 1, -1, 128, 128, 128, 128, 0.4, 0.2, 0.2, 12.5, 12.5, 2, 2, 1, 2000, 1, 1, 0, 38, 91.52
SGD, 1, -1, 1, -1, 128, 128, 128, 128, 0.4, 0.2, 0.2, 12.5, 12.5, 2, 2, 1, 2000, 1, 1, 0, 39, 92.43
SGD, 1, -1, 1, -1, 128, 128, 128, 128, 0.4, 0.2, 0.2, 12.5, 12.5, 2, 2, 1, 2000, 1, 1, 0, 40, 91.94
SGD, 1, -1, 1, -1, 128, 128, 128, 128, 0.4, 0.2, 0.2, 12.5, 12.5, 2, 2, 1, 2000, 1, 1, 0, 41, 91.57
SGD, 1, -1, 1, -1, 128, 128, 128, 128, 0.4, 0.2, 0.2, 12.5, 12.5, 2, 2, 1, 2000, 1, 1, 0, 42, 92.14
SGD, 1, -1, 1, -1, 128, 128, 128, 128, 0.4, 0.2, 0.2, 12.5, 12.5, 2, 2, 1, 2000, 1, 1, 0, 43, 90.84
SGD, 1, -1, 1, -1, 128, 128, 128, 128, 0.4, 0.2, 0.2, 12.5, 12.5, 2, 2, 1, 2000, 1, 1, 0, 44, 91.99
SGD, 1, -1, 1, -1, 128, 128, 128, 128, 0.4, 0.2, 0.2, 12.5, 12.5, 2, 2, 1, 2000, 1, 1, 0, 45, 91.69
SGD, 1, -1, 1, -1, 128, 128, 128, 128, 0.4, 0.2, 0.2, 12.5, 12.5, 2, 2, 1, 2000, 1, 1, 0, 46, 91.99
SGD, 1, -1, 1, -1, 128, 128, 128, 128, 0.4, 0.2, 0.2, 12.5, 12.5, 2, 2, 1, 2000, 1, 1, 0, 47, 91.98
SGD, 1, -1, 1, -1, 128, 128, 128, 128, 0.4, 0.2, 0.2, 12.5, 12.5, 2, 2, 1, 2000, 1, 1, 0, 48, 92.51
SGD, 1, -1, 1, -1, 128, 128, 128, 128, 0.4, 0.2, 0.2, 12.5, 12.5, 2, 2, 1, 2000, 1, 1, 0, 49, 91.73
SGD, 1, -1, 1, -1, 128, 128, 128, 128, 0.4, 0.2, 0.2, 12.5, 12.5, 2, 2, 1, 2000, 1, 1, 0, 50, 92.09
SGD, 1, -1, 1, -1, 128, 128, 128, 128, 0.4, 0.2, 0.2, 12.5, 12.5, 2, 2, 1, 2000, 1, 1, 0, 51, 92.44
SGD, 1, -1, 1, -1, 128, 128, 128, 128, 0.4, 0.2, 0.2, 12.5, 12.5, 2, 2, 1, 2000, 1, 1, 0, 52, 92.95
SGD, 1, -1, 1, -1, 128, 128, 128, 128, 0.1, 0.1, 0.1, 12.5, 12.5, 10, 10, 1, 2000, 1, 1, 0, 1, 46.36
SGD, 1, -1, 1, -1, 128, 128, 128, 128, 0.1, 0.1, 0.1, 12.5, 12.5, 10, 10, 1, 2000, 1, 1, 0, 2, 49.5
SGD, 1, -1, 1, -1, 128, 128, 128, 128, 0.1, 0.1, 0.1, 12.5, 12.5, 10, 10, 1, 2000, 1, 1, 0, 3, 53.82
SGD, 1, -1, 1, -1, 128, 128, 128, 128, 0.1, 0.1, 0.1, 12.5, 12.5, 10, 10, 1, 2000, 1, 1, 0, 4, 56.63
SGD, 1, -1, 1, -1, 128, 128, 128, 128, 0.1, 0.1, 0.1, 12.5, 12.5, 10, 10, 1, 2000, 1, 1, 0, 5, 59.27
SGD, 1, -1, 1, -1, 128, 128, 128, 128, 0.1, 0.1, 0.1, 12.5, 12.5, 10, 10, 1, 2000, 1, 1, 0, 6, 60.49
SGD, 1, -1, 1, -1, 128, 128, 128, 128, 0.1, 0.1, 0.1, 12.5, 12.5, 10, 10, 1, 2000, 1, 1, 0, 7, 61.94
SGD, 1, -1, 1, -1, 128, 128, 128, 128, 0.1, 0.1, 0.1, 12.5, 12.5, 10, 10, 1, 2000, 1, 1, 0, 8, 61.76
SGD, 1, -1, 1, -1, 128, 128, 128, 128, 0.1, 0.1, 0.1, 12.5, 12.5, 10, 10, 1, 2000, 1, 1, 0, 9, 62.73
SGD, 1, -1, 1, -1, 128, 128, 128, 128, 0.1, 0.1, 0.1, 12.5, 12.5, 10, 10, 1, 2000, 1, 1, 0, 10, 63.44
SGD, 1, -1, 1, -1, 128, 128, 128, 128, 0.1, 0.1, 0.1, 12.5, 12.5, 10, 10, 1, 2000, 1, 1, 0, 11, 62.72
SGD, 1, -1, 1, -1, 128, 128, 128, 128, 0.1, 0.1, 0.1, 12.5, 12.5, 10, 10, 1, 2000, 1, 1, 0, 12, 63.12
SGD, 1, -1, 1, -1, 128, 128, 128, 128, 0.1, 0.1, 0.1, 12.5, 12.5, 10, 10, 1, 2000, 1, 1, 0, 13, 64.19
SGD, 1, -1, 1, -1, 128, 128, 128, 128, 0.1, 0.1, 0.1, 12.5, 12.5, 10, 10, 1, 2000, 1, 1, 0, 14, 63.97
SGD, 1, -1, 1, -1, 128, 128, 128, 128, 0.1, 0.1, 0.1, 12.5, 12.5, 10, 10, 1, 2000, 1, 1, 0, 15, 63.83
SGD, 1, -1, 1, -1, 128, 128, 128, 128, 0.1, 0.1, 0.1, 12.5, 12.5, 10, 10, 1, 2000, 1, 1, 0, 16, 64.33
SGD, 1, -1, 1, -1, 128, 128, 128, 128, 0.1, 0.1, 0.1, 12.5, 12.5, 10, 10, 1, 2000, 1, 1, 0, 17, 64.26
SGD, 1, -1, 1, -1, 128, 128, 128, 128, 0.1, 0.1, 0.1, 12.5, 12.5, 10, 10, 1, 2000, 1, 1, 0, 18, 67.89
SGD, 1, -1, 1, -1, 128, 128, 128, 128, 0.1, 0.1, 0.1, 12.5, 12.5, 10, 10, 1, 2000, 1, 1, 0, 19, 68.52
SGD, 1, -1, 1, -1, 128, 128, 128, 128, 0.1, 0.1, 0.1, 12.5, 12.5, 10, 10, 1, 2000, 1, 1, 0, 20, 71.61
SGD, 1, -1, 1, -1, 128, 128, 128, 128, 0.1, 0.1, 0.1, 12.5, 12.5, 10, 10, 1, 2000, 1, 1, 0, 21, 71.94
SGD, 1, -1, 1, -1, 128, 128, 128, 128, 0.1, 0.1, 0.1, 12.5, 12.5, 10, 10, 1, 2000, 1, 1, 0, 22, 71.44
SGD, 1, -1, 1, -1, 128, 128, 128, 128, 0.1, 0.1, 0.1, 12.5, 12.5, 10, 10, 1, 2000, 1, 1, 0, 23, 71.57
SGD, 1, -1, 1, -1, 128, 128, 128, 128, 0.1, 0.1, 0.1, 12.5, 12.5, 10, 10, 1, 2000, 1, 1, 0, 24, 71.89
SGD, 1, -1, 1, -1, 128, 128, 128, 128, 0.1, 0.1, 0.1, 12.5, 12.5, 10, 10, 1, 2000, 1, 1, 0, 25, 71.47
SGD, 1, -1, 1, -1, 128, 128, 128, 128, 0.1, 0.1, 0.1, 12.5, 12.5, 10, 10, 1, 2000, 1, 1, 0, 26, 71.3
SGD, 1, -1, 1, -1, 128, 128, 128, 128, 0.1, 0.1, 0.1, 12.5, 12.5, 10, 10, 1, 2000, 1, 1, 0, 27, 71.97
SGD, 1, -1, 1, -1, 128, 128, 128, 128, 0.1, 0.1, 0.1, 12.5, 12.5, 10, 10, 1, 2000, 1, 1, 0, 28, 72.97
SGD, 1, -1, 1, -1, 128, 128, 128, 128, 0.1, 0.1, 0.1, 12.5, 12.5, 10, 10, 1, 2000, 1, 1, 0, 29, 72.63
SGD, 1, -1, 1, -1, 128, 128, 128, 128, 0.1, 0.1, 0.1, 12.5, 12.5, 10, 10, 1, 2000, 1, 1, 0, 30, 72.97
SGD, 1, -1, 1, -1, 128, 128, 128, 128, 0.1, 0.1, 0.1, 12.5, 12.5, 10, 10, 1, 2000, 1, 1, 0, 31, 72.86
SGD, 1, -1, 1, -1, 128, 128, 128, 128, 0.1, 0.1, 0.1, 12.5, 12.5, 10, 10, 1, 2000, 1, 1, 0, 32, 73.05
SGD, 1, -1, 1, -1, 128, 128, 128, 128, 0.1, 0.1, 0.1, 12.5, 12.5, 10, 10, 1, 2000, 1, 1, 0, 33, 73.57
SGD, 1, -1, 1, -1, 128, 128, 128, 128, 0.1, 0.1, 0.1, 12.5, 12.5, 10, 10, 1, 2000, 1, 1, 0, 34, 73.35
SGD, 1, -1, 1, -1, 128, 128, 128, 128, 0.1, 0.1, 0.1, 12.5, 12.5, 10, 10, 1, 2000, 1, 1, 0, 35, 73.44
SGD, 1, -1, 1, -1, 128, 128, 128, 128, 0.1, 0.1, 0.1, 12.5, 12.5, 10, 10, 1, 2000, 1, 1, 0, 36, 72.79
SGD, 1, -1, 1, -1, 128, 128, 128, 128, 0.1, 0.1, 0.1, 12.5, 12.5, 10, 10, 1, 2000, 1, 1, 0, 37, 72.29
SGD, 1, -1, 1, -1, 128, 128, 128, 128, 0.1, 0.1, 0.1, 12.5, 12.5, 10, 10, 1, 2000, 1, 1, 0, 38, 72.7
SGD, 1, -1, 1, -1, 128, 128, 128, 128, 0.1, 0.1, 0.1, 12.5, 12.5, 10, 10, 1, 2000, 1, 1, 0, 39, 73.69
SGD, 1, -1, 1, -1, 128, 128, 128, 128, 0.1, 0.1, 0.1, 12.5, 12.5, 10, 10, 1, 2000, 1, 1, 0, 40, 73.35
SGD, 1, -1, 1, -1, 128, 128, 128, 128, 0.1, 0.1, 0.1, 12.5, 12.5, 10, 10, 1, 2000, 1, 1, 0, 41, 72.55
SGD, 1, -1, 1, -1, 128, 128, 128, 128, 0.1, 0.1, 0.1, 12.5, 12.5, 10, 10, 1, 2000, 1, 1, 0, 42, 73.83
SGD, 1, -1, 1, -1, 128, 128, 128, 128, 0.1, 0.1, 0.1, 12.5, 12.5, 20, 20, 1, 2000, 1, 1, 0, 1, 21.56
SGD, 1, -1, 1, -1, 128, 128, 128, 128, 0.1, 0.1, 0.1, 12.5, 12.5, 20, 20, 1, 2000, 1, 1, 0, 2, 46.2
SGD, 1, -1, 1, -1, 128, 128, 128, 128, 0.1, 0.1, 0.1, 12.5, 12.5, 20, 20, 1, 2000, 1, 1, 0, 3, 48.24
SGD, 1, -1, 1, -1, 128, 128, 128, 128, 0.1, 0.1, 0.1, 12.5, 12.5, 20, 20, 1, 2000, 1, 1, 0, 4, 48.81
SGD, 1, -1, 1, -1, 128, 128, 128, 128, 0.1, 0.1, 0.1, 12.5, 12.5, 20, 20, 1, 2000, 1, 1, 0, 5, 49.97
SGD, 1, -1, 1, -1, 128, 128, 128, 128, 0.1, 0.1, 0.1, 12.5, 12.5, 20, 20, 1, 2000, 1, 1, 0, 6, 49.37
SGD, 1, -1, 1, -1, 128, 128, 128, 128, 0.1, 0.1, 0.1, 12.5, 12.5, 20, 20, 1, 2000, 1, 1, 0, 7, 53.17
SGD, 1, -1, 1, -1, 128, 128, 128, 128, 0.1, 0.1, 0.1, 12.5, 12.5, 20, 20, 1, 2000, 1, 1, 0, 8, 52.6
SGD, 1, -1, 1, -1, 128, 128, 128, 128, 0.1, 0.1, 0.1, 12.5, 12.5, 20, 20, 1, 2000, 1, 1, 0, 9, 54.18
SGD, 1, -1, 1, -1, 128, 128, 128, 128, 0.1, 0.1, 0.1, 12.5, 12.5, 20, 20, 1, 2000, 1, 1, 0, 10, 54.42
SGD, 1, -1, 1, -1, 128, 128, 128, 128, 0.1, 0.1, 0.1, 12.5, 12.5, 20, 20, 1, 2000, 1, 1, 0, 11, 53.26
SGD, 1, -1, 1, -1, 128, 128, 128, 128, 0.1, 0.1, 0.1, 12.5, 12.5, 20, 20, 1, 2000, 1, 1, 0, 12, 55.31
SGD, 1, -1, 1, -1, 128, 128, 128, 128, 0.1, 0.1, 0.1, 12.5, 12.5, 20, 20, 1, 2000, 1, 1, 0, 13, 60.11
SGD, 1, -1, 1, -1, 128, 128, 128, 128, 0.1, 0.1, 0.1, 12.5, 12.5, 20, 20, 1, 2000, 1, 1, 0, 14, 63.95
SGD, 1, -1, 1, -1, 128, 128, 128, 128, 0.1, 0.1, 0.1, 12.5, 12.5, 5, 5, 1, 2000, 1, 1, 0, 1, 38.73
SGD, 1, -1, 1, -1, 128, 128, 128, 128, 0.1, 0.1, 0.1, 12.5, 12.5, 5, 5, 1, 2000, 1, 1, 0, 2, 48.7
SGD, 1, -1, 1, -1, 128, 128, 128, 128, 0.1, 0.1, 0.1, 12.5, 12.5, 5, 5, 1, 2000, 1, 1, 0, 3, 56.05
SGD, 1, -1, 1, -1, 128, 128, 128, 128, 0.1, 0.1, 0.1, 12.5, 12.5, 5, 5, 1, 2000, 1, 1, 0, 4, 58.53
SGD, 1, -1, 1, -1, 128, 128, 128, 128, 0.1, 0.1, 0.1, 12.5, 12.5, 5, 5, 1, 2000, 1, 1, 0, 5, 59.06
SGD, 1, -1, 1, -1, 128, 128, 128, 128, 0.1, 0.1, 0.1, 12.5, 12.5, 5, 5, 1, 2000, 1, 1, 0, 6, 62
SGD, 1, -1, 1, -1, 128, 128, 128, 128, 0.1, 0.1, 0.1, 12.5, 12.5, 5, 5, 1, 2000, 1, 1, 0, 7, 66.4
SGD, 1, -1, 1, -1, 128, 128, 128, 128, 0.1, 0.1, 0.1, 12.5, 12.5, 5, 5, 1, 2000, 1, 1, 0, 8, 66.73
SGD, 1, -1, 1, -1, 128, 128, 128, 128, 0.1, 0.1, 0.1, 12.5, 12.5, 5, 5, 1, 2000, 1, 1, 0, 9, 66.55
SGD, 1, -1, 1, -1, 128, 128, 128, 128, 0.1, 0.1, 0.1, 12.5, 12.5, 5, 5, 1, 2000, 1, 1, 0, 10, 69.18
SGD, 1, -1, 1, -1, 128, 128, 128, 128, 0.1, 0.1, 0.1, 12.5, 12.5, 5, 5, 1, 2000, 1, 1, 0, 11, 61.61
SGD, 1, -1, 1, -1, 128, 128, 128, 128, 0.1, 0.1, 0.1, 12.5, 12.5, 5, 5, 1, 2000, 1, 1, 0, 12, 70.11
SGD, 1, -1, 1, -1, 128, 128, 128, 128, 0.1, 0.1, 0.1, 12.5, 12.5, 5, 5, 1, 2000, 1, 1, 0, 13, 68.42
SGD, 1, -1, 1, -1, 128, 128, 128, 128, 0.1, 0.1, 0.1, 12.5, 12.5, 5, 5, 1, 2000, 1, 1, 0, 14, 70.1
SGD, 1, -1, 1, -1, 128, 128, 128, 128, 0.1, 0.1, 0.1, 12.5, 12.5, 5, 5, 1, 2000, 1, 1, 0, 15, 69.73
SGD, 1, -1, 1, -1, 128, 128, 128, 128, 0.1, 0.1, 0.1, 12.5, 12.5, 5, 5, 1, 2000, 1, 1, 0, 16, 71.38
SGD, 1, -1, 1, -1, 128, 128, 128, 128, 0.1, 0.1, 0.1, 12.5, 12.5, 5, 5, 1, 2000, 1, 1, 0, 17, 69.07
SGD, 1, -1, 1, -1, 128, 128, 128, 128, 0.1, 0.1, 0.1, 12.5, 12.5, 5, 5, 1, 2000, 1, 1, 0, 18, 70.79
SGD, 1, -1, 1, -1, 128, 128, 128, 128, 0.1, 0.1, 0.1, 12.5, 12.5, 5, 5, 1, 2000, 1, 1, 0, 19, 70.89
SGD, 1, -1, 1, -1, 128, 128, 128, 128, 0.1, 0.1, 0.1, 12.5, 12.5, 5, 5, 1, 2000, 1, 1, 0, 20, 71.56
SGD, 1, -1, 1, -1, 128, 128, 128, 128, 0.1, 0.1, 0.1, 12.5, 12.5, 5, 5, 1, 2000, 1, 1, 0, 21, 71.8
SGD, 1, -1, 1, -1, 128, 128, 128, 128, 0.1, 0.1, 0.1, 12.5, 12.5, 5, 5, 1, 2000, 1, 1, 0, 22, 71.81
SGD, 1, -1, 1, -1, 128, 128, 128, 128, 0.1, 0.1, 0.1, 12.5, 12.5, 5, 5, 1, 2000, 1, 1, 0, 23, 71.74
SGD, 1, -1, 1, -1, 128, 128, 128, 128, 0.1, 0.1, 0.1, 12.5, 12.5, 5, 5, 1, 2000, 1, 1, 0, 24, 72.04
SGD, 1, -1, 1, -1, 128, 128, 128, 128, 0.1, 0.1, 0.1, 12.5, 12.5, 5, 5, 1, 2000, 1, 1, 0, 25, 70.37
SGD, 1, -1, 1, -1, 128, 128, 128, 128, 0.1, 0.1, 0.1, 12.5, 12.5, 5, 5, 1, 2000, 1, 1, 0, 26, 70.1
SGD, 1, -1, 1, -1, 128, 128, 128, 128, 0.1, 0.1, 0.1, 12.5, 12.5, 5, 5, 1, 2000, 1, 1, 0, 27, 72.86
SGD, 1, -1, 1, -1, 128, 128, 128, 128, 0.1, 0.1, 0.1, 12.5, 12.5, 5, 5, 1, 2000, 1, 1, 0, 28, 71.64
SGD, 1, -1, 1, -1, 128, 128, 128, 128, 0.1, 0.1, 0.1, 12.5, 12.5, 5, 5, 1, 2000, 1, 1, 0, 29, 72.09
SGD, 1, -1, 1, -1, 128, 128, 128, 128, 0.1, 0.1, 0.1, 12.5, 12.5, 5, 5, 1, 2000, 1, 1, 0, 30, 72.49
SGD, 1, -1, 1, -1, 128, 128, 128, 128, 0.1, 0.1, 0.1, 12.5, 12.5, 5, 5, 1, 2000, 1, 1, 0, 31, 72.52
SGD, 1, -1, 1, -1, 128, 128, 128, 128, 0.1, 0.1, 0.1, 12.5, 12.5, 5, 5, 1, 2000, 1, 1, 0, 32, 71.55
SGD, 1, -1, 1, -1, 128, 128, 128, 128, 0.1, 0.1, 0.1, 12.5, 12.5, 5, 5, 1, 2000, 1, 1, 0, 33, 72.42
SGD, 1, -1, 1, -1, 128, 128, 128, 128, 0.1, 0.1, 0.1, 12.5, 12.5, 5, 5, 1, 2000, 1, 1, 0, 34, 72.34
SGD, 1, -1, 1, -1, 128, 128, 128, 128, 0.1, 0.1, 0.1, 12.5, 12.5, 5, 5, 1, 2000, 1, 1, 0, 35, 71.78
SGD, 1, -1, 1, -1, 128, 128, 128, 128, 0.1, 0.1, 0.1, 12.5, 12.5, 5, 5, 1, 2000, 1, 1, 0, 36, 71.88
SGD, 1, -1, 1, -1, 128, 128, 128, 128, 0.1, 0.1, 0.1, 12.5, 12.5, 5, 5, 1, 2000, 1, 1, 0, 37, 72.21
SGD, 1, -1, 1, -1, 128, 128, 128, 128, 0.1, 0.1, 0.1, 12.5, 12.5, 5, 5, 1, 2000, 1, 1, 0, 38, 72.01
SGD, 1, -1, 1, -1, 128, 128, 128, 128, 0.1, 0.1, 0.1, 12.5, 12.5, 5, 5, 1, 2000, 1, 1, 0, 39, 73.17
SGD, 1, -1, 1, -1, 128, 128, 128, 128, 0.1, 0.1, 0.1, 12.5, 12.5, 5, 5, 1, 2000, 1, 1, 0, 40, 72.12
SGD, 1, -1, 1, -1, 128, 128, 128, 128, 0.1, 0.1, 0.1, 12.5, 12.5, 5, 5, 1, 2000, 1, 1, 0, 41, 72.09
SGD, 1, -1, 1, -1, 128, 128, 128, 128, 0.1, 0.1, 0.1, 12.5, 12.5, 5, 5, 1, 2000, 1, 1, 0, 42, 73.01
SGD, 1, -1, 1, -1, 128, 128, 128, 128, 0.1, 0.1, 0.1, 12.5, 12.5, 5, 5, 1, 2000, 1, 1, 0, 43, 71.86
SGD, 1, -1, 1, -1, 128, 128, 128, 128, 0.1, 0.1, 0.1, 12.5, 12.5, 5, 5, 1, 2000, 1, 1, 0, 44, 72.76
SGD, 1, -1, 1, -1, 128, 128, 128, 128, 0.1, 0.1, 0.1, 12.5, 12.5, 5, 5, 1, 2000, 1, 1, 0, 45, 71.44
SGD, 1, -1, 1, -1, 128, 128, 128, 128, 0.1, 0.1, 0.1, 12.5, 12.5, 5, 5, 1, 2000, 1, 1, 0, 46, 72.73
SGD, 1, -1, 1, -1, 128, 128, 128, 128, 0.1, 0.1, 0.1, 12.5, 12.5, 5, 5, 1, 2000, 1, 1, 0, 47, 71.83
SGD, 1, -1, 1, -1, 128, 128, 128, 128, 0.1, 0.1, 0.1, 12.5, 12.5, 5, 5, 1, 2000, 1, 1, 0, 48, 73.08
SGD, 1, -1, 1, -1, 128, 128, 128, 128, 0.1, 0.1, 0.1, 12.5, 12.5, 5, 5, 1, 2000, 1, 1, 0, 49, 72.72
SGD, 1, -1, 1, -1, 128, 128, 128, 128, 0.1, 0.1, 0.1, 12.5, 12.5, 5, 5, 1, 2000, 1, 1, 0, 50, 72.8
SGD, 1, -1, 1, -1, 128, 128, 128, 128, 0.1, 0.1, 0.1, 12.5, 12.5, 5, 5, 1, 2000, 1, 1, 0, 51, 72.43
SGD, 1, -1, 1, -1, 128, 128, 128, 128, 0.1, 0.1, 0.1, 12.5, 12.5, 5, 5, 1, 2000, 1, 1, 0, 52, 73.41
SGD, 1, -1, 1, -1, 128, 128, 128, 128, 0.1, 0.1, 0.1, 12.5, 12.5, 5, 5, 1, 2000, 1, 1, 0, 53, 71.91
SGD, 1, -1, 1, -1, 128, 128, 128, 128, 0.1, 0.1, 0.1, 12.5, 12.5, 5, 5, 1, 2000, 1, 1, 0, 54, 71.7
SGD, 1, -1, 1, -1, 128, 128, 128, 128, 0.1, 0.1, 0.1, 12.5, 12.5, 5, 5, 1, 2000, 1, 1, 0, 55, 72.37
SGD, 1, -1, 1, -1, 128, 128, 128, 128, 0.1, 0.1, 0.1, 12.5, 12.5, 5, 5, 1, 2000, 1, 1, 0, 56, 72.41
SGD, 1, -1, 1, -1, 128, 128, 128, 128, 0.1, 0.1, 0.1, 12.5, 12.5, 5, 5, 1, 2000, 1, 1, 0, 57, 73.22
SGD, 1, -1, 1, -1, 128, 128, 128, 128, 0.1, 0.1, 0.1, 12.5, 12.5, 5, 5, 1, 2000, 1, 1, 0, 58, 71.98
SGD, 1, -1, 1, -1, 128, 128, 128, 128, 0.1, 0.1, 0.1, 12.5, 12.5, 5, 5, 1, 2000, 1, 1, 0, 59, 73.22
SGD, 1, -1, 1, -1, 128, 128, 128, 128, 0.1, 0.1, 0.1, 12.5, 12.5, 5, 5, 1, 2000, 1, 1, 0, 60, 72.88
SGD, 1, -1, 1, -1, 128, 128, 128, 128, 0.1, 0.1, 0.1, 12.5, 12.5, 5, 5, 1, 2000, 1, 1, 0, 61, 73.43
SGD, 1, -1, 1, -1, 128, 128, 128, 128, 0.1, 0.1, 0.1, 12.5, 12.5, 5, 5, 1, 2000, 1, 1, 0, 62, 72.75
SGD, 1, -1, 1, -1, 128, 128, 128, 128, 0.1, 0.1, 0.1, 12.5, 12.5, 5, 5, 1, 2000, 1, 1, 0, 63, 73.11
SGD, 1, -1, 1, -1, 128, 128, 128, 128, 0.1, 0.1, 0.1, 12.5, 12.5, 5, 5, 1, 2000, 1, 1, 0, 64, 71.46
SGD, 1, -1, 1, -1, 128, 128, 128, 128, 0.1, 0.1, 0.1, 12.5, 12.5, 5, 5, 1, 2000, 1, 1, 0, 65, 72.55
SGD, 1, -1, 1, -1, 128, 128, 128, 128, 0.1, 0.1, 0.1, 12.5, 12.5, 5, 5, 1, 2000, 1, 1, 0, 66, 70.74
SGD, 1, -1, 1, -1, 128, 128, 128, 128, 0.1, 0.1, 0.1, 12.5, 12.5, 5, 5, 1, 2000, 1, 1, 0, 67, 73.04
SGD, 1, -1, 1, -1, 128, 128, 128, 128, 0.1, 0.1, 0.1, 12.5, 12.5, 5, 5, 1, 2000, 1, 1, 0, 68, 72.12
SGD, 1, -1, 1, -1, 128, 128, 128, 128, 0.1, 0.1, 0.1, 12.5, 12.5, 5, 5, 1, 2000, 1, 1, 0, 69, 73.26
SGD, 1, -1, 1, -1, 128, 128, 128, 128, 0.1, 0.1, 0.1, 12.5, 12.5, 5, 5, 1, 2000, 1, 1, 0, 70, 72.04
SGD, 1, -1, 1, -1, 128, 128, 128, 128, 0.1, 0.1, 0.1, 12.5, 12.5, 5, 5, 1, 2000, 1, 1, 0, 71, 73.03
SGD, 1, -1, 1, -1, 128, 128, 128, 128, 0.1, 0.1, 0.1, 12.5, 12.5, 5, 5, 1, 2000, 1, 1, 0, 72, 73.51
SGD, 1, -1, 1, -1, 128, 128, 128, 128, 0.1, 0.1, 0.1, 12.5, 12.5, 5, 5, 1, 2000, 1, 1, 0, 73, 72.69
SGD, 1, -1, 1, -1, 128, 128, 128, 128, 0.1, 0.1, 0.1, 12.5, 12.5, 5, 5, 1, 2000, 1, 1, 0, 74, 72.55
SGD, 1, -1, 1, -1, 128, 128, 128, 128, 0.1, 0.1, 0.1, 12.5, 12.5, 5, 5, 1, 2000, 1, 1, 0, 75, 72.78
SGD, 1, -1, 1, -1, 128, 128, 128, 128, 0.1, 0.1, 0.1, 12.5, 12.5, 5, 5, 1, 2000, 1, 1, 0, 76, 72.21
SGD, 1, -1, 1, -1, 128, 128, 128, 128, 0.1, 0.1, 0.1, 12.5, 12.5, 5, 5, 1, 2000, 1, 1, 0, 77, 72.36
SGD, 1, -1, 1, -1, 128, 128, 128, 128, 0.1, 0.1, 0.1, 12.5, 12.5, 5, 5, 1, 2000, 1, 1, 0, 78, 72.92
SGD, 1, -1, 1, -1, 128, 128, 128, 128, 0.1, 0.1, 0.1, 12.5, 12.5, 5, 5, 1, 2000, 1, 1, 0, 79, 72.6
SGD, 1, -1, 1, -1, 128, 128, 128, 128, 0.1, 0.1, 0.1, 12.5, 12.5, 5, 5, 1, 2000, 1, 1, 0, 80, 72.16
SGD, 1, -1, 1, -1, 128, 128, 128, 128, 0.1, 0.1, 0.1, 12.5, 12.5, 5, 5, 1, 2000, 1, 1, 0, 81, 73.17
SGD, 1, -1, 1, -1, 128, 128, 128, 128, 0.1, 0.1, 0.1, 12.5, 12.5, 5, 5, 1, 2000, 1, 1, 0, 82, 71.52
SGD, 1, -1, 1, -1, 128, 128, 128, 128, 0.1, 0.1, 0.1, 12.5, 12.5, 5, 5, 1, 2000, 1, 1, 0, 83, 72.48
SGD, 1, -1, 1, -1, 128, 128, 128, 128, 0.1, 0.1, 0.1, 12.5, 12.5, 5, 5, 1, 2000, 1, 1, 0, 84, 73.12
SGD, 1, -1, 1, -1, 128, 128, 128, 128, 0.1, 0.1, 0.1, 12.5, 12.5, 5, 5, 1, 2000, 1, 1, 0, 85, 73.01
SGD, 1, -1, 1, -1, 128, 128, 128, 128, 0.1, 0.1, 0.1, 12.5, 12.5, 5, 5, 1, 2000, 1, 1, 0, 86, 73.83
SGD, 1, -1, 1, -1, 128, 128, 128, 128, 0.1, 0.1, 0.1, 12.5, 12.5, 5, 5, 1, 2000, 1, 1, 0, 87, 73.18
SGD, 1, -1, 1, -1, 128, 128, 128, 128, 0.1, 0.1, 0.1, 12.5, 12.5, 5, 5, 1, 2000, 1, 1, 0, 88, 76.06
SGD, 1, -1, 1, -1, 128, 128, 128, 128, 0.1, 0.1, 0.1, 12.5, 12.5, 5, 5, 1, 2000, 1, 1, 0, 89, 79.65
SGD, 1, -1, 1, -1, 128, 128, 128, 128, 0.1, 0.1, 0.1, 12.5, 12.5, 5, 5, 1, 2000, 1, 1, 0, 90, 79.18
SGD, 1, -1, 1, -1, 128, 128, 128, 128, 0.1, 0.1, 0.1, 12.5, 12.5, 5, 5, 1, 2000, 1, 1, 0, 91, 78.65
SGD, 1, -1, 1, -1, 128, 128, 128, 128, 0.1, 0.1, 0.1, 12.5, 12.5, 5, 5, 1, 2000, 1, 1, 0, 92, 79.4
SGD, 1, -1, 1, -1, 128, 128, 128, 128, 0.1, 0.1, 0.1, 12.5, 12.5, 5, 5, 1, 2000, 1, 1, 0, 93, 77.77
SGD, 1, -1, 1, -1, 128, 128, 128, 128, 0.1, 0.1, 0.1, 12.5, 12.5, 5, 5, 1, 2000, 1, 1, 0, 94, 78.22
SGD, 1, -1, 1, -1, 128, 128, 128, 128, 0.1, 0.1, 0.1, 12.5, 12.5, 5, 5, 1, 2000, 1, 1, 0, 95, 79.29
SGD, 1, -1, 1, -1, 128, 128, 128, 128, 0.1, 0.1, 0.1, 12.5, 12.5, 5, 5, 1, 2000, 1, 1, 0, 96, 79.19
SGD, 1, -1, 1, -1, 128, 128, 128, 128, 0.1, 0.1, 0.1, 12.5, 12.5, 5, 5, 1, 2000, 1, 1, 0, 97, 79.67
SGD, 1, -1, 1, -1, 128, 128, 128, 128, 0.1, 0.1, 0.1, 12.5, 12.5, 5, 5, 1, 2000, 1, 1, 0, 98, 79.76
SGD, 1, -1, 1, -1, 128, 128, 128, 128, 0.1, 0.1, 0.1, 12.5, 12.5, 5, 5, 1, 2000, 1, 1, 0, 99, 80.32
SGD, 1, -1, 1, -1, 128, 128, 128, 128, 0.1, 0.1, 0.1, 12.5, 12.5, 5, 5, 1, 2000, 1, 1, 0, 100, 79.84
SGD, 1, -1, 1, -1, 128, 128, 128, 128, 0.1, 0.1, 0.1, 12.5, 12.5, 5, 5, 1, 2000, 1, 1, 0, 101, 80.35
SGD, 1, -1, 1, -1, 128, 128, 128, 128, 0.1, 0.1, 0.1, 12.5, 12.5, 5, 5, 1, 2000, 1, 1, 0, 102, 79.68
SGD, 1, -1, 1, -1, 128, 128, 128, 128, 0.1, 0.1, 0.1, 12.5, 12.5, 5, 5, 1, 2000, 1, 1, 0, 103, 78.86
SGD, 1, -1, 1, -1, 128, 128, 128, 128, 0.1, 0.1, 0.1, 12.5, 12.5, 5, 5, 1, 2000, 1, 1, 0, 104, 80.17
SGD, 1, -1, 1, -1, 128, 128, 128, 128, 0.1, 0.1, 0.1, 12.5, 12.5, 5, 5, 1, 2000, 1, 1, 0, 105, 80.47
SGD, 1, -1, 1, -1, 128, 128, 128, 128, 0.1, 0.1, 0.1, 12.5, 12.5, 5, 5, 1, 2000, 1, 1, 0, 106, 79.07
SGD, 1, -1, 1, -1, 128, 128, 128, 128, 0.1, 0.1, 0.1, 12.5, 12.5, 5, 5, 1, 2000, 1, 1, 0, 107, 80.4
SGD, 1, -1, 1, -1, 128, 128, 128, 128, 0.1, 0.1, 0.1, 12.5, 12.5, 5, 5, 1, 2000, 1, 1, 0, 108, 75.98
SGD, 1, -1, 1, -1, 128, 128, 128, 128, 0.1, 0.1, 0.1, 12.5, 12.5, 5, 5, 1, 2000, 1, 1, 0, 109, 79.5
SGD, 1, -1, 1, -1, 128, 128, 128, 128, 0.1, 0.1, 0.1, 12.5, 12.5, 5, 5, 1, 2000, 1, 1, 0, 110, 78.91
SGD, 1, -1, 1, -1, 128, 128, 128, 128, 0.1, 0.1, 0.1, 12.5, 12.5, 5, 5, 1, 2000, 1, 1, 0, 111, 80.19
SGD, 1, -1, 1, -1, 128, 128, 128, 128, 0.1, 0.1, 0.1, 12.5, 12.5, 5, 5, 1, 2000, 1, 1, 0, 112, 78.68
SGD, 1, -1, 1, -1, 128, 128, 128, 128, 0.1, 0.1, 0.1, 12.5, 12.5, 5, 5, 1, 2000, 1, 1, 0, 113, 75.66
SGD, 1, -1, 1, -1, 128, 128, 128, 128, 0.1, 0.1, 0.1, 12.5, 12.5, 5, 5, 1, 2000, 1, 1, 0, 114, 79.74
SGD, 1, -1, 1, -1, 128, 128, 128, 128, 0.1, 0.1, 0.1, 12.5, 12.5, 5, 5, 1, 2000, 1, 1, 0, 115, 79.5
SGD, 1, -1, 1, -1, 128, 128, 128, 128, 0.1, 0.1, 0.1, 12.5, 12.5, 5, 5, 1, 2000, 1, 1, 0, 116, 80.3
SGD, 1, -1, 1, -1, 128, 128, 128, 128, 0.1, 0.1, 0.1, 12.5, 12.5, 5, 5, 1, 2000, 1, 1, 0, 117, 79.47
SGD, 1, -1, 1, -1, 128, 128, 128, 128, 0.1, 0.1, 0.1, 12.5, 12.5, 5, 5, 1, 2000, 1, 1, 0, 118, 78.99
SGD, 1, -1, 1, -1, 128, 128, 128, 128, 0.1, 0.1, 0.1, 12.5, 12.5, 5, 5, 1, 2000, 1, 1, 0, 119, 78.32
SGD, 1, -1, 1, -1, 128, 128, 128, 128, 0.1, 0.1, 0.1, 12.5, 12.5, 5, 5, 1, 2000, 1, 1, 0, 120, 79.85
SGD, 1, -1, 1, -1, 128, 128, 128, 128, 0.1, 0.1, 0.1, 12.5, 12.5, 5, 5, 1, 2000, 1, 1, 0, 121, 78.1
SGD, 1, -1, 1, -1, 128, 128, 128, 128, 0.1, 0.1, 0.1, 12.5, 12.5, 5, 5, 1, 2000, 1, 1, 0, 122, 80.46
SGD, 1, -1, 1, -1, 128, 128, 128, 128, 0.1, 0.1, 0.1, 12.5, 12.5, 5, 5, 1, 2000, 1, 1, 0, 123, 79.94
SGD, 1, -1, 1, -1, 128, 128, 128, 128, 0.1, 0.1, 0.1, 12.5, 12.5, 5, 5, 1, 2000, 1, 1, 0, 124, 78.95
SGD, 1, -1, 1, -1, 128, 128, 128, 128, 0.1, 0.1, 0.1, 12.5, 12.5, 5, 5, 1, 2000, 1, 1, 0, 125, 80.2
SGD, 1, -1, 1, -1, 128, 128, 128, 128, 0.3, 0.3, 0.3, 12.5, 12.5, 2, 2, 1, 2000, 0, 1, 0, 1, 75.18
SGD, 1, -1, 1, -1, 128, 128, 128, 128, 0.3, 0.3, 0.3, 12.5, 12.5, 2, 2, 1, 2000, 0, 1, 0, 2, 84.44
SGD, 1, -1, 1, -1, 128, 128, 128, 128, 0.3, 0.3, 0.3, 12.5, 12.5, 2, 2, 1, 2000, 0, 1, 0, 3, 88.12
SGD, 1, -1, 1, -1, 128, 128, 128, 128, 0.3, 0.3, 0.3, 12.5, 12.5, 2, 2, 1, 2000, 0, 1, 0, 4, 89.57
SGD, 1, -1, 1, -1, 128, 128, 128, 128, 0.3, 0.3, 0.3, 12.5, 12.5, 2, 2, 1, 2000, 0, 1, 0, 5, 89.37
SGD, 1, -1, 1, -1, 128, 128, 128, 128, 0.3, 0.3, 0.3, 12.5, 12.5, 2, 2, 1, 2000, 0, 1, 0, 6, 89.88
SGD, 1, -1, 1, -1, 128, 128, 128, 128, 0.3, 0.3, 0.3, 12.5, 12.5, 2, 2, 1, 2000, 0, 1, 0, 7, 90.55
SGD, 1, -1, 1, -1, 128, 128, 128, 128, 0.3, 0.3, 0.3, 12.5, 12.5, 2, 2, 1, 2000, 0, 1, 0, 8, 91.21
SGD, 1, -1, 1, -1, 128, 128, 128, 128, 0.3, 0.3, 0.3, 12.5, 12.5, 2, 2, 1, 2000, 0, 1, 0, 9, 90.8
SGD, 1, -1, 1, -1, 128, 128, 128, 128, 0.3, 0.3, 0.3, 12.5, 12.5, 2, 2, 1, 2000, 0, 1, 0, 10, 91.3
SGD, 1, -1, 1, -1, 128, 128, 128, 128, 0.3, 0.3, 0.3, 12.5, 12.5, 2, 2, 1, 2000, 0, 1, 0, 11, 91.02
SGD, 1, -1, 1, -1, 128, 128, 128, 128, 0.3, 0.3, 0.3, 12.5, 12.5, 2, 2, 1, 2000, 0, 1, 0, 12, 91.68
SGD, 1, -1, 1, -1, 128, 128, 128, 128, 0.3, 0.3, 0.3, 12.5, 12.5, 2, 2, 1, 2000, 0, 1, 0, 13, 91.28
SGD, 1, -1, 1, -1, 128, 128, 128, 128, 0.3, 0.3, 0.3, 12.5, 12.5, 2, 2, 1, 2000, 0, 1, 0, 14, 92.32
SGD, 1, -1, 1, -1, 128, 128, 128, 128, 0.3, 0.3, 0.3, 12.5, 12.5, 2, 2, 1, 2000, 0, 1, 0, 15, 91.43
SGD, 1, -1, 1, -1, 128, 128, 128, 128, 0.3, 0.3, 0.3, 12.5, 12.5, 2, 2, 1, 2000, 0, 1, 0, 16, 91.68
SGD, 1, -1, 1, -1, 128, 128, 128, 128, 0.3, 0.3, 0.3, 12.5, 12.5, 2, 2, 1, 2000, 0, 1, 0, 17, 90.45
SGD, 1, -1, 1, -1, 128, 128, 128, 128, 0.3, 0.3, 0.3, 12.5, 12.5, 2, 2, 1, 2000, 0, 1, 0, 18, 92.47
SGD, 1, -1, 1, -1, 128, 128, 128, 128, 0.3, 0.3, 0.3, 12.5, 12.5, 2, 2, 1, 2000, 0, 1, 0, 19, 92.02
SGD, 1, -1, 1, -1, 128, 128, 128, 128, 0.3, 0.3, 0.3, 12.5, 12.5, 2, 2, 1, 2000, 0, 1, 0, 20, 91.88
