SGD, 1, -1, 1, -1, 128, 128, 128, 128, 0.4, 1, 12.5, 12.5, 2, 1, 61.22
SGD, 1, -1, 1, -1, 128, 128, 128, 128, 0.4, 1, 12.5, 12.5, 2, 2, 46.78
SGD, 1, -1, 1, -1, 128, 128, 128, 128, 0.4, 1, 12.5, 12.5, 2, 3, 54.32
SGD, 1, -1, 1, -1, 128, 128, 128, 128, 0.4, 1, 12.5, 12.5, 2, 4, 56.54
SGD, 1, -1, 1, -1, 128, 128, 128, 128, 0.4, 1, 12.5, 12.5, 2, 5, 59.27
SGD, 1, -1, 1, -1, 128, 128, 128, 128, 0.4, 1, 12.5, 12.5, 2, 6, 55.42
SGD, 1, -1, 1, -1, 128, 128, 128, 128, 0.4, 1, 12.5, 12.5, 2, 7, 50.93
SGD, 1, -1, 1, -1, 128, 128, 128, 128, 0.4, 1, 12.5, 12.5, 2, 8, 65.3
SGD, 1, -1, 1, -1, 128, 128, 128, 128, 0.4, 1, 12.5, 12.5, 2, 9, 50.91
SGD, 1, -1, 1, -1, 128, 128, 128, 128, 0.4, 1, 12.5, 12.5, 2, 10, 55.1
SGD, 1, -1, 1, -1, 128, 128, 128, 128, 0.4, 1, 12.5, 12.5, 2, 11, 52.65
SGD, 1, -1, 1, -1, 128, 128, 128, 128, 0.4, 1, 12.5, 12.5, 2, 12, 49.6
SGD, 1, -1, 1, -1, 128, 128, 128, 128, 0.4, 1, 12.5, 12.5, 2, 13, 48.58
SGD, 1, -1, 1, -1, 128, 128, 128, 128, 0.4, 1, 12.5, 12.5, 2, 14, 54.8
SGD, 1, -1, 1, -1, 128, 128, 128, 128, 0.4, 1, 12.5, 12.5, 2, 15, 50.07
SGD, 1, -1, 1, -1, 128, 128, 128, 128, 0.4, 1, 12.5, 12.5, 2, 16, 47.88
SGD, 1, -1, 1, -1, 128, 128, 128, 128, 0.4, 1, 12.5, 12.5, 2, 17, 50.51
SGD, 1, -1, 1, -1, 128, 128, 128, 128, 0.4, 1, 12.5, 12.5, 2, 18, 46.61
SGD, 1, -1, 1, -1, 128, 128, 128, 128, 0.4, 1, 12.5, 12.5, 2, 19, 38.46
SGD, 1, -1, 1, -1, 128, 128, 128, 128, 0.4, 1, 12.5, 12.5, 2, 20, 36.37
SGD, 1, -1, 1, -1, 128, 128, 128, 128, 0.4, 1, 12.5, 12.5, 4, 1, 82.61
SGD, 1, -1, 1, -1, 128, 128, 128, 128, 0.4, 1, 12.5, 12.5, 4, 2, 86.13
SGD, 1, -1, 1, -1, 128, 128, 128, 128, 0.4, 1, 12.5, 12.5, 4, 3, 87.84
SGD, 1, -1, 1, -1, 128, 128, 128, 128, 0.4, 1, 12.5, 12.5, 4, 4, 89.61
SGD, 1, -1, 1, -1, 128, 128, 128, 128, 0.4, 1, 12.5, 12.5, 4, 5, 89.73
SGD, 1, -1, 1, -1, 128, 128, 128, 128, 0.4, 1, 12.5, 12.5, 4, 6, 89.65
SGD, 1, -1, 1, -1, 128, 128, 128, 128, 0.4, 1, 12.5, 12.5, 4, 7, 89.98
SGD, 1, -1, 1, -1, 128, 128, 128, 128, 0.4, 1, 12.5, 12.5, 4, 8, 89.51
SGD, 1, -1, 1, -1, 128, 128, 128, 128, 0.4, 1, 12.5, 12.5, 4, 9, 91.57
SGD, 1, -1, 1, -1, 128, 128, 128, 128, 0.4, 1, 12.5, 12.5, 4, 10, 90.79
SGD, 1, -1, 1, -1, 128, 128, 128, 128, 0.4, 1, 12.5, 12.5, 4, 11, 90.42
SGD, 1, -1, 1, -1, 128, 128, 128, 128, 0.4, 1, 12.5, 12.5, 4, 12, 91.61
SGD, 1, -1, 1, -1, 128, 128, 128, 128, 0.4, 1, 12.5, 12.5, 4, 13, 89.78
SGD, 1, -1, 1, -1, 128, 128, 128, 128, 0.4, 1, 12.5, 12.5, 4, 14, 92.36
SGD, 1, -1, 1, -1, 128, 128, 128, 128, 0.4, 1, 12.5, 12.5, 4, 15, 90.14
SGD, 1, -1, 1, -1, 128, 128, 128, 128, 0.4, 1, 12.5, 12.5, 4, 16, 91.72
SGD, 1, -1, 1, -1, 128, 128, 128, 128, 0.4, 1, 12.5, 12.5, 4, 17, 85.71
SGD, 1, -1, 1, -1, 128, 128, 128, 128, 0.4, 1, 12.5, 12.5, 4, 18, 92.43
SGD, 1, -1, 1, -1, 128, 128, 128, 128, 0.4, 1, 12.5, 12.5, 4, 19, 90.13
SGD, 1, -1, 1, -1, 128, 128, 128, 128, 0.4, 1, 12.5, 12.5, 4, 20, 90.54
SGD, 1, -1, 1, -1, 128, 128, 128, 128, 0.4, 1, 12.5, 12.5, 6, 1, 74.1
SGD, 1, -1, 1, -1, 128, 128, 128, 128, 0.4, 1, 12.5, 12.5, 6, 2, 81.29
SGD, 1, -1, 1, -1, 128, 128, 128, 128, 0.4, 1, 12.5, 12.5, 6, 3, 84.4
SGD, 1, -1, 1, -1, 128, 128, 128, 128, 0.4, 1, 12.5, 12.5, 6, 4, 87.88
SGD, 1, -1, 1, -1, 128, 128, 128, 128, 0.4, 1, 12.5, 12.5, 6, 5, 88.91
SGD, 1, -1, 1, -1, 128, 128, 128, 128, 0.4, 1, 12.5, 12.5, 6, 6, 86.39
SGD, 1, -1, 1, -1, 128, 128, 128, 128, 0.4, 1, 12.5, 12.5, 6, 7, 89
SGD, 1, -1, 1, -1, 128, 128, 128, 128, 0.4, 1, 12.5, 12.5, 6, 8, 87.54
SGD, 1, -1, 1, -1, 128, 128, 128, 128, 0.4, 1, 12.5, 12.5, 6, 9, 90.63
SGD, 1, -1, 1, -1, 128, 128, 128, 128, 0.4, 1, 12.5, 12.5, 6, 10, 88.66
SGD, 1, -1, 1, -1, 128, 128, 128, 128, 0.4, 1, 12.5, 12.5, 6, 11, 88.28
SGD, 1, -1, 1, -1, 128, 128, 128, 128, 0.4, 1, 12.5, 12.5, 6, 12, 90.9
SGD, 1, -1, 1, -1, 128, 128, 128, 128, 0.4, 1, 12.5, 12.5, 6, 13, 89.97
SGD, 1, -1, 1, -1, 128, 128, 128, 128, 0.4, 1, 12.5, 12.5, 6, 14, 90.39
SGD, 1, -1, 1, -1, 128, 128, 128, 128, 0.4, 1, 12.5, 12.5, 6, 15, 84.17
SGD, 1, -1, 1, -1, 128, 128, 128, 128, 0.4, 1, 12.5, 12.5, 6, 16, 89.01
SGD, 1, -1, 1, -1, 128, 128, 128, 128, 0.4, 1, 12.5, 12.5, 6, 17, 85.93
SGD, 1, -1, 1, -1, 128, 128, 128, 128, 0.4, 1, 12.5, 12.5, 6, 18, 90.87
SGD, 1, -1, 1, -1, 128, 128, 128, 128, 0.4, 1, 12.5, 12.5, 6, 19, 90.06
SGD, 1, -1, 1, -1, 128, 128, 128, 128, 0.4, 1, 12.5, 12.5, 6, 20, 88.56
SGD, 1, -1, 1, -1, 128, 128, 128, 128, 0.4, 1, 12.5, 12.5, 8, 1, 63.1
SGD, 1, -1, 1, -1, 128, 128, 128, 128, 0.4, 1, 12.5, 12.5, 8, 2, 78.4
SGD, 1, -1, 1, -1, 128, 128, 128, 128, 0.4, 1, 12.5, 12.5, 8, 3, 82.79
SGD, 1, -1, 1, -1, 128, 128, 128, 128, 0.4, 1, 12.5, 12.5, 8, 4, 80.78
SGD, 1, -1, 1, -1, 128, 128, 128, 128, 0.4, 1, 12.5, 12.5, 8, 5, 84.76
SGD, 1, -1, 1, -1, 128, 128, 128, 128, 0.4, 1, 12.5, 12.5, 8, 6, 83.6
SGD, 1, -1, 1, -1, 128, 128, 128, 128, 0.4, 1, 12.5, 12.5, 8, 7, 78.68
SGD, 1, -1, 1, -1, 128, 128, 128, 128, 0.4, 1, 12.5, 12.5, 8, 8, 83.81
SGD, 1, -1, 1, -1, 128, 128, 128, 128, 0.4, 1, 12.5, 12.5, 8, 9, 86.08
SGD, 1, -1, 1, -1, 128, 128, 128, 128, 0.4, 1, 12.5, 12.5, 8, 10, 78.39
SGD, 1, -1, 1, -1, 128, 128, 128, 128, 0.4, 1, 12.5, 12.5, 8, 11, 78.2
SGD, 1, -1, 1, -1, 128, 128, 128, 128, 0.4, 1, 12.5, 12.5, 8, 12, 84.24
SGD, 1, -1, 1, -1, 128, 128, 128, 128, 0.4, 1, 12.5, 12.5, 8, 13, 86.19
SGD, 1, -1, 1, -1, 128, 128, 128, 128, 0.4, 1, 12.5, 12.5, 8, 14, 86.52
SGD, 1, -1, 1, -1, 128, 128, 128, 128, 0.4, 1, 12.5, 12.5, 8, 15, 73.49
SGD, 1, -1, 1, -1, 128, 128, 128, 128, 0.4, 1, 12.5, 12.5, 8, 16, 83.19
SGD, 1, -1, 1, -1, 128, 128, 128, 128, 0.4, 1, 12.5, 12.5, 8, 17, 73.59
SGD, 1, -1, 1, -1, 128, 128, 128, 128, 0.4, 1, 12.5, 12.5, 8, 18, 84.52
SGD, 1, -1, 1, -1, 128, 128, 128, 128, 0.4, 1, 12.5, 12.5, 8, 19, 84.63
SGD, 1, -1, 1, -1, 128, 128, 128, 128, 0.4, 1, 12.5, 12.5, 8, 20, 84.16
SGD, 1, -1, 1, -1, 128, 128, 128, 128, 0.4, 1, 12.5, 12.5, 10, 1, 55.89
SGD, 1, -1, 1, -1, 128, 128, 128, 128, 0.4, 1, 12.5, 12.5, 10, 2, 63.54
SGD, 1, -1, 1, -1, 128, 128, 128, 128, 0.4, 1, 12.5, 12.5, 10, 3, 79.6
SGD, 1, -1, 1, -1, 128, 128, 128, 128, 0.4, 1, 12.5, 12.5, 10, 4, 66.43
SGD, 1, -1, 1, -1, 128, 128, 128, 128, 0.4, 1, 12.5, 12.5, 10, 5, 43.31
SGD, 1, -1, 1, -1, 128, 128, 128, 128, 0.4, 1, 12.5, 12.5, 10, 6, 76.44
SGD, 1, -1, 1, -1, 128, 128, 128, 128, 0.4, 1, 12.5, 12.5, 10, 7, 69.47
SGD, 1, -1, 1, -1, 128, 128, 128, 128, 0.4, 1, 12.5, 12.5, 10, 8, 47.76
SGD, 1, -1, 1, -1, 128, 128, 128, 128, 0.4, 1, 12.5, 12.5, 10, 9, 72.12
SGD, 1, -1, 1, -1, 128, 128, 128, 128, 0.4, 1, 12.5, 12.5, 10, 10, 59.79
SGD, 1, -1, 1, -1, 128, 128, 128, 128, 0.4, 1, 12.5, 12.5, 10, 11, 37.18
SGD, 1, -1, 1, -1, 128, 128, 128, 128, 0.4, 1, 12.5, 12.5, 10, 12, 68
SGD, 1, -1, 1, -1, 128, 128, 128, 128, 0.4, 1, 12.5, 12.5, 10, 13, 44.33
SGD, 1, -1, 1, -1, 128, 128, 128, 128, 0.4, 1, 12.5, 12.5, 10, 14, 56.54
SGD, 1, -1, 1, -1, 128, 128, 128, 128, 0.4, 1, 12.5, 12.5, 10, 15, 52.65
SGD, 1, -1, 1, -1, 128, 128, 128, 128, 0.4, 1, 12.5, 12.5, 10, 16, 63.17
SGD, 1, -1, 1, -1, 128, 128, 128, 128, 0.4, 1, 12.5, 12.5, 10, 17, 38.45
SGD, 1, -1, 1, -1, 128, 128, 128, 128, 0.4, 1, 12.5, 12.5, 10, 18, 64.07
SGD, 1, -1, 1, -1, 128, 128, 128, 128, 0.4, 1, 12.5, 12.5, 10, 19, 41.85
SGD, 1, -1, 1, -1, 128, 128, 128, 128, 0.4, 1, 12.5, 12.5, 10, 20, 69.05
SGD, 1, -1, 1, -1, 128, 128, 128, 128, 0.4, 2, 12.5, 12.5, 2, 1, 15.46
SGD, 1, -1, 1, -1, 128, 128, 128, 128, 0.4, 2, 12.5, 12.5, 2, 2, 11.35
SGD, 1, -1, 1, -1, 128, 128, 128, 128, 0.4, 2, 12.5, 12.5, 2, 3, 9.8
SGD, 1, -1, 1, -1, 128, 128, 128, 128, 0.4, 2, 12.5, 12.5, 2, 4, 10.09
SGD, 1, -1, 1, -1, 128, 128, 128, 128, 0.4, 2, 12.5, 12.5, 2, 5, 13.33
SGD, 1, -1, 1, -1, 128, 128, 128, 128, 0.4, 2, 12.5, 12.5, 2, 6, 13.31
SGD, 1, -1, 1, -1, 128, 128, 128, 128, 0.4, 2, 12.5, 12.5, 2, 7, 18.18
SGD, 1, -1, 1, -1, 128, 128, 128, 128, 0.4, 2, 12.5, 12.5, 2, 8, 10.81
SGD, 1, -1, 1, -1, 128, 128, 128, 128, 0.4, 2, 12.5, 12.5, 2, 9, 19.02
SGD, 1, -1, 1, -1, 128, 128, 128, 128, 0.4, 2, 12.5, 12.5, 2, 10, 17.36
SGD, 1, -1, 1, -1, 128, 128, 128, 128, 0.4, 2, 12.5, 12.5, 2, 11, 9.59
SGD, 1, -1, 1, -1, 128, 128, 128, 128, 0.4, 2, 12.5, 12.5, 2, 12, 11.4
SGD, 1, -1, 1, -1, 128, 128, 128, 128, 0.4, 2, 12.5, 12.5, 2, 13, 9.8
SGD, 1, -1, 1, -1, 128, 128, 128, 128, 0.4, 2, 12.5, 12.5, 2, 14, 13.15
SGD, 1, -1, 1, -1, 128, 128, 128, 128, 0.4, 2, 12.5, 12.5, 2, 15, 9.58
SGD, 1, -1, 1, -1, 128, 128, 128, 128, 0.4, 2, 12.5, 12.5, 2, 16, 10.28
SGD, 1, -1, 1, -1, 128, 128, 128, 128, 0.4, 2, 12.5, 12.5, 2, 17, 10.34
SGD, 1, -1, 1, -1, 128, 128, 128, 128, 0.4, 2, 12.5, 12.5, 2, 18, 10.29
SGD, 1, -1, 1, -1, 128, 128, 128, 128, 0.4, 2, 12.5, 12.5, 2, 19, 9.8
SGD, 1, -1, 1, -1, 128, 128, 128, 128, 0.4, 2, 12.5, 12.5, 2, 20, 10.32
SGD, 1, -1, 1, -1, 128, 128, 128, 128, 0.4, 2, 12.5, 12.5, 4, 1, 73.47
SGD, 1, -1, 1, -1, 128, 128, 128, 128, 0.4, 2, 12.5, 12.5, 4, 2, 70.52
SGD, 1, -1, 1, -1, 128, 128, 128, 128, 0.4, 2, 12.5, 12.5, 4, 3, 79.77
SGD, 1, -1, 1, -1, 128, 128, 128, 128, 0.4, 2, 12.5, 12.5, 4, 4, 75.5
SGD, 1, -1, 1, -1, 128, 128, 128, 128, 0.4, 2, 12.5, 12.5, 4, 5, 77.85
SGD, 1, -1, 1, -1, 128, 128, 128, 128, 0.4, 2, 12.5, 12.5, 4, 6, 80.16
SGD, 1, -1, 1, -1, 128, 128, 128, 128, 0.4, 2, 12.5, 12.5, 4, 7, 83.92
SGD, 1, -1, 1, -1, 128, 128, 128, 128, 0.4, 2, 12.5, 12.5, 4, 8, 70.85
SGD, 1, -1, 1, -1, 128, 128, 128, 128, 0.4, 2, 12.5, 12.5, 4, 9, 83.48
SGD, 1, -1, 1, -1, 128, 128, 128, 128, 0.4, 2, 12.5, 12.5, 4, 10, 77.1
SGD, 1, -1, 1, -1, 128, 128, 128, 128, 0.4, 2, 12.5, 12.5, 4, 11, 80.02
SGD, 1, -1, 1, -1, 128, 128, 128, 128, 0.4, 2, 12.5, 12.5, 4, 12, 86.08
SGD, 1, -1, 1, -1, 128, 128, 128, 128, 0.4, 2, 12.5, 12.5, 4, 13, 83.59
SGD, 1, -1, 1, -1, 128, 128, 128, 128, 0.4, 2, 12.5, 12.5, 4, 14, 86
SGD, 1, -1, 1, -1, 128, 128, 128, 128, 0.4, 2, 12.5, 12.5, 4, 15, 76.68
SGD, 1, -1, 1, -1, 128, 128, 128, 128, 0.4, 2, 12.5, 12.5, 4, 16, 78.88
SGD, 1, -1, 1, -1, 128, 128, 128, 128, 0.4, 2, 12.5, 12.5, 4, 17, 81.05
SGD, 1, -1, 1, -1, 128, 128, 128, 128, 0.4, 2, 12.5, 12.5, 4, 18, 81.12
SGD, 1, -1, 1, -1, 128, 128, 128, 128, 0.4, 2, 12.5, 12.5, 4, 19, 73.85
SGD, 1, -1, 1, -1, 128, 128, 128, 128, 0.4, 2, 12.5, 12.5, 4, 20, 81.95
SGD, 1, -1, 1, -1, 128, 128, 128, 128, 0.4, 2, 12.5, 12.5, 6, 1, 20.51
SGD, 1, -1, 1, -1, 128, 128, 128, 128, 0.4, 2, 12.5, 12.5, 6, 2, 72.65
SGD, 1, -1, 1, -1, 128, 128, 128, 128, 0.4, 2, 12.5, 12.5, 6, 3, 72.16
SGD, 1, -1, 1, -1, 128, 128, 128, 128, 0.4, 2, 12.5, 12.5, 6, 4, 87.65
SGD, 1, -1, 1, -1, 128, 128, 128, 128, 0.4, 2, 12.5, 12.5, 6, 5, 87.68
SGD, 1, -1, 1, -1, 128, 128, 128, 128, 0.4, 2, 12.5, 12.5, 6, 6, 86.11
SGD, 1, -1, 1, -1, 128, 128, 128, 128, 0.4, 2, 12.5, 12.5, 6, 7, 86.79
SGD, 1, -1, 1, -1, 128, 128, 128, 128, 0.4, 2, 12.5, 12.5, 6, 8, 88.86
SGD, 1, -1, 1, -1, 128, 128, 128, 128, 0.4, 2, 12.5, 12.5, 6, 9, 88
SGD, 1, -1, 1, -1, 128, 128, 128, 128, 0.4, 2, 12.5, 12.5, 6, 10, 84.67
SGD, 1, -1, 1, -1, 128, 128, 128, 128, 0.4, 2, 12.5, 12.5, 6, 11, 85.25
SGD, 1, -1, 1, -1, 128, 128, 128, 128, 0.4, 2, 12.5, 12.5, 6, 12, 89.66
SGD, 1, -1, 1, -1, 128, 128, 128, 128, 0.4, 2, 12.5, 12.5, 6, 13, 87.01
SGD, 1, -1, 1, -1, 128, 128, 128, 128, 0.4, 2, 12.5, 12.5, 6, 14, 90.14
SGD, 1, -1, 1, -1, 128, 128, 128, 128, 0.4, 2, 12.5, 12.5, 6, 15, 85.74
SGD, 1, -1, 1, -1, 128, 128, 128, 128, 0.4, 2, 12.5, 12.5, 6, 16, 89.21
SGD, 1, -1, 1, -1, 128, 128, 128, 128, 0.4, 2, 12.5, 12.5, 6, 17, 84.08
SGD, 1, -1, 1, -1, 128, 128, 128, 128, 0.4, 2, 12.5, 12.5, 6, 18, 89.2
SGD, 1, -1, 1, -1, 128, 128, 128, 128, 0.4, 2, 12.5, 12.5, 6, 19, 83.63
SGD, 1, -1, 1, -1, 128, 128, 128, 128, 0.4, 2, 12.5, 12.5, 6, 20, 86.11
SGD, 1, -1, 1, -1, 128, 128, 128, 128, 0.4, 2, 12.5, 12.5, 8, 1, 21.55
SGD, 1, -1, 1, -1, 128, 128, 128, 128, 0.4, 2, 12.5, 12.5, 8, 2, 75.26
SGD, 1, -1, 1, -1, 128, 128, 128, 128, 0.4, 2, 12.5, 12.5, 8, 3, 71.88
SGD, 1, -1, 1, -1, 128, 128, 128, 128, 0.4, 2, 12.5, 12.5, 8, 4, 87.54
SGD, 1, -1, 1, -1, 128, 128, 128, 128, 0.4, 2, 12.5, 12.5, 8, 5, 84.3
SGD, 1, -1, 1, -1, 128, 128, 128, 128, 0.4, 2, 12.5, 12.5, 8, 6, 85.67
SGD, 1, -1, 1, -1, 128, 128, 128, 128, 0.4, 2, 12.5, 12.5, 8, 7, 86.32
SGD, 1, -1, 1, -1, 128, 128, 128, 128, 0.4, 2, 12.5, 12.5, 8, 8, 86.91
SGD, 1, -1, 1, -1, 128, 128, 128, 128, 0.4, 2, 12.5, 12.5, 8, 9, 88.4
SGD, 1, -1, 1, -1, 128, 128, 128, 128, 0.4, 2, 12.5, 12.5, 8, 10, 85.18
SGD, 1, -1, 1, -1, 128, 128, 128, 128, 0.4, 2, 12.5, 12.5, 8, 11, 85.89
SGD, 1, -1, 1, -1, 128, 128, 128, 128, 0.4, 2, 12.5, 12.5, 8, 12, 89.69
SGD, 1, -1, 1, -1, 128, 128, 128, 128, 0.4, 2, 12.5, 12.5, 8, 13, 88.19
SGD, 1, -1, 1, -1, 128, 128, 128, 128, 0.4, 2, 12.5, 12.5, 8, 14, 90.19
SGD, 1, -1, 1, -1, 128, 128, 128, 128, 0.4, 2, 12.5, 12.5, 8, 15, 85.07
SGD, 1, -1, 1, -1, 128, 128, 128, 128, 0.4, 2, 12.5, 12.5, 8, 16, 87.92
SGD, 1, -1, 1, -1, 128, 128, 128, 128, 0.4, 2, 12.5, 12.5, 8, 17, 80.02
SGD, 1, -1, 1, -1, 128, 128, 128, 128, 0.4, 2, 12.5, 12.5, 8, 18, 82.72
SGD, 1, -1, 1, -1, 128, 128, 128, 128, 0.4, 2, 12.5, 12.5, 8, 19, 79.63
SGD, 1, -1, 1, -1, 128, 128, 128, 128, 0.4, 2, 12.5, 12.5, 8, 20, 89.34
SGD, 1, -1, 1, -1, 128, 128, 128, 128, 0.4, 2, 12.5, 12.5, 10, 1, 72.76
SGD, 1, -1, 1, -1, 128, 128, 128, 128, 0.4, 2, 12.5, 12.5, 10, 2, 78.22
SGD, 1, -1, 1, -1, 128, 128, 128, 128, 0.4, 2, 12.5, 12.5, 10, 3, 85.5
SGD, 1, -1, 1, -1, 128, 128, 128, 128, 0.4, 2, 12.5, 12.5, 10, 4, 85.15
SGD, 1, -1, 1, -1, 128, 128, 128, 128, 0.4, 2, 12.5, 12.5, 10, 5, 85.72
SGD, 1, -1, 1, -1, 128, 128, 128, 128, 0.4, 2, 12.5, 12.5, 10, 6, 82.61
SGD, 1, -1, 1, -1, 128, 128, 128, 128, 0.4, 2, 12.5, 12.5, 10, 7, 88.73
SGD, 1, -1, 1, -1, 128, 128, 128, 128, 0.4, 2, 12.5, 12.5, 10, 8, 87.73
SGD, 1, -1, 1, -1, 128, 128, 128, 128, 0.4, 2, 12.5, 12.5, 10, 9, 87.15
SGD, 1, -1, 1, -1, 128, 128, 128, 128, 0.4, 2, 12.5, 12.5, 10, 10, 85.14
SGD, 1, -1, 1, -1, 128, 128, 128, 128, 0.4, 2, 12.5, 12.5, 10, 11, 84.96
SGD, 1, -1, 1, -1, 128, 128, 128, 128, 0.4, 2, 12.5, 12.5, 10, 12, 89.28
SGD, 1, -1, 1, -1, 128, 128, 128, 128, 0.4, 2, 12.5, 12.5, 10, 13, 85.86
SGD, 1, -1, 1, -1, 128, 128, 128, 128, 0.4, 2, 12.5, 12.5, 10, 14, 85.68
SGD, 1, -1, 1, -1, 128, 128, 128, 128, 0.4, 2, 12.5, 12.5, 10, 15, 84.02
SGD, 1, -1, 1, -1, 128, 128, 128, 128, 0.4, 2, 12.5, 12.5, 10, 16, 85.23
SGD, 1, -1, 1, -1, 128, 128, 128, 128, 0.4, 2, 12.5, 12.5, 10, 17, 73.92
SGD, 1, -1, 1, -1, 128, 128, 128, 128, 0.4, 2, 12.5, 12.5, 10, 18, 85.98
SGD, 1, -1, 1, -1, 128, 128, 128, 128, 0.4, 2, 12.5, 12.5, 10, 19, 82.94
SGD, 1, -1, 1, -1, 128, 128, 128, 128, 0.4, 2, 12.5, 12.5, 10, 20, 87.77
SGD, 1, -1, 1, -1, 128, 128, 128, 128, 0.4, 3, 12.5, 12.5, 2, 1, 11.74
SGD, 1, -1, 1, -1, 128, 128, 128, 128, 0.4, 3, 12.5, 12.5, 2, 2, 11.35
SGD, 1, -1, 1, -1, 128, 128, 128, 128, 0.4, 3, 12.5, 12.5, 2, 3, 11.96
SGD, 1, -1, 1, -1, 128, 128, 128, 128, 0.4, 3, 12.5, 12.5, 2, 4, 11.42
SGD, 1, -1, 1, -1, 128, 128, 128, 128, 0.4, 3, 12.5, 12.5, 2, 5, 10.19
SGD, 1, -1, 1, -1, 128, 128, 128, 128, 0.4, 3, 12.5, 12.5, 2, 6, 12.84
SGD, 1, -1, 1, -1, 128, 128, 128, 128, 0.4, 3, 12.5, 12.5, 2, 7, 10.78
SGD, 1, -1, 1, -1, 128, 128, 128, 128, 0.4, 3, 12.5, 12.5, 2, 8, 10.28
SGD, 1, -1, 1, -1, 128, 128, 128, 128, 0.4, 3, 12.5, 12.5, 2, 9, 9.59
SGD, 1, -1, 1, -1, 128, 128, 128, 128, 0.4, 3, 12.5, 12.5, 2, 10, 12.43
SGD, 1, -1, 1, -1, 128, 128, 128, 128, 0.4, 3, 12.5, 12.5, 2, 11, 8.92
SGD, 1, -1, 1, -1, 128, 128, 128, 128, 0.4, 3, 12.5, 12.5, 2, 12, 11.68
SGD, 1, -1, 1, -1, 128, 128, 128, 128, 0.4, 3, 12.5, 12.5, 2, 13, 9.8
SGD, 1, -1, 1, -1, 128, 128, 128, 128, 0.4, 3, 12.5, 12.5, 2, 14, 11.35
SGD, 1, -1, 1, -1, 128, 128, 128, 128, 0.4, 3, 12.5, 12.5, 2, 15, 9.86
SGD, 1, -1, 1, -1, 128, 128, 128, 128, 0.4, 3, 12.5, 12.5, 2, 16, 10.28
SGD, 1, -1, 1, -1, 128, 128, 128, 128, 0.4, 3, 12.5, 12.5, 2, 17, 10.32
SGD, 1, -1, 1, -1, 128, 128, 128, 128, 0.4, 3, 12.5, 12.5, 2, 18, 10.28
SGD, 1, -1, 1, -1, 128, 128, 128, 128, 0.4, 3, 12.5, 12.5, 2, 19, 9.8
SGD, 1, -1, 1, -1, 128, 128, 128, 128, 0.4, 3, 12.5, 12.5, 2, 20, 10.32
SGD, 1, -1, 1, -1, 128, 128, 128, 128, 0.4, 3, 12.5, 12.5, 4, 1, 55.01
SGD, 1, -1, 1, -1, 128, 128, 128, 128, 0.4, 3, 12.5, 12.5, 4, 2, 45.58
SGD, 1, -1, 1, -1, 128, 128, 128, 128, 0.4, 3, 12.5, 12.5, 4, 3, 39.42
SGD, 1, -1, 1, -1, 128, 128, 128, 128, 0.4, 3, 12.5, 12.5, 4, 4, 47.45
SGD, 1, -1, 1, -1, 128, 128, 128, 128, 0.4, 3, 12.5, 12.5, 4, 5, 37.73
SGD, 1, -1, 1, -1, 128, 128, 128, 128, 0.4, 3, 12.5, 12.5, 4, 6, 32.14
SGD, 1, -1, 1, -1, 128, 128, 128, 128, 0.4, 3, 12.5, 12.5, 4, 7, 30.51
SGD, 1, -1, 1, -1, 128, 128, 128, 128, 0.4, 3, 12.5, 12.5, 4, 8, 17.06
SGD, 1, -1, 1, -1, 128, 128, 128, 128, 0.4, 3, 12.5, 12.5, 4, 9, 22.42
SGD, 1, -1, 1, -1, 128, 128, 128, 128, 0.4, 3, 12.5, 12.5, 4, 10, 27.94
SGD, 1, -1, 1, -1, 128, 128, 128, 128, 0.4, 3, 12.5, 12.5, 4, 11, 35.14
SGD, 1, -1, 1, -1, 128, 128, 128, 128, 0.4, 3, 12.5, 12.5, 4, 12, 14.13
SGD, 1, -1, 1, -1, 128, 128, 128, 128, 0.4, 3, 12.5, 12.5, 4, 13, 27.51
SGD, 1, -1, 1, -1, 128, 128, 128, 128, 0.4, 3, 12.5, 12.5, 4, 14, 20.02
SGD, 1, -1, 1, -1, 128, 128, 128, 128, 0.4, 3, 12.5, 12.5, 4, 15, 28.1
SGD, 1, -1, 1, -1, 128, 128, 128, 128, 0.4, 3, 12.5, 12.5, 4, 16, 30.47
SGD, 1, -1, 1, -1, 128, 128, 128, 128, 0.4, 3, 12.5, 12.5, 4, 17, 24.87
SGD, 1, -1, 1, -1, 128, 128, 128, 128, 0.4, 3, 12.5, 12.5, 4, 18, 27.16
SGD, 1, -1, 1, -1, 128, 128, 128, 128, 0.4, 3, 12.5, 12.5, 4, 19, 27.06
SGD, 1, -1, 1, -1, 128, 128, 128, 128, 0.4, 3, 12.5, 12.5, 4, 20, 42.48
SGD, 1, -1, 1, -1, 128, 128, 128, 128, 0.4, 3, 12.5, 12.5, 6, 1, 25.88
SGD, 1, -1, 1, -1, 128, 128, 128, 128, 0.4, 3, 12.5, 12.5, 6, 2, 66.07
SGD, 1, -1, 1, -1, 128, 128, 128, 128, 0.4, 3, 12.5, 12.5, 6, 3, 69.52
SGD, 1, -1, 1, -1, 128, 128, 128, 128, 0.4, 3, 12.5, 12.5, 6, 4, 77.5
SGD, 1, -1, 1, -1, 128, 128, 128, 128, 0.4, 3, 12.5, 12.5, 6, 5, 83.22
SGD, 1, -1, 1, -1, 128, 128, 128, 128, 0.4, 3, 12.5, 12.5, 6, 6, 71.65
SGD, 1, -1, 1, -1, 128, 128, 128, 128, 0.4, 3, 12.5, 12.5, 6, 7, 77.28
SGD, 1, -1, 1, -1, 128, 128, 128, 128, 0.4, 3, 12.5, 12.5, 6, 8, 81.63
SGD, 1, -1, 1, -1, 128, 128, 128, 128, 0.4, 3, 12.5, 12.5, 6, 9, 76.11
SGD, 1, -1, 1, -1, 128, 128, 128, 128, 0.4, 3, 12.5, 12.5, 6, 10, 76.92
SGD, 1, -1, 1, -1, 128, 128, 128, 128, 0.4, 3, 12.5, 12.5, 6, 11, 78.02
SGD, 1, -1, 1, -1, 128, 128, 128, 128, 0.4, 3, 12.5, 12.5, 6, 12, 84.88
SGD, 1, -1, 1, -1, 128, 128, 128, 128, 0.4, 3, 12.5, 12.5, 6, 13, 80.2
SGD, 1, -1, 1, -1, 128, 128, 128, 128, 0.4, 3, 12.5, 12.5, 6, 14, 80.37
SGD, 1, -1, 1, -1, 128, 128, 128, 128, 0.4, 3, 12.5, 12.5, 6, 15, 73.85
SGD, 1, -1, 1, -1, 128, 128, 128, 128, 0.4, 3, 12.5, 12.5, 6, 16, 79.13
SGD, 1, -1, 1, -1, 128, 128, 128, 128, 0.4, 3, 12.5, 12.5, 6, 17, 80.14
SGD, 1, -1, 1, -1, 128, 128, 128, 128, 0.4, 3, 12.5, 12.5, 6, 18, 84.79
SGD, 1, -1, 1, -1, 128, 128, 128, 128, 0.4, 3, 12.5, 12.5, 6, 19, 72.04
SGD, 1, -1, 1, -1, 128, 128, 128, 128, 0.4, 3, 12.5, 12.5, 6, 20, 81.78
SGD, 1, -1, 1, -1, 128, 128, 128, 128, 0.4, 3, 12.5, 12.5, 8, 1, 46.57
SGD, 1, -1, 1, -1, 128, 128, 128, 128, 0.4, 3, 12.5, 12.5, 8, 2, 75.58
SGD, 1, -1, 1, -1, 128, 128, 128, 128, 0.4, 3, 12.5, 12.5, 8, 3, 80.16
SGD, 1, -1, 1, -1, 128, 128, 128, 128, 0.4, 3, 12.5, 12.5, 8, 4, 78.19
SGD, 1, -1, 1, -1, 128, 128, 128, 128, 0.4, 3, 12.5, 12.5, 8, 5, 81.91
SGD, 1, -1, 1, -1, 128, 128, 128, 128, 0.4, 3, 12.5, 12.5, 8, 6, 85.33
SGD, 1, -1, 1, -1, 128, 128, 128, 128, 0.4, 3, 12.5, 12.5, 8, 7, 80.2
SGD, 1, -1, 1, -1, 128, 128, 128, 128, 0.4, 3, 12.5, 12.5, 8, 8, 83.84
SGD, 1, -1, 1, -1, 128, 128, 128, 128, 0.4, 3, 12.5, 12.5, 8, 9, 84.63
SGD, 1, -1, 1, -1, 128, 128, 128, 128, 0.4, 3, 12.5, 12.5, 8, 10, 79.75
SGD, 1, -1, 1, -1, 128, 128, 128, 128, 0.4, 3, 12.5, 12.5, 8, 11, 79.86
SGD, 1, -1, 1, -1, 128, 128, 128, 128, 0.4, 3, 12.5, 12.5, 8, 12, 88.67
SGD, 1, -1, 1, -1, 128, 128, 128, 128, 0.4, 3, 12.5, 12.5, 8, 13, 86.21
SGD, 1, -1, 1, -1, 128, 128, 128, 128, 0.4, 3, 12.5, 12.5, 8, 14, 88.48
SGD, 1, -1, 1, -1, 128, 128, 128, 128, 0.4, 3, 12.5, 12.5, 8, 15, 82.13
SGD, 1, -1, 1, -1, 128, 128, 128, 128, 0.4, 3, 12.5, 12.5, 8, 16, 81.72
SGD, 1, -1, 1, -1, 128, 128, 128, 128, 0.4, 3, 12.5, 12.5, 8, 17, 74.22
SGD, 1, -1, 1, -1, 128, 128, 128, 128, 0.4, 3, 12.5, 12.5, 8, 18, 85.04
SGD, 1, -1, 1, -1, 128, 128, 128, 128, 0.4, 3, 12.5, 12.5, 8, 19, 81.83
SGD, 1, -1, 1, -1, 128, 128, 128, 128, 0.4, 3, 12.5, 12.5, 8, 20, 86.56
SGD, 1, -1, 1, -1, 128, 128, 128, 128, 0.4, 3, 12.5, 12.5, 10, 1, 12.28
SGD, 1, -1, 1, -1, 128, 128, 128, 128, 0.4, 3, 12.5, 12.5, 10, 2, 12.25
SGD, 1, -1, 1, -1, 128, 128, 128, 128, 0.4, 3, 12.5, 12.5, 10, 3, 13.42
SGD, 1, -1, 1, -1, 128, 128, 128, 128, 0.4, 3, 12.5, 12.5, 10, 4, 12.72
SGD, 1, -1, 1, -1, 128, 128, 128, 128, 0.4, 3, 12.5, 12.5, 10, 5, 10.92
SGD, 1, -1, 1, -1, 128, 128, 128, 128, 0.4, 3, 12.5, 12.5, 10, 6, 10.92
SGD, 1, -1, 1, -1, 128, 128, 128, 128, 0.4, 3, 12.5, 12.5, 10, 7, 10.85
SGD, 1, -1, 1, -1, 128, 128, 128, 128, 0.4, 3, 12.5, 12.5, 10, 8, 12.52
SGD, 1, -1, 1, -1, 128, 128, 128, 128, 0.4, 3, 12.5, 12.5, 10, 9, 12.52
SGD, 1, -1, 1, -1, 128, 128, 128, 128, 0.4, 3, 12.5, 12.5, 10, 10, 12.3
SGD, 1, -1, 1, -1, 128, 128, 128, 128, 0.4, 3, 12.5, 12.5, 10, 11, 12.3
SGD, 1, -1, 1, -1, 128, 128, 128, 128, 0.4, 3, 12.5, 12.5, 10, 12, 12.15
SGD, 1, -1, 1, -1, 128, 128, 128, 128, 0.4, 3, 12.5, 12.5, 10, 13, 11.9
SGD, 1, -1, 1, -1, 128, 128, 128, 128, 0.4, 3, 12.5, 12.5, 10, 14, 11.86
SGD, 1, -1, 1, -1, 128, 128, 128, 128, 0.4, 3, 12.5, 12.5, 10, 15, 10.71
SGD, 1, -1, 1, -1, 128, 128, 128, 128, 0.4, 3, 12.5, 12.5, 10, 16, 14.85
SGD, 1, -1, 1, -1, 128, 128, 128, 128, 0.4, 3, 12.5, 12.5, 10, 17, 12.73
SGD, 1, -1, 1, -1, 128, 128, 128, 128, 0.4, 3, 12.5, 12.5, 10, 18, 15.58
SGD, 1, -1, 1, -1, 128, 128, 128, 128, 0.4, 3, 12.5, 12.5, 10, 19, 21.86
SGD, 1, -1, 1, -1, 128, 128, 128, 128, 0.4, 3, 12.5, 12.5, 10, 20, 26.36
SGD, 1, -1, 1, -1, 128, 128, 128, 128, 0.4, 4, 12.5, 12.5, 2, 1, 11.35
SGD, 1, -1, 1, -1, 128, 128, 128, 128, 0.4, 4, 12.5, 12.5, 2, 2, 11.35
SGD, 1, -1, 1, -1, 128, 128, 128, 128, 0.4, 4, 12.5, 12.5, 2, 3, 9.58
SGD, 1, -1, 1, -1, 128, 128, 128, 128, 0.4, 4, 12.5, 12.5, 2, 4, 10.63
SGD, 1, -1, 1, -1, 128, 128, 128, 128, 0.4, 4, 12.5, 12.5, 2, 5, 12.31
SGD, 1, -1, 1, -1, 128, 128, 128, 128, 0.4, 4, 12.5, 12.5, 2, 6, 11.35
SGD, 1, -1, 1, -1, 128, 128, 128, 128, 0.4, 4, 12.5, 12.5, 2, 7, 9.4
SGD, 1, -1, 1, -1, 128, 128, 128, 128, 0.4, 4, 12.5, 12.5, 2, 8, 10.28
SGD, 1, -1, 1, -1, 128, 128, 128, 128, 0.4, 4, 12.5, 12.5, 2, 9, 9.58
SGD, 1, -1, 1, -1, 128, 128, 128, 128, 0.4, 4, 12.5, 12.5, 2, 10, 9.97
SGD, 1, -1, 1, -1, 128, 128, 128, 128, 0.4, 4, 12.5, 12.5, 2, 11, 8.92
SGD, 1, -1, 1, -1, 128, 128, 128, 128, 0.4, 4, 12.5, 12.5, 2, 12, 10.31
SGD, 1, -1, 1, -1, 128, 128, 128, 128, 0.4, 4, 12.5, 12.5, 2, 13, 9.8
SGD, 1, -1, 1, -1, 128, 128, 128, 128, 0.4, 4, 12.5, 12.5, 2, 14, 11.35
SGD, 1, -1, 1, -1, 128, 128, 128, 128, 0.4, 4, 12.5, 12.5, 2, 15, 9.58
SGD, 1, -1, 1, -1, 128, 128, 128, 128, 0.4, 4, 12.5, 12.5, 2, 16, 10.28
SGD, 1, -1, 1, -1, 128, 128, 128, 128, 0.4, 4, 12.5, 12.5, 2, 17, 10.32
SGD, 1, -1, 1, -1, 128, 128, 128, 128, 0.4, 4, 12.5, 12.5, 2, 18, 10.28
SGD, 1, -1, 1, -1, 128, 128, 128, 128, 0.4, 4, 12.5, 12.5, 2, 19, 9.8
SGD, 1, -1, 1, -1, 128, 128, 128, 128, 0.4, 4, 12.5, 12.5, 2, 20, 10.32
SGD, 1, -1, 1, -1, 128, 128, 128, 128, 0.4, 4, 12.5, 12.5, 4, 1, 13.93
SGD, 1, -1, 1, -1, 128, 128, 128, 128, 0.4, 4, 12.5, 12.5, 4, 2, 15.73
SGD, 1, -1, 1, -1, 128, 128, 128, 128, 0.4, 4, 12.5, 12.5, 4, 3, 9.63
SGD, 1, -1, 1, -1, 128, 128, 128, 128, 0.4, 4, 12.5, 12.5, 4, 4, 17.8
SGD, 1, -1, 1, -1, 128, 128, 128, 128, 0.4, 4, 12.5, 12.5, 4, 5, 17.56
SGD, 1, -1, 1, -1, 128, 128, 128, 128, 0.4, 4, 12.5, 12.5, 4, 6, 11.24
SGD, 1, -1, 1, -1, 128, 128, 128, 128, 0.4, 4, 12.5, 12.5, 4, 7, 13.24
SGD, 1, -1, 1, -1, 128, 128, 128, 128, 0.4, 4, 12.5, 12.5, 4, 8, 11.69
SGD, 1, -1, 1, -1, 128, 128, 128, 128, 0.4, 4, 12.5, 12.5, 4, 9, 12.17
SGD, 1, -1, 1, -1, 128, 128, 128, 128, 0.4, 4, 12.5, 12.5, 4, 10, 9.81
SGD, 1, -1, 1, -1, 128, 128, 128, 128, 0.4, 4, 12.5, 12.5, 4, 11, 10.65
SGD, 1, -1, 1, -1, 128, 128, 128, 128, 0.4, 4, 12.5, 12.5, 4, 12, 10.32
SGD, 1, -1, 1, -1, 128, 128, 128, 128, 0.4, 4, 12.5, 12.5, 4, 13, 8.92
SGD, 1, -1, 1, -1, 128, 128, 128, 128, 0.4, 4, 12.5, 12.5, 4, 14, 9.8
SGD, 1, -1, 1, -1, 128, 128, 128, 128, 0.4, 4, 12.5, 12.5, 4, 15, 9.68
SGD, 1, -1, 1, -1, 128, 128, 128, 128, 0.4, 4, 12.5, 12.5, 4, 16, 11.32
SGD, 1, -1, 1, -1, 128, 128, 128, 128, 0.4, 4, 12.5, 12.5, 4, 17, 10.32
SGD, 1, -1, 1, -1, 128, 128, 128, 128, 0.4, 4, 12.5, 12.5, 4, 18, 10.32
SGD, 1, -1, 1, -1, 128, 128, 128, 128, 0.4, 4, 12.5, 12.5, 4, 19, 9.58
SGD, 1, -1, 1, -1, 128, 128, 128, 128, 0.4, 4, 12.5, 12.5, 4, 20, 10.33
SGD, 1, -1, 1, -1, 128, 128, 128, 128, 0.4, 4, 12.5, 12.5, 6, 1, 45.15
SGD, 1, -1, 1, -1, 128, 128, 128, 128, 0.4, 4, 12.5, 12.5, 6, 2, 50.79
SGD, 1, -1, 1, -1, 128, 128, 128, 128, 0.4, 4, 12.5, 12.5, 6, 3, 57.6
SGD, 1, -1, 1, -1, 128, 128, 128, 128, 0.4, 4, 12.5, 12.5, 6, 4, 68.86
SGD, 1, -1, 1, -1, 128, 128, 128, 128, 0.4, 4, 12.5, 12.5, 6, 5, 67.67
SGD, 1, -1, 1, -1, 128, 128, 128, 128, 0.4, 4, 12.5, 12.5, 6, 6, 54.62
SGD, 1, -1, 1, -1, 128, 128, 128, 128, 0.4, 4, 12.5, 12.5, 6, 7, 72.6
SGD, 1, -1, 1, -1, 128, 128, 128, 128, 0.4, 4, 12.5, 12.5, 6, 8, 69.54
SGD, 1, -1, 1, -1, 128, 128, 128, 128, 0.4, 4, 12.5, 12.5, 6, 9, 65.08
SGD, 1, -1, 1, -1, 128, 128, 128, 128, 0.4, 4, 12.5, 12.5, 6, 10, 62.46
SGD, 1, -1, 1, -1, 128, 128, 128, 128, 0.4, 4, 12.5, 12.5, 6, 11, 60.33
SGD, 1, -1, 1, -1, 128, 128, 128, 128, 0.4, 4, 12.5, 12.5, 6, 12, 67.02
SGD, 1, -1, 1, -1, 128, 128, 128, 128, 0.4, 4, 12.5, 12.5, 6, 13, 64.7
SGD, 1, -1, 1, -1, 128, 128, 128, 128, 0.4, 4, 12.5, 12.5, 6, 14, 58.59
SGD, 1, -1, 1, -1, 128, 128, 128, 128, 0.4, 4, 12.5, 12.5, 6, 15, 41.88
SGD, 1, -1, 1, -1, 128, 128, 128, 128, 0.4, 4, 12.5, 12.5, 6, 16, 65.06
SGD, 1, -1, 1, -1, 128, 128, 128, 128, 0.4, 4, 12.5, 12.5, 6, 17, 62.49
SGD, 1, -1, 1, -1, 128, 128, 128, 128, 0.4, 4, 12.5, 12.5, 6, 18, 50.83
SGD, 1, -1, 1, -1, 128, 128, 128, 128, 0.4, 4, 12.5, 12.5, 6, 19, 62.72
SGD, 1, -1, 1, -1, 128, 128, 128, 128, 0.4, 4, 12.5, 12.5, 6, 20, 33.72
SGD, 1, -1, 1, -1, 128, 128, 128, 128, 0.4, 4, 12.5, 12.5, 8, 1, 10
SGD, 1, -1, 1, -1, 128, 128, 128, 128, 0.4, 4, 12.5, 12.5, 8, 2, 9.8
SGD, 1, -1, 1, -1, 128, 128, 128, 128, 0.4, 4, 12.5, 12.5, 8, 3, 19.05
SGD, 1, -1, 1, -1, 128, 128, 128, 128, 0.4, 4, 12.5, 12.5, 8, 4, 21.47
SGD, 1, -1, 1, -1, 128, 128, 128, 128, 0.4, 4, 12.5, 12.5, 8, 5, 22.93
SGD, 1, -1, 1, -1, 128, 128, 128, 128, 0.4, 4, 12.5, 12.5, 8, 6, 29.42
SGD, 1, -1, 1, -1, 128, 128, 128, 128, 0.4, 4, 12.5, 12.5, 8, 7, 64.25
SGD, 1, -1, 1, -1, 128, 128, 128, 128, 0.4, 4, 12.5, 12.5, 8, 8, 72.86
SGD, 1, -1, 1, -1, 128, 128, 128, 128, 0.4, 4, 12.5, 12.5, 8, 9, 71.28
SGD, 1, -1, 1, -1, 128, 128, 128, 128, 0.4, 4, 12.5, 12.5, 8, 10, 65.06
SGD, 1, -1, 1, -1, 128, 128, 128, 128, 0.4, 4, 12.5, 12.5, 8, 11, 69.52
SGD, 1, -1, 1, -1, 128, 128, 128, 128, 0.4, 4, 12.5, 12.5, 8, 12, 82.91
SGD, 1, -1, 1, -1, 128, 128, 128, 128, 0.4, 4, 12.5, 12.5, 8, 13, 82.04
SGD, 1, -1, 1, -1, 128, 128, 128, 128, 0.4, 4, 12.5, 12.5, 8, 14, 84.54
SGD, 1, -1, 1, -1, 128, 128, 128, 128, 0.4, 4, 12.5, 12.5, 8, 15, 70.73
SGD, 1, -1, 1, -1, 128, 128, 128, 128, 0.4, 4, 12.5, 12.5, 8, 16, 80.88
SGD, 1, -1, 1, -1, 128, 128, 128, 128, 0.4, 4, 12.5, 12.5, 8, 17, 70.2
SGD, 1, -1, 1, -1, 128, 128, 128, 128, 0.4, 4, 12.5, 12.5, 8, 18, 82.03
SGD, 1, -1, 1, -1, 128, 128, 128, 128, 0.4, 4, 12.5, 12.5, 8, 19, 65.99
SGD, 1, -1, 1, -1, 128, 128, 128, 128, 0.4, 4, 12.5, 12.5, 8, 20, 82.98
SGD, 1, -1, 1, -1, 128, 128, 128, 128, 0.4, 4, 12.5, 12.5, 10, 1, 27.63
SGD, 1, -1, 1, -1, 128, 128, 128, 128, 0.4, 4, 12.5, 12.5, 10, 2, 69.75
SGD, 1, -1, 1, -1, 128, 128, 128, 128, 0.4, 4, 12.5, 12.5, 10, 3, 77.22
SGD, 1, -1, 1, -1, 128, 128, 128, 128, 0.4, 4, 12.5, 12.5, 10, 4, 72.8
SGD, 1, -1, 1, -1, 128, 128, 128, 128, 0.4, 4, 12.5, 12.5, 10, 5, 73.43
SGD, 1, -1, 1, -1, 128, 128, 128, 128, 0.4, 4, 12.5, 12.5, 10, 6, 80.63
SGD, 1, -1, 1, -1, 128, 128, 128, 128, 0.4, 4, 12.5, 12.5, 10, 7, 84.65
SGD, 1, -1, 1, -1, 128, 128, 128, 128, 0.4, 4, 12.5, 12.5, 10, 8, 75.04
SGD, 1, -1, 1, -1, 128, 128, 128, 128, 0.4, 4, 12.5, 12.5, 10, 9, 82.04
SGD, 1, -1, 1, -1, 128, 128, 128, 128, 0.4, 4, 12.5, 12.5, 10, 10, 68.03
SGD, 1, -1, 1, -1, 128, 128, 128, 128, 0.4, 4, 12.5, 12.5, 10, 11, 54.23
SGD, 1, -1, 1, -1, 128, 128, 128, 128, 0.4, 4, 12.5, 12.5, 10, 12, 84.44
SGD, 1, -1, 1, -1, 128, 128, 128, 128, 0.4, 4, 12.5, 12.5, 10, 13, 74.91
SGD, 1, -1, 1, -1, 128, 128, 128, 128, 0.4, 4, 12.5, 12.5, 10, 14, 78.1
SGD, 1, -1, 1, -1, 128, 128, 128, 128, 0.4, 4, 12.5, 12.5, 10, 15, 72.99
SGD, 1, -1, 1, -1, 128, 128, 128, 128, 0.4, 4, 12.5, 12.5, 10, 16, 77.11
SGD, 1, -1, 1, -1, 128, 128, 128, 128, 0.4, 4, 12.5, 12.5, 10, 17, 73.85
SGD, 1, -1, 1, -1, 128, 128, 128, 128, 0.4, 4, 12.5, 12.5, 10, 18, 73.08
SGD, 1, -1, 1, -1, 128, 128, 128, 128, 0.4, 4, 12.5, 12.5, 10, 19, 78.49
SGD, 1, -1, 1, -1, 128, 128, 128, 128, 0.4, 4, 12.5, 12.5, 10, 20, 82.44
SGD, 1, -1, 1, -1, 128, 128, 128, 128, 0.4, 5, 12.5, 12.5, 2, 1, 11.35
SGD, 1, -1, 1, -1, 128, 128, 128, 128, 0.4, 5, 12.5, 12.5, 2, 2, 11.35
SGD, 1, -1, 1, -1, 128, 128, 128, 128, 0.4, 5, 12.5, 12.5, 2, 3, 9.88
SGD, 1, -1, 1, -1, 128, 128, 128, 128, 0.4, 5, 12.5, 12.5, 2, 4, 10.09
SGD, 1, -1, 1, -1, 128, 128, 128, 128, 0.4, 5, 12.5, 12.5, 2, 5, 10.23
SGD, 1, -1, 1, -1, 128, 128, 128, 128, 0.4, 5, 12.5, 12.5, 2, 6, 11.35
SGD, 1, -1, 1, -1, 128, 128, 128, 128, 0.4, 5, 12.5, 12.5, 2, 7, 9.58
SGD, 1, -1, 1, -1, 128, 128, 128, 128, 0.4, 5, 12.5, 12.5, 2, 8, 10.28
SGD, 1, -1, 1, -1, 128, 128, 128, 128, 0.4, 5, 12.5, 12.5, 2, 9, 9.58
SGD, 1, -1, 1, -1, 128, 128, 128, 128, 0.4, 5, 12.5, 12.5, 2, 10, 9.73
SGD, 1, -1, 1, -1, 128, 128, 128, 128, 0.4, 5, 12.5, 12.5, 2, 11, 8.92
SGD, 1, -1, 1, -1, 128, 128, 128, 128, 0.4, 5, 12.5, 12.5, 2, 12, 10.32
SGD, 1, -1, 1, -1, 128, 128, 128, 128, 0.4, 5, 12.5, 12.5, 2, 13, 9.8
SGD, 1, -1, 1, -1, 128, 128, 128, 128, 0.4, 5, 12.5, 12.5, 2, 14, 11.35
SGD, 1, -1, 1, -1, 128, 128, 128, 128, 0.4, 5, 12.5, 12.5, 2, 15, 9.58
SGD, 1, -1, 1, -1, 128, 128, 128, 128, 0.4, 5, 12.5, 12.5, 2, 16, 10.28
SGD, 1, -1, 1, -1, 128, 128, 128, 128, 0.4, 5, 12.5, 12.5, 2, 17, 10.32
SGD, 1, -1, 1, -1, 128, 128, 128, 128, 0.4, 5, 12.5, 12.5, 2, 18, 10.28
SGD, 1, -1, 1, -1, 128, 128, 128, 128, 0.4, 5, 12.5, 12.5, 2, 19, 9.8
SGD, 1, -1, 1, -1, 128, 128, 128, 128, 0.4, 5, 12.5, 12.5, 2, 20, 10.32
SGD, 1, -1, 1, -1, 128, 128, 128, 128, 0.4, 5, 12.5, 12.5, 4, 1, 15.25
SGD, 1, -1, 1, -1, 128, 128, 128, 128, 0.4, 5, 12.5, 12.5, 4, 2, 11
SGD, 1, -1, 1, -1, 128, 128, 128, 128, 0.4, 5, 12.5, 12.5, 4, 3, 13.15
SGD, 1, -1, 1, -1, 128, 128, 128, 128, 0.4, 5, 12.5, 12.5, 4, 4, 10.17
SGD, 1, -1, 1, -1, 128, 128, 128, 128, 0.4, 5, 12.5, 12.5, 4, 5, 9.17
SGD, 1, -1, 1, -1, 128, 128, 128, 128, 0.4, 5, 12.5, 12.5, 4, 6, 13.04
SGD, 1, -1, 1, -1, 128, 128, 128, 128, 0.4, 5, 12.5, 12.5, 4, 7, 9.79
SGD, 1, -1, 1, -1, 128, 128, 128, 128, 0.4, 5, 12.5, 12.5, 4, 8, 10.28
SGD, 1, -1, 1, -1, 128, 128, 128, 128, 0.4, 5, 12.5, 12.5, 4, 9, 9.57
SGD, 1, -1, 1, -1, 128, 128, 128, 128, 0.4, 5, 12.5, 12.5, 4, 10, 9.82
SGD, 1, -1, 1, -1, 128, 128, 128, 128, 0.4, 5, 12.5, 12.5, 4, 11, 8.92
SGD, 1, -1, 1, -1, 128, 128, 128, 128, 0.4, 5, 12.5, 12.5, 4, 12, 10.32
SGD, 1, -1, 1, -1, 128, 128, 128, 128, 0.4, 5, 12.5, 12.5, 4, 13, 8.73
SGD, 1, -1, 1, -1, 128, 128, 128, 128, 0.4, 5, 12.5, 12.5, 4, 14, 10.55
SGD, 1, -1, 1, -1, 128, 128, 128, 128, 0.4, 5, 12.5, 12.5, 4, 15, 9.58
SGD, 1, -1, 1, -1, 128, 128, 128, 128, 0.4, 5, 12.5, 12.5, 4, 16, 9.63
SGD, 1, -1, 1, -1, 128, 128, 128, 128, 0.4, 5, 12.5, 12.5, 4, 17, 10.32
SGD, 1, -1, 1, -1, 128, 128, 128, 128, 0.4, 5, 12.5, 12.5, 4, 18, 10.28
SGD, 1, -1, 1, -1, 128, 128, 128, 128, 0.4, 5, 12.5, 12.5, 4, 19, 9.8
SGD, 1, -1, 1, -1, 128, 128, 128, 128, 0.4, 5, 12.5, 12.5, 4, 20, 10.32
SGD, 1, -1, 1, -1, 128, 128, 128, 128, 0.4, 5, 12.5, 12.5, 6, 1, 10.24
SGD, 1, -1, 1, -1, 128, 128, 128, 128, 0.4, 5, 12.5, 12.5, 6, 2, 10.36
SGD, 1, -1, 1, -1, 128, 128, 128, 128, 0.4, 5, 12.5, 12.5, 6, 3, 19.66
SGD, 1, -1, 1, -1, 128, 128, 128, 128, 0.4, 5, 12.5, 12.5, 6, 4, 53.55
SGD, 1, -1, 1, -1, 128, 128, 128, 128, 0.4, 5, 12.5, 12.5, 6, 5, 46.55
SGD, 1, -1, 1, -1, 128, 128, 128, 128, 0.4, 5, 12.5, 12.5, 6, 6, 29.89
SGD, 1, -1, 1, -1, 128, 128, 128, 128, 0.4, 5, 12.5, 12.5, 6, 7, 38.12
SGD, 1, -1, 1, -1, 128, 128, 128, 128, 0.4, 5, 12.5, 12.5, 6, 8, 32.62
SGD, 1, -1, 1, -1, 128, 128, 128, 128, 0.4, 5, 12.5, 12.5, 6, 9, 34.62
SGD, 1, -1, 1, -1, 128, 128, 128, 128, 0.4, 5, 12.5, 12.5, 6, 10, 25.22
SGD, 1, -1, 1, -1, 128, 128, 128, 128, 0.4, 5, 12.5, 12.5, 6, 11, 36.9
SGD, 1, -1, 1, -1, 128, 128, 128, 128, 0.4, 5, 12.5, 12.5, 6, 12, 17.89
SGD, 1, -1, 1, -1, 128, 128, 128, 128, 0.4, 5, 12.5, 12.5, 6, 13, 30.72
SGD, 1, -1, 1, -1, 128, 128, 128, 128, 0.4, 5, 12.5, 12.5, 6, 14, 17.36
SGD, 1, -1, 1, -1, 128, 128, 128, 128, 0.4, 5, 12.5, 12.5, 6, 15, 25.86
SGD, 1, -1, 1, -1, 128, 128, 128, 128, 0.4, 5, 12.5, 12.5, 6, 16, 22.52
SGD, 1, -1, 1, -1, 128, 128, 128, 128, 0.4, 5, 12.5, 12.5, 6, 17, 15.8
SGD, 1, -1, 1, -1, 128, 128, 128, 128, 0.4, 5, 12.5, 12.5, 6, 18, 24.34
SGD, 1, -1, 1, -1, 128, 128, 128, 128, 0.4, 5, 12.5, 12.5, 6, 19, 20.77
SGD, 1, -1, 1, -1, 128, 128, 128, 128, 0.4, 5, 12.5, 12.5, 6, 20, 26.83
SGD, 1, -1, 1, -1, 128, 128, 128, 128, 0.4, 5, 12.5, 12.5, 8, 1, 10.59
SGD, 1, -1, 1, -1, 128, 128, 128, 128, 0.4, 5, 12.5, 12.5, 8, 2, 9.8
SGD, 1, -1, 1, -1, 128, 128, 128, 128, 0.4, 5, 12.5, 12.5, 8, 3, 9.8
SGD, 1, -1, 1, -1, 128, 128, 128, 128, 0.4, 5, 12.5, 12.5, 8, 4, 9.8
SGD, 1, -1, 1, -1, 128, 128, 128, 128, 0.4, 5, 12.5, 12.5, 8, 5, 17.21
SGD, 1, -1, 1, -1, 128, 128, 128, 128, 0.4, 5, 12.5, 12.5, 8, 6, 10.94
SGD, 1, -1, 1, -1, 128, 128, 128, 128, 0.4, 5, 12.5, 12.5, 8, 7, 10.88
SGD, 1, -1, 1, -1, 128, 128, 128, 128, 0.4, 5, 12.5, 12.5, 8, 8, 12.95
SGD, 1, -1, 1, -1, 128, 128, 128, 128, 0.4, 5, 12.5, 12.5, 8, 9, 16.1
SGD, 1, -1, 1, -1, 128, 128, 128, 128, 0.4, 5, 12.5, 12.5, 8, 10, 14.24
SGD, 1, -1, 1, -1, 128, 128, 128, 128, 0.4, 5, 12.5, 12.5, 8, 11, 9.83
SGD, 1, -1, 1, -1, 128, 128, 128, 128, 0.4, 5, 12.5, 12.5, 8, 12, 57.91
SGD, 1, -1, 1, -1, 128, 128, 128, 128, 0.4, 5, 12.5, 12.5, 8, 13, 72.52
SGD, 1, -1, 1, -1, 128, 128, 128, 128, 0.4, 5, 12.5, 12.5, 8, 14, 70.31
SGD, 1, -1, 1, -1, 128, 128, 128, 128, 0.4, 5, 12.5, 12.5, 8, 15, 63.82
SGD, 1, -1, 1, -1, 128, 128, 128, 128, 0.4, 5, 12.5, 12.5, 8, 16, 60.43
SGD, 1, -1, 1, -1, 128, 128, 128, 128, 0.4, 5, 12.5, 12.5, 8, 17, 64.33
SGD, 1, -1, 1, -1, 128, 128, 128, 128, 0.4, 5, 12.5, 12.5, 8, 18, 62.13
SGD, 1, -1, 1, -1, 128, 128, 128, 128, 0.4, 5, 12.5, 12.5, 8, 19, 66.91
SGD, 1, -1, 1, -1, 128, 128, 128, 128, 0.4, 5, 12.5, 12.5, 8, 20, 58.62
SGD, 1, -1, 1, -1, 128, 128, 128, 128, 0.4, 5, 12.5, 12.5, 10, 1, 10.88
SGD, 1, -1, 1, -1, 128, 128, 128, 128, 0.4, 5, 12.5, 12.5, 10, 2, 10.6
SGD, 1, -1, 1, -1, 128, 128, 128, 128, 0.4, 5, 12.5, 12.5, 10, 3, 16.92
SGD, 1, -1, 1, -1, 128, 128, 128, 128, 0.4, 5, 12.5, 12.5, 10, 4, 9.76
SGD, 1, -1, 1, -1, 128, 128, 128, 128, 0.4, 5, 12.5, 12.5, 10, 5, 46.15
SGD, 1, -1, 1, -1, 128, 128, 128, 128, 0.4, 5, 12.5, 12.5, 10, 6, 68.89
SGD, 1, -1, 1, -1, 128, 128, 128, 128, 0.4, 5, 12.5, 12.5, 10, 7, 46.14
SGD, 1, -1, 1, -1, 128, 128, 128, 128, 0.4, 5, 12.5, 12.5, 10, 8, 62.7
SGD, 1, -1, 1, -1, 128, 128, 128, 128, 0.4, 5, 12.5, 12.5, 10, 9, 73.53
SGD, 1, -1, 1, -1, 128, 128, 128, 128, 0.4, 5, 12.5, 12.5, 10, 10, 71.89
SGD, 1, -1, 1, -1, 128, 128, 128, 128, 0.4, 5, 12.5, 12.5, 10, 11, 55.39
SGD, 1, -1, 1, -1, 128, 128, 128, 128, 0.4, 5, 12.5, 12.5, 10, 12, 75.15
SGD, 1, -1, 1, -1, 128, 128, 128, 128, 0.4, 5, 12.5, 12.5, 10, 13, 70.61
SGD, 1, -1, 1, -1, 128, 128, 128, 128, 0.4, 5, 12.5, 12.5, 10, 14, 79.69
SGD, 1, -1, 1, -1, 128, 128, 128, 128, 0.4, 5, 12.5, 12.5, 10, 15, 65.56
SGD, 1, -1, 1, -1, 128, 128, 128, 128, 0.4, 5, 12.5, 12.5, 10, 16, 68.88
SGD, 1, -1, 1, -1, 128, 128, 128, 128, 0.4, 5, 12.5, 12.5, 10, 17, 66.51
SGD, 1, -1, 1, -1, 128, 128, 128, 128, 0.4, 5, 12.5, 12.5, 10, 18, 62.43
SGD, 1, -1, 1, -1, 128, 128, 128, 128, 0.4, 5, 12.5, 12.5, 10, 19, 63.37
SGD, 1, -1, 1, -1, 128, 128, 128, 128, 0.4, 5, 12.5, 12.5, 10, 20, 73.74
SGD, 1, -1, 1, -1, 128, 128, 128, 128, 0.4, 6, 12.5, 12.5, 2, 1, 11.93
SGD, 1, -1, 1, -1, 128, 128, 128, 128, 0.4, 6, 12.5, 12.5, 2, 2, 11.35
SGD, 1, -1, 1, -1, 128, 128, 128, 128, 0.4, 6, 12.5, 12.5, 2, 3, 9.8
SGD, 1, -1, 1, -1, 128, 128, 128, 128, 0.4, 6, 12.5, 12.5, 2, 4, 10.09
SGD, 1, -1, 1, -1, 128, 128, 128, 128, 0.4, 6, 12.5, 12.5, 2, 5, 10.73
SGD, 1, -1, 1, -1, 128, 128, 128, 128, 0.4, 6, 12.5, 12.5, 2, 6, 11.35
SGD, 1, -1, 1, -1, 128, 128, 128, 128, 0.4, 6, 12.5, 12.5, 2, 7, 9.58
SGD, 1, -1, 1, -1, 128, 128, 128, 128, 0.4, 6, 12.5, 12.5, 2, 8, 10.28
SGD, 1, -1, 1, -1, 128, 128, 128, 128, 0.4, 6, 12.5, 12.5, 2, 9, 9.59
SGD, 1, -1, 1, -1, 128, 128, 128, 128, 0.4, 6, 12.5, 12.5, 2, 10, 9.73
SGD, 1, -1, 1, -1, 128, 128, 128, 128, 0.4, 6, 12.5, 12.5, 2, 11, 8.92
SGD, 1, -1, 1, -1, 128, 128, 128, 128, 0.4, 6, 12.5, 12.5, 2, 12, 10.32
SGD, 1, -1, 1, -1, 128, 128, 128, 128, 0.4, 6, 12.5, 12.5, 2, 13, 9.8
SGD, 1, -1, 1, -1, 128, 128, 128, 128, 0.4, 6, 12.5, 12.5, 2, 14, 11.35
SGD, 1, -1, 1, -1, 128, 128, 128, 128, 0.4, 6, 12.5, 12.5, 2, 15, 9.58
SGD, 1, -1, 1, -1, 128, 128, 128, 128, 0.4, 6, 12.5, 12.5, 2, 16, 10.28
SGD, 1, -1, 1, -1, 128, 128, 128, 128, 0.4, 6, 12.5, 12.5, 2, 17, 10.32
SGD, 1, -1, 1, -1, 128, 128, 128, 128, 0.4, 6, 12.5, 12.5, 2, 18, 10.28
SGD, 1, -1, 1, -1, 128, 128, 128, 128, 0.4, 6, 12.5, 12.5, 2, 19, 9.8
SGD, 1, -1, 1, -1, 128, 128, 128, 128, 0.4, 6, 12.5, 12.5, 2, 20, 10.32
SGD, 1, -1, 1, -1, 128, 128, 128, 128, 0.4, 6, 12.5, 12.5, 4, 1, 28.01
SGD, 1, -1, 1, -1, 128, 128, 128, 128, 0.4, 6, 12.5, 12.5, 4, 2, 14.19
SGD, 1, -1, 1, -1, 128, 128, 128, 128, 0.4, 6, 12.5, 12.5, 4, 3, 9.58
SGD, 1, -1, 1, -1, 128, 128, 128, 128, 0.4, 6, 12.5, 12.5, 4, 4, 10.56
SGD, 1, -1, 1, -1, 128, 128, 128, 128, 0.4, 6, 12.5, 12.5, 4, 5, 14.27
SGD, 1, -1, 1, -1, 128, 128, 128, 128, 0.4, 6, 12.5, 12.5, 4, 6, 11.35
SGD, 1, -1, 1, -1, 128, 128, 128, 128, 0.4, 6, 12.5, 12.5, 4, 7, 10.25
SGD, 1, -1, 1, -1, 128, 128, 128, 128, 0.4, 6, 12.5, 12.5, 4, 8, 10.28
SGD, 1, -1, 1, -1, 128, 128, 128, 128, 0.4, 6, 12.5, 12.5, 4, 9, 11.02
SGD, 1, -1, 1, -1, 128, 128, 128, 128, 0.4, 6, 12.5, 12.5, 4, 10, 9.76
SGD, 1, -1, 1, -1, 128, 128, 128, 128, 0.4, 6, 12.5, 12.5, 4, 11, 8.92
SGD, 1, -1, 1, -1, 128, 128, 128, 128, 0.4, 6, 12.5, 12.5, 4, 12, 10.32
SGD, 1, -1, 1, -1, 128, 128, 128, 128, 0.4, 6, 12.5, 12.5, 4, 13, 9.5
SGD, 1, -1, 1, -1, 128, 128, 128, 128, 0.4, 6, 12.5, 12.5, 4, 14, 11.35
SGD, 1, -1, 1, -1, 128, 128, 128, 128, 0.4, 6, 12.5, 12.5, 4, 15, 9.58
SGD, 1, -1, 1, -1, 128, 128, 128, 128, 0.4, 6, 12.5, 12.5, 4, 16, 10.28
SGD, 1, -1, 1, -1, 128, 128, 128, 128, 0.4, 6, 12.5, 12.5, 4, 17, 10.32
SGD, 1, -1, 1, -1, 128, 128, 128, 128, 0.4, 6, 12.5, 12.5, 4, 18, 10.28
SGD, 1, -1, 1, -1, 128, 128, 128, 128, 0.4, 6, 12.5, 12.5, 4, 19, 9.8
SGD, 1, -1, 1, -1, 128, 128, 128, 128, 0.4, 6, 12.5, 12.5, 4, 20, 10.32
SGD, 1, -1, 1, -1, 128, 128, 128, 128, 0.4, 6, 12.5, 12.5, 6, 1, 17.16
SGD, 1, -1, 1, -1, 128, 128, 128, 128, 0.4, 6, 12.5, 12.5, 6, 2, 28.81
SGD, 1, -1, 1, -1, 128, 128, 128, 128, 0.4, 6, 12.5, 12.5, 6, 3, 31.55
SGD, 1, -1, 1, -1, 128, 128, 128, 128, 0.4, 6, 12.5, 12.5, 6, 4, 26.12
SGD, 1, -1, 1, -1, 128, 128, 128, 128, 0.4, 6, 12.5, 12.5, 6, 5, 18.26
SGD, 1, -1, 1, -1, 128, 128, 128, 128, 0.4, 6, 12.5, 12.5, 6, 6, 11.85
SGD, 1, -1, 1, -1, 128, 128, 128, 128, 0.4, 6, 12.5, 12.5, 6, 7, 12.21
SGD, 1, -1, 1, -1, 128, 128, 128, 128, 0.4, 6, 12.5, 12.5, 6, 8, 12.4
SGD, 1, -1, 1, -1, 128, 128, 128, 128, 0.4, 6, 12.5, 12.5, 6, 9, 15.92
SGD, 1, -1, 1, -1, 128, 128, 128, 128, 0.4, 6, 12.5, 12.5, 6, 10, 11.8
SGD, 1, -1, 1, -1, 128, 128, 128, 128, 0.4, 6, 12.5, 12.5, 6, 11, 9.19
SGD, 1, -1, 1, -1, 128, 128, 128, 128, 0.4, 6, 12.5, 12.5, 6, 12, 9.61
SGD, 1, -1, 1, -1, 128, 128, 128, 128, 0.4, 6, 12.5, 12.5, 6, 13, 12.67
SGD, 1, -1, 1, -1, 128, 128, 128, 128, 0.4, 6, 12.5, 12.5, 6, 14, 10.15
SGD, 1, -1, 1, -1, 128, 128, 128, 128, 0.4, 6, 12.5, 12.5, 6, 15, 9.8
SGD, 1, -1, 1, -1, 128, 128, 128, 128, 0.4, 6, 12.5, 12.5, 6, 16, 10.28
SGD, 1, -1, 1, -1, 128, 128, 128, 128, 0.4, 6, 12.5, 12.5, 6, 17, 9.83
SGD, 1, -1, 1, -1, 128, 128, 128, 128, 0.4, 6, 12.5, 12.5, 6, 18, 17.44
SGD, 1, -1, 1, -1, 128, 128, 128, 128, 0.4, 6, 12.5, 12.5, 6, 19, 16.17
SGD, 1, -1, 1, -1, 128, 128, 128, 128, 0.4, 6, 12.5, 12.5, 6, 20, 9.8
SGD, 1, -1, 1, -1, 128, 128, 128, 128, 0.4, 6, 12.5, 12.5, 8, 1, 14.33
SGD, 1, -1, 1, -1, 128, 128, 128, 128, 0.4, 6, 12.5, 12.5, 8, 2, 10.52
SGD, 1, -1, 1, -1, 128, 128, 128, 128, 0.4, 6, 12.5, 12.5, 8, 3, 32.83
SGD, 1, -1, 1, -1, 128, 128, 128, 128, 0.4, 6, 12.5, 12.5, 8, 4, 54.43
SGD, 1, -1, 1, -1, 128, 128, 128, 128, 0.4, 6, 12.5, 12.5, 8, 5, 62.49
SGD, 1, -1, 1, -1, 128, 128, 128, 128, 0.4, 6, 12.5, 12.5, 8, 6, 52.79
SGD, 1, -1, 1, -1, 128, 128, 128, 128, 0.4, 6, 12.5, 12.5, 8, 7, 50.93
SGD, 1, -1, 1, -1, 128, 128, 128, 128, 0.4, 6, 12.5, 12.5, 8, 8, 53.08
SGD, 1, -1, 1, -1, 128, 128, 128, 128, 0.4, 6, 12.5, 12.5, 8, 9, 58.1
SGD, 1, -1, 1, -1, 128, 128, 128, 128, 0.4, 6, 12.5, 12.5, 8, 10, 44.45
SGD, 1, -1, 1, -1, 128, 128, 128, 128, 0.4, 6, 12.5, 12.5, 8, 11, 33.46
SGD, 1, -1, 1, -1, 128, 128, 128, 128, 0.4, 6, 12.5, 12.5, 8, 12, 68.18
SGD, 1, -1, 1, -1, 128, 128, 128, 128, 0.4, 6, 12.5, 12.5, 8, 13, 58.08
SGD, 1, -1, 1, -1, 128, 128, 128, 128, 0.4, 6, 12.5, 12.5, 8, 14, 46.83
SGD, 1, -1, 1, -1, 128, 128, 128, 128, 0.4, 6, 12.5, 12.5, 8, 15, 42.25
SGD, 1, -1, 1, -1, 128, 128, 128, 128, 0.4, 6, 12.5, 12.5, 8, 16, 54.02
SGD, 1, -1, 1, -1, 128, 128, 128, 128, 0.4, 6, 12.5, 12.5, 8, 17, 37.14
SGD, 1, -1, 1, -1, 128, 128, 128, 128, 0.4, 6, 12.5, 12.5, 8, 18, 25.02
SGD, 1, -1, 1, -1, 128, 128, 128, 128, 0.4, 6, 12.5, 12.5, 8, 19, 31.78
SGD, 1, -1, 1, -1, 128, 128, 128, 128, 0.4, 6, 12.5, 12.5, 8, 20, 45.27
SGD, 1, -1, 1, -1, 128, 128, 128, 128, 0.4, 6, 12.5, 12.5, 10, 1, 59.12
SGD, 1, -1, 1, -1, 128, 128, 128, 128, 0.4, 6, 12.5, 12.5, 10, 2, 62.47
SGD, 1, -1, 1, -1, 128, 128, 128, 128, 0.4, 6, 12.5, 12.5, 10, 3, 73.71
SGD, 1, -1, 1, -1, 128, 128, 128, 128, 0.4, 6, 12.5, 12.5, 10, 4, 69.61
SGD, 1, -1, 1, -1, 128, 128, 128, 128, 0.4, 6, 12.5, 12.5, 10, 5, 67.22
SGD, 1, -1, 1, -1, 128, 128, 128, 128, 0.4, 6, 12.5, 12.5, 10, 6, 69.28
SGD, 1, -1, 1, -1, 128, 128, 128, 128, 0.4, 6, 12.5, 12.5, 10, 7, 75.58
SGD, 1, -1, 1, -1, 128, 128, 128, 128, 0.4, 6, 12.5, 12.5, 10, 8, 60.55
SGD, 1, -1, 1, -1, 128, 128, 128, 128, 0.4, 6, 12.5, 12.5, 10, 9, 74.43
SGD, 1, -1, 1, -1, 128, 128, 128, 128, 0.4, 6, 12.5, 12.5, 10, 10, 72.58
SGD, 1, -1, 1, -1, 128, 128, 128, 128, 0.4, 6, 12.5, 12.5, 10, 11, 56.47
SGD, 1, -1, 1, -1, 128, 128, 128, 128, 0.4, 6, 12.5, 12.5, 10, 12, 80.76
SGD, 1, -1, 1, -1, 128, 128, 128, 128, 0.4, 6, 12.5, 12.5, 10, 13, 67.27
SGD, 1, -1, 1, -1, 128, 128, 128, 128, 0.4, 6, 12.5, 12.5, 10, 14, 69.79
SGD, 1, -1, 1, -1, 128, 128, 128, 128, 0.4, 6, 12.5, 12.5, 10, 15, 68.64
SGD, 1, -1, 1, -1, 128, 128, 128, 128, 0.4, 6, 12.5, 12.5, 10, 16, 61.96
SGD, 1, -1, 1, -1, 128, 128, 128, 128, 0.4, 6, 12.5, 12.5, 10, 17, 69.66
SGD, 1, -1, 1, -1, 128, 128, 128, 128, 0.4, 6, 12.5, 12.5, 10, 18, 55.18
SGD, 1, -1, 1, -1, 128, 128, 128, 128, 0.4, 6, 12.5, 12.5, 10, 19, 51.97
SGD, 1, -1, 1, -1, 128, 128, 128, 128, 0.4, 6, 12.5, 12.5, 10, 20, 73.68
SGD, 1, -1, 1, -1, 128, 128, 128, 128, 0.6, 1, 12.5, 12.5, 2, 1, 80.28
SGD, 1, -1, 1, -1, 128, 128, 128, 128, 0.6, 1, 12.5, 12.5, 2, 2, 76.51
SGD, 1, -1, 1, -1, 128, 128, 128, 128, 0.6, 1, 12.5, 12.5, 2, 3, 85.91
SGD, 1, -1, 1, -1, 128, 128, 128, 128, 0.6, 1, 12.5, 12.5, 2, 4, 88.04
SGD, 1, -1, 1, -1, 128, 128, 128, 128, 0.6, 1, 12.5, 12.5, 2, 5, 85.27
SGD, 1, -1, 1, -1, 128, 128, 128, 128, 0.6, 1, 12.5, 12.5, 2, 6, 83.37
SGD, 1, -1, 1, -1, 128, 128, 128, 128, 0.6, 1, 12.5, 12.5, 2, 7, 87.83
SGD, 1, -1, 1, -1, 128, 128, 128, 128, 0.6, 1, 12.5, 12.5, 2, 8, 87.07
SGD, 1, -1, 1, -1, 128, 128, 128, 128, 0.6, 1, 12.5, 12.5, 2, 9, 85.83
SGD, 1, -1, 1, -1, 128, 128, 128, 128, 0.6, 1, 12.5, 12.5, 2, 10, 89.73
SGD, 1, -1, 1, -1, 128, 128, 128, 128, 0.6, 1, 12.5, 12.5, 2, 11, 86
SGD, 1, -1, 1, -1, 128, 128, 128, 128, 0.6, 1, 12.5, 12.5, 2, 12, 87.73
SGD, 1, -1, 1, -1, 128, 128, 128, 128, 0.6, 1, 12.5, 12.5, 2, 13, 87.06
SGD, 1, -1, 1, -1, 128, 128, 128, 128, 0.6, 1, 12.5, 12.5, 2, 14, 87.52
SGD, 1, -1, 1, -1, 128, 128, 128, 128, 0.6, 1, 12.5, 12.5, 2, 15, 87.69
SGD, 1, -1, 1, -1, 128, 128, 128, 128, 0.6, 1, 12.5, 12.5, 2, 16, 87.85
SGD, 1, -1, 1, -1, 128, 128, 128, 128, 0.6, 1, 12.5, 12.5, 2, 17, 88.11
SGD, 1, -1, 1, -1, 128, 128, 128, 128, 0.6, 1, 12.5, 12.5, 2, 18, 90.13
SGD, 1, -1, 1, -1, 128, 128, 128, 128, 0.6, 1, 12.5, 12.5, 2, 19, 88.66
SGD, 1, -1, 1, -1, 128, 128, 128, 128, 0.6, 1, 12.5, 12.5, 2, 20, 86.22
SGD, 1, -1, 1, -1, 128, 128, 128, 128, 0.6, 1, 12.5, 12.5, 4, 1, 81.65
SGD, 1, -1, 1, -1, 128, 128, 128, 128, 0.6, 1, 12.5, 12.5, 4, 2, 81.94
SGD, 1, -1, 1, -1, 128, 128, 128, 128, 0.6, 1, 12.5, 12.5, 4, 3, 88.02
SGD, 1, -1, 1, -1, 128, 128, 128, 128, 0.6, 1, 12.5, 12.5, 4, 4, 88.92
SGD, 1, -1, 1, -1, 128, 128, 128, 128, 0.6, 1, 12.5, 12.5, 4, 5, 88.43
SGD, 1, -1, 1, -1, 128, 128, 128, 128, 0.6, 1, 12.5, 12.5, 4, 6, 87.28
SGD, 1, -1, 1, -1, 128, 128, 128, 128, 0.6, 1, 12.5, 12.5, 4, 7, 88.99
SGD, 1, -1, 1, -1, 128, 128, 128, 128, 0.6, 1, 12.5, 12.5, 4, 8, 89.07
SGD, 1, -1, 1, -1, 128, 128, 128, 128, 0.6, 1, 12.5, 12.5, 4, 9, 87.92
SGD, 1, -1, 1, -1, 128, 128, 128, 128, 0.6, 1, 12.5, 12.5, 4, 10, 88.6
SGD, 1, -1, 1, -1, 128, 128, 128, 128, 0.6, 1, 12.5, 12.5, 4, 11, 85.83
SGD, 1, -1, 1, -1, 128, 128, 128, 128, 0.6, 1, 12.5, 12.5, 4, 12, 90.37
SGD, 1, -1, 1, -1, 128, 128, 128, 128, 0.6, 1, 12.5, 12.5, 4, 13, 90.07
SGD, 1, -1, 1, -1, 128, 128, 128, 128, 0.6, 1, 12.5, 12.5, 4, 14, 91.05
SGD, 1, -1, 1, -1, 128, 128, 128, 128, 0.6, 1, 12.5, 12.5, 4, 15, 88.72
SGD, 1, -1, 1, -1, 128, 128, 128, 128, 0.6, 1, 12.5, 12.5, 4, 16, 89.48
SGD, 1, -1, 1, -1, 128, 128, 128, 128, 0.6, 1, 12.5, 12.5, 4, 17, 88.16
SGD, 1, -1, 1, -1, 128, 128, 128, 128, 0.6, 1, 12.5, 12.5, 4, 18, 91.36
SGD, 1, -1, 1, -1, 128, 128, 128, 128, 0.6, 1, 12.5, 12.5, 4, 19, 89.59
SGD, 1, -1, 1, -1, 128, 128, 128, 128, 0.6, 1, 12.5, 12.5, 4, 20, 88.51
SGD, 1, -1, 1, -1, 128, 128, 128, 128, 0.6, 1, 12.5, 12.5, 6, 1, 68.09
SGD, 1, -1, 1, -1, 128, 128, 128, 128, 0.6, 1, 12.5, 12.5, 6, 2, 71.05
SGD, 1, -1, 1, -1, 128, 128, 128, 128, 0.6, 1, 12.5, 12.5, 6, 3, 62.11
SGD, 1, -1, 1, -1, 128, 128, 128, 128, 0.6, 1, 12.5, 12.5, 6, 4, 73.06
SGD, 1, -1, 1, -1, 128, 128, 128, 128, 0.6, 1, 12.5, 12.5, 6, 5, 79.14
SGD, 1, -1, 1, -1, 128, 128, 128, 128, 0.6, 1, 12.5, 12.5, 6, 6, 56.56
SGD, 1, -1, 1, -1, 128, 128, 128, 128, 0.6, 1, 12.5, 12.5, 6, 7, 71.09
SGD, 1, -1, 1, -1, 128, 128, 128, 128, 0.6, 1, 12.5, 12.5, 6, 8, 72.7
SGD, 1, -1, 1, -1, 128, 128, 128, 128, 0.6, 1, 12.5, 12.5, 6, 9, 68.64
SGD, 1, -1, 1, -1, 128, 128, 128, 128, 0.6, 1, 12.5, 12.5, 6, 10, 72.65
SGD, 1, -1, 1, -1, 128, 128, 128, 128, 0.6, 1, 12.5, 12.5, 6, 11, 68.22
SGD, 1, -1, 1, -1, 128, 128, 128, 128, 0.6, 1, 12.5, 12.5, 6, 12, 68.42
SGD, 1, -1, 1, -1, 128, 128, 128, 128, 0.6, 1, 12.5, 12.5, 6, 13, 74.24
SGD, 1, -1, 1, -1, 128, 128, 128, 128, 0.6, 1, 12.5, 12.5, 6, 14, 61.78
SGD, 1, -1, 1, -1, 128, 128, 128, 128, 0.6, 1, 12.5, 12.5, 6, 15, 67.34
SGD, 1, -1, 1, -1, 128, 128, 128, 128, 0.6, 1, 12.5, 12.5, 6, 16, 58.82
SGD, 1, -1, 1, -1, 128, 128, 128, 128, 0.6, 1, 12.5, 12.5, 6, 17, 72.57
SGD, 1, -1, 1, -1, 128, 128, 128, 128, 0.6, 1, 12.5, 12.5, 6, 18, 53.22
SGD, 1, -1, 1, -1, 128, 128, 128, 128, 0.6, 1, 12.5, 12.5, 6, 19, 77.34
SGD, 1, -1, 1, -1, 128, 128, 128, 128, 0.6, 1, 12.5, 12.5, 6, 20, 56.66
SGD, 1, -1, 1, -1, 128, 128, 128, 128, 0.6, 1, 12.5, 12.5, 8, 1, 60.54
SGD, 1, -1, 1, -1, 128, 128, 128, 128, 0.6, 1, 12.5, 12.5, 8, 2, 58.1
SGD, 1, -1, 1, -1, 128, 128, 128, 128, 0.6, 1, 12.5, 12.5, 8, 3, 53.04
SGD, 1, -1, 1, -1, 128, 128, 128, 128, 0.6, 1, 12.5, 12.5, 8, 4, 31.04
SGD, 1, -1, 1, -1, 128, 128, 128, 128, 0.6, 1, 12.5, 12.5, 8, 5, 35.74
SGD, 1, -1, 1, -1, 128, 128, 128, 128, 0.6, 1, 12.5, 12.5, 8, 6, 28.19
SGD, 1, -1, 1, -1, 128, 128, 128, 128, 0.6, 1, 12.5, 12.5, 8, 7, 14.18
SGD, 1, -1, 1, -1, 128, 128, 128, 128, 0.6, 1, 12.5, 12.5, 8, 8, 19.3
SGD, 1, -1, 1, -1, 128, 128, 128, 128, 0.6, 1, 12.5, 12.5, 8, 9, 41.25
SGD, 1, -1, 1, -1, 128, 128, 128, 128, 0.6, 1, 12.5, 12.5, 8, 10, 21.64
SGD, 1, -1, 1, -1, 128, 128, 128, 128, 0.6, 1, 12.5, 12.5, 8, 11, 10.55
SGD, 1, -1, 1, -1, 128, 128, 128, 128, 0.6, 1, 12.5, 12.5, 8, 12, 34.93
SGD, 1, -1, 1, -1, 128, 128, 128, 128, 0.6, 1, 12.5, 12.5, 8, 13, 17.32
SGD, 1, -1, 1, -1, 128, 128, 128, 128, 0.6, 1, 12.5, 12.5, 8, 14, 34.28
SGD, 1, -1, 1, -1, 128, 128, 128, 128, 0.6, 1, 12.5, 12.5, 8, 15, 32.82
SGD, 1, -1, 1, -1, 128, 128, 128, 128, 0.6, 1, 12.5, 12.5, 8, 16, 34.67
SGD, 1, -1, 1, -1, 128, 128, 128, 128, 0.6, 1, 12.5, 12.5, 8, 17, 38.09
SGD, 1, -1, 1, -1, 128, 128, 128, 128, 0.6, 1, 12.5, 12.5, 8, 18, 48.58
SGD, 1, -1, 1, -1, 128, 128, 128, 128, 0.6, 1, 12.5, 12.5, 8, 19, 27.14
SGD, 1, -1, 1, -1, 128, 128, 128, 128, 0.6, 1, 12.5, 12.5, 8, 20, 11.97
SGD, 1, -1, 1, -1, 128, 128, 128, 128, 0.6, 1, 12.5, 12.5, 10, 1, 16.5
SGD, 1, -1, 1, -1, 128, 128, 128, 128, 0.6, 1, 12.5, 12.5, 10, 2, 41.09
SGD, 1, -1, 1, -1, 128, 128, 128, 128, 0.6, 1, 12.5, 12.5, 10, 3, 11.69
SGD, 1, -1, 1, -1, 128, 128, 128, 128, 0.6, 1, 12.5, 12.5, 10, 4, 19.29
SGD, 1, -1, 1, -1, 128, 128, 128, 128, 0.6, 1, 12.5, 12.5, 10, 5, 34.02
SGD, 1, -1, 1, -1, 128, 128, 128, 128, 0.6, 1, 12.5, 12.5, 10, 6, 44.82
SGD, 1, -1, 1, -1, 128, 128, 128, 128, 0.6, 1, 12.5, 12.5, 10, 7, 31.05
SGD, 1, -1, 1, -1, 128, 128, 128, 128, 0.6, 1, 12.5, 12.5, 10, 8, 40.75
SGD, 1, -1, 1, -1, 128, 128, 128, 128, 0.6, 1, 12.5, 12.5, 10, 9, 24.98
SGD, 1, -1, 1, -1, 128, 128, 128, 128, 0.6, 1, 12.5, 12.5, 10, 10, 38.43
SGD, 1, -1, 1, -1, 128, 128, 128, 128, 0.6, 1, 12.5, 12.5, 10, 11, 8.92
SGD, 1, -1, 1, -1, 128, 128, 128, 128, 0.6, 1, 12.5, 12.5, 10, 12, 12.05
SGD, 1, -1, 1, -1, 128, 128, 128, 128, 0.6, 1, 12.5, 12.5, 10, 13, 29.4
SGD, 1, -1, 1, -1, 128, 128, 128, 128, 0.6, 1, 12.5, 12.5, 10, 14, 30.76
SGD, 1, -1, 1, -1, 128, 128, 128, 128, 0.6, 1, 12.5, 12.5, 10, 15, 9.6
SGD, 1, -1, 1, -1, 128, 128, 128, 128, 0.6, 1, 12.5, 12.5, 10, 16, 13.05
SGD, 1, -1, 1, -1, 128, 128, 128, 128, 0.6, 1, 12.5, 12.5, 10, 17, 38.43
SGD, 1, -1, 1, -1, 128, 128, 128, 128, 0.6, 1, 12.5, 12.5, 10, 18, 32.44
SGD, 1, -1, 1, -1, 128, 128, 128, 128, 0.6, 1, 12.5, 12.5, 10, 19, 36.54
SGD, 1, -1, 1, -1, 128, 128, 128, 128, 0.6, 1, 12.5, 12.5, 10, 20, 10.32
SGD, 1, -1, 1, -1, 128, 128, 128, 128, 0.6, 2, 12.5, 12.5, 2, 1, 21.89
SGD, 1, -1, 1, -1, 128, 128, 128, 128, 0.6, 2, 12.5, 12.5, 2, 2, 14.11
SGD, 1, -1, 1, -1, 128, 128, 128, 128, 0.6, 2, 12.5, 12.5, 2, 3, 26.96
SGD, 1, -1, 1, -1, 128, 128, 128, 128, 0.6, 2, 12.5, 12.5, 2, 4, 34.83
SGD, 1, -1, 1, -1, 128, 128, 128, 128, 0.6, 2, 12.5, 12.5, 2, 5, 28.03
SGD, 1, -1, 1, -1, 128, 128, 128, 128, 0.6, 2, 12.5, 12.5, 2, 6, 17.08
SGD, 1, -1, 1, -1, 128, 128, 128, 128, 0.6, 2, 12.5, 12.5, 2, 7, 19.53
SGD, 1, -1, 1, -1, 128, 128, 128, 128, 0.6, 2, 12.5, 12.5, 2, 8, 28.73
SGD, 1, -1, 1, -1, 128, 128, 128, 128, 0.6, 2, 12.5, 12.5, 2, 9, 32.92
SGD, 1, -1, 1, -1, 128, 128, 128, 128, 0.6, 2, 12.5, 12.5, 2, 10, 17.38
SGD, 1, -1, 1, -1, 128, 128, 128, 128, 0.6, 2, 12.5, 12.5, 2, 11, 30.77
SGD, 1, -1, 1, -1, 128, 128, 128, 128, 0.6, 2, 12.5, 12.5, 2, 12, 24.91
SGD, 1, -1, 1, -1, 128, 128, 128, 128, 0.6, 2, 12.5, 12.5, 2, 13, 18.07
SGD, 1, -1, 1, -1, 128, 128, 128, 128, 0.6, 2, 12.5, 12.5, 2, 14, 26.32
SGD, 1, -1, 1, -1, 128, 128, 128, 128, 0.6, 2, 12.5, 12.5, 2, 15, 12.59
SGD, 1, -1, 1, -1, 128, 128, 128, 128, 0.6, 2, 12.5, 12.5, 2, 16, 12.46
SGD, 1, -1, 1, -1, 128, 128, 128, 128, 0.6, 2, 12.5, 12.5, 2, 17, 18.41
SGD, 1, -1, 1, -1, 128, 128, 128, 128, 0.6, 2, 12.5, 12.5, 2, 18, 34.43
SGD, 1, -1, 1, -1, 128, 128, 128, 128, 0.6, 2, 12.5, 12.5, 2, 19, 12.84
SGD, 1, -1, 1, -1, 128, 128, 128, 128, 0.6, 2, 12.5, 12.5, 2, 20, 32.03
SGD, 1, -1, 1, -1, 128, 128, 128, 128, 0.6, 2, 12.5, 12.5, 4, 1, 74.11
SGD, 1, -1, 1, -1, 128, 128, 128, 128, 0.6, 2, 12.5, 12.5, 4, 2, 78.93
SGD, 1, -1, 1, -1, 128, 128, 128, 128, 0.6, 2, 12.5, 12.5, 4, 3, 83
SGD, 1, -1, 1, -1, 128, 128, 128, 128, 0.6, 2, 12.5, 12.5, 4, 4, 87.89
SGD, 1, -1, 1, -1, 128, 128, 128, 128, 0.6, 2, 12.5, 12.5, 4, 5, 87.67
SGD, 1, -1, 1, -1, 128, 128, 128, 128, 0.6, 2, 12.5, 12.5, 4, 6, 87.92
SGD, 1, -1, 1, -1, 128, 128, 128, 128, 0.6, 2, 12.5, 12.5, 4, 7, 88.86
SGD, 1, -1, 1, -1, 128, 128, 128, 128, 0.6, 2, 12.5, 12.5, 4, 8, 86.88
SGD, 1, -1, 1, -1, 128, 128, 128, 128, 0.6, 2, 12.5, 12.5, 4, 9, 84.62
SGD, 1, -1, 1, -1, 128, 128, 128, 128, 0.6, 2, 12.5, 12.5, 4, 10, 88.54
SGD, 1, -1, 1, -1, 128, 128, 128, 128, 0.6, 2, 12.5, 12.5, 4, 11, 87.28
SGD, 1, -1, 1, -1, 128, 128, 128, 128, 0.6, 2, 12.5, 12.5, 4, 12, 89.37
SGD, 1, -1, 1, -1, 128, 128, 128, 128, 0.6, 2, 12.5, 12.5, 4, 13, 88.58
SGD, 1, -1, 1, -1, 128, 128, 128, 128, 0.6, 2, 12.5, 12.5, 4, 14, 90.42
SGD, 1, -1, 1, -1, 128, 128, 128, 128, 0.6, 2, 12.5, 12.5, 4, 15, 85.79
SGD, 1, -1, 1, -1, 128, 128, 128, 128, 0.6, 2, 12.5, 12.5, 4, 16, 88.92
SGD, 1, -1, 1, -1, 128, 128, 128, 128, 0.6, 2, 12.5, 12.5, 4, 17, 89.26
SGD, 1, -1, 1, -1, 128, 128, 128, 128, 0.6, 2, 12.5, 12.5, 4, 18, 90.62
SGD, 1, -1, 1, -1, 128, 128, 128, 128, 0.6, 2, 12.5, 12.5, 4, 19, 85.26
SGD, 1, -1, 1, -1, 128, 128, 128, 128, 0.6, 2, 12.5, 12.5, 4, 20, 89.47
SGD, 1, -1, 1, -1, 128, 128, 128, 128, 0.6, 2, 12.5, 12.5, 6, 1, 77.03
SGD, 1, -1, 1, -1, 128, 128, 128, 128, 0.6, 2, 12.5, 12.5, 6, 2, 83.16
SGD, 1, -1, 1, -1, 128, 128, 128, 128, 0.6, 2, 12.5, 12.5, 6, 3, 77.44
SGD, 1, -1, 1, -1, 128, 128, 128, 128, 0.6, 2, 12.5, 12.5, 6, 4, 87.03
SGD, 1, -1, 1, -1, 128, 128, 128, 128, 0.6, 2, 12.5, 12.5, 6, 5, 87.58
SGD, 1, -1, 1, -1, 128, 128, 128, 128, 0.6, 2, 12.5, 12.5, 6, 6, 78.36
SGD, 1, -1, 1, -1, 128, 128, 128, 128, 0.6, 2, 12.5, 12.5, 6, 7, 84.59
SGD, 1, -1, 1, -1, 128, 128, 128, 128, 0.6, 2, 12.5, 12.5, 6, 8, 87.75
SGD, 1, -1, 1, -1, 128, 128, 128, 128, 0.6, 2, 12.5, 12.5, 6, 9, 83.92
SGD, 1, -1, 1, -1, 128, 128, 128, 128, 0.6, 2, 12.5, 12.5, 6, 10, 80.49
SGD, 1, -1, 1, -1, 128, 128, 128, 128, 0.6, 2, 12.5, 12.5, 6, 11, 85.83
SGD, 1, -1, 1, -1, 128, 128, 128, 128, 0.6, 2, 12.5, 12.5, 6, 12, 87.07
SGD, 1, -1, 1, -1, 128, 128, 128, 128, 0.6, 2, 12.5, 12.5, 6, 13, 80.58
SGD, 1, -1, 1, -1, 128, 128, 128, 128, 0.6, 2, 12.5, 12.5, 6, 14, 86.97
SGD, 1, -1, 1, -1, 128, 128, 128, 128, 0.6, 2, 12.5, 12.5, 6, 15, 81.44
SGD, 1, -1, 1, -1, 128, 128, 128, 128, 0.6, 2, 12.5, 12.5, 6, 16, 84.72
SGD, 1, -1, 1, -1, 128, 128, 128, 128, 0.6, 2, 12.5, 12.5, 6, 17, 81.33
SGD, 1, -1, 1, -1, 128, 128, 128, 128, 0.6, 2, 12.5, 12.5, 6, 18, 88.03
SGD, 1, -1, 1, -1, 128, 128, 128, 128, 0.6, 2, 12.5, 12.5, 6, 19, 86.7
SGD, 1, -1, 1, -1, 128, 128, 128, 128, 0.6, 2, 12.5, 12.5, 6, 20, 84.07
SGD, 1, -1, 1, -1, 128, 128, 128, 128, 0.6, 2, 12.5, 12.5, 8, 1, 69.77
SGD, 1, -1, 1, -1, 128, 128, 128, 128, 0.6, 2, 12.5, 12.5, 8, 2, 78.77
SGD, 1, -1, 1, -1, 128, 128, 128, 128, 0.6, 2, 12.5, 12.5, 8, 3, 80.66
SGD, 1, -1, 1, -1, 128, 128, 128, 128, 0.6, 2, 12.5, 12.5, 8, 4, 77.85
SGD, 1, -1, 1, -1, 128, 128, 128, 128, 0.6, 2, 12.5, 12.5, 8, 5, 81.25
SGD, 1, -1, 1, -1, 128, 128, 128, 128, 0.6, 2, 12.5, 12.5, 8, 6, 78.22
SGD, 1, -1, 1, -1, 128, 128, 128, 128, 0.6, 2, 12.5, 12.5, 8, 7, 80.54
SGD, 1, -1, 1, -1, 128, 128, 128, 128, 0.6, 2, 12.5, 12.5, 8, 8, 85.62
SGD, 1, -1, 1, -1, 128, 128, 128, 128, 0.6, 2, 12.5, 12.5, 8, 9, 75.29
SGD, 1, -1, 1, -1, 128, 128, 128, 128, 0.6, 2, 12.5, 12.5, 8, 10, 76.04
SGD, 1, -1, 1, -1, 128, 128, 128, 128, 0.6, 2, 12.5, 12.5, 8, 11, 74.87
SGD, 1, -1, 1, -1, 128, 128, 128, 128, 0.6, 2, 12.5, 12.5, 8, 12, 86.77
SGD, 1, -1, 1, -1, 128, 128, 128, 128, 0.6, 2, 12.5, 12.5, 8, 13, 86.41
SGD, 1, -1, 1, -1, 128, 128, 128, 128, 0.6, 2, 12.5, 12.5, 8, 14, 86.98
SGD, 1, -1, 1, -1, 128, 128, 128, 128, 0.6, 2, 12.5, 12.5, 8, 15, 73.4
SGD, 1, -1, 1, -1, 128, 128, 128, 128, 0.6, 2, 12.5, 12.5, 8, 16, 79.06
SGD, 1, -1, 1, -1, 128, 128, 128, 128, 0.6, 2, 12.5, 12.5, 8, 17, 74.73
SGD, 1, -1, 1, -1, 128, 128, 128, 128, 0.6, 2, 12.5, 12.5, 8, 18, 82.88
SGD, 1, -1, 1, -1, 128, 128, 128, 128, 0.6, 2, 12.5, 12.5, 8, 19, 68.54
SGD, 1, -1, 1, -1, 128, 128, 128, 128, 0.6, 2, 12.5, 12.5, 8, 20, 82.75
SGD, 1, -1, 1, -1, 128, 128, 128, 128, 0.6, 2, 12.5, 12.5, 10, 1, 63.31
SGD, 1, -1, 1, -1, 128, 128, 128, 128, 0.6, 2, 12.5, 12.5, 10, 2, 75.22
SGD, 1, -1, 1, -1, 128, 128, 128, 128, 0.6, 2, 12.5, 12.5, 10, 3, 71.98
SGD, 1, -1, 1, -1, 128, 128, 128, 128, 0.6, 2, 12.5, 12.5, 10, 4, 68.01
SGD, 1, -1, 1, -1, 128, 128, 128, 128, 0.6, 2, 12.5, 12.5, 10, 5, 63.1
SGD, 1, -1, 1, -1, 128, 128, 128, 128, 0.6, 2, 12.5, 12.5, 10, 6, 75.51
SGD, 1, -1, 1, -1, 128, 128, 128, 128, 0.6, 2, 12.5, 12.5, 10, 7, 81.13
SGD, 1, -1, 1, -1, 128, 128, 128, 128, 0.6, 2, 12.5, 12.5, 10, 8, 73.8
SGD, 1, -1, 1, -1, 128, 128, 128, 128, 0.6, 2, 12.5, 12.5, 10, 9, 77.21
SGD, 1, -1, 1, -1, 128, 128, 128, 128, 0.6, 2, 12.5, 12.5, 10, 10, 71.23
SGD, 1, -1, 1, -1, 128, 128, 128, 128, 0.6, 2, 12.5, 12.5, 10, 11, 73.99
SGD, 1, -1, 1, -1, 128, 128, 128, 128, 0.6, 2, 12.5, 12.5, 10, 12, 77.66
SGD, 1, -1, 1, -1, 128, 128, 128, 128, 0.6, 2, 12.5, 12.5, 10, 13, 56
SGD, 1, -1, 1, -1, 128, 128, 128, 128, 0.6, 2, 12.5, 12.5, 10, 14, 62.15
SGD, 1, -1, 1, -1, 128, 128, 128, 128, 0.6, 2, 12.5, 12.5, 10, 15, 62.38
SGD, 1, -1, 1, -1, 128, 128, 128, 128, 0.6, 2, 12.5, 12.5, 10, 16, 72.69
SGD, 1, -1, 1, -1, 128, 128, 128, 128, 0.6, 2, 12.5, 12.5, 10, 17, 66.92
SGD, 1, -1, 1, -1, 128, 128, 128, 128, 0.6, 2, 12.5, 12.5, 10, 18, 79.43
SGD, 1, -1, 1, -1, 128, 128, 128, 128, 0.6, 2, 12.5, 12.5, 10, 19, 66.12
SGD, 1, -1, 1, -1, 128, 128, 128, 128, 0.6, 2, 12.5, 12.5, 10, 20, 77.14
SGD, 1, -1, 1, -1, 128, 128, 128, 128, 0.6, 3, 12.5, 12.5, 2, 1, 13.4
SGD, 1, -1, 1, -1, 128, 128, 128, 128, 0.6, 3, 12.5, 12.5, 2, 2, 11.35
SGD, 1, -1, 1, -1, 128, 128, 128, 128, 0.6, 3, 12.5, 12.5, 2, 3, 9.8
SGD, 1, -1, 1, -1, 128, 128, 128, 128, 0.6, 3, 12.5, 12.5, 2, 4, 12.65
SGD, 1, -1, 1, -1, 128, 128, 128, 128, 0.6, 3, 12.5, 12.5, 2, 5, 10.74
SGD, 1, -1, 1, -1, 128, 128, 128, 128, 0.6, 3, 12.5, 12.5, 2, 6, 12.5
SGD, 1, -1, 1, -1, 128, 128, 128, 128, 0.6, 3, 12.5, 12.5, 2, 7, 9.55
SGD, 1, -1, 1, -1, 128, 128, 128, 128, 0.6, 3, 12.5, 12.5, 2, 8, 12.26
SGD, 1, -1, 1, -1, 128, 128, 128, 128, 0.6, 3, 12.5, 12.5, 2, 9, 9.59
SGD, 1, -1, 1, -1, 128, 128, 128, 128, 0.6, 3, 12.5, 12.5, 2, 10, 12.35
SGD, 1, -1, 1, -1, 128, 128, 128, 128, 0.6, 3, 12.5, 12.5, 2, 11, 9.85
SGD, 1, -1, 1, -1, 128, 128, 128, 128, 0.6, 3, 12.5, 12.5, 2, 12, 10.65
SGD, 1, -1, 1, -1, 128, 128, 128, 128, 0.6, 3, 12.5, 12.5, 2, 13, 10.16
SGD, 1, -1, 1, -1, 128, 128, 128, 128, 0.6, 3, 12.5, 12.5, 2, 14, 10.07
SGD, 1, -1, 1, -1, 128, 128, 128, 128, 0.6, 3, 12.5, 12.5, 2, 15, 10.04
SGD, 1, -1, 1, -1, 128, 128, 128, 128, 0.6, 3, 12.5, 12.5, 2, 16, 11.6
SGD, 1, -1, 1, -1, 128, 128, 128, 128, 0.6, 3, 12.5, 12.5, 2, 17, 10.32
SGD, 1, -1, 1, -1, 128, 128, 128, 128, 0.6, 3, 12.5, 12.5, 2, 18, 11.15
SGD, 1, -1, 1, -1, 128, 128, 128, 128, 0.6, 3, 12.5, 12.5, 2, 19, 10.13
SGD, 1, -1, 1, -1, 128, 128, 128, 128, 0.6, 3, 12.5, 12.5, 2, 20, 10.41
SGD, 1, -1, 1, -1, 128, 128, 128, 128, 0.6, 3, 12.5, 12.5, 4, 1, 72.38
SGD, 1, -1, 1, -1, 128, 128, 128, 128, 0.6, 3, 12.5, 12.5, 4, 2, 79.28
SGD, 1, -1, 1, -1, 128, 128, 128, 128, 0.6, 3, 12.5, 12.5, 4, 3, 76.11
SGD, 1, -1, 1, -1, 128, 128, 128, 128, 0.6, 3, 12.5, 12.5, 4, 4, 79.59
SGD, 1, -1, 1, -1, 128, 128, 128, 128, 0.6, 3, 12.5, 12.5, 4, 5, 82.16
SGD, 1, -1, 1, -1, 128, 128, 128, 128, 0.6, 3, 12.5, 12.5, 4, 6, 76.98
SGD, 1, -1, 1, -1, 128, 128, 128, 128, 0.6, 3, 12.5, 12.5, 4, 7, 80.72
SGD, 1, -1, 1, -1, 128, 128, 128, 128, 0.6, 3, 12.5, 12.5, 4, 8, 78.21
SGD, 1, -1, 1, -1, 128, 128, 128, 128, 0.6, 3, 12.5, 12.5, 4, 9, 83.92
SGD, 1, -1, 1, -1, 128, 128, 128, 128, 0.6, 3, 12.5, 12.5, 4, 10, 80.19
SGD, 1, -1, 1, -1, 128, 128, 128, 128, 0.6, 3, 12.5, 12.5, 4, 11, 81.29
SGD, 1, -1, 1, -1, 128, 128, 128, 128, 0.6, 3, 12.5, 12.5, 4, 12, 74.58
SGD, 1, -1, 1, -1, 128, 128, 128, 128, 0.6, 3, 12.5, 12.5, 4, 13, 84.23
SGD, 1, -1, 1, -1, 128, 128, 128, 128, 0.6, 3, 12.5, 12.5, 4, 14, 83.9
SGD, 1, -1, 1, -1, 128, 128, 128, 128, 0.6, 3, 12.5, 12.5, 4, 15, 77.27
SGD, 1, -1, 1, -1, 128, 128, 128, 128, 0.6, 3, 12.5, 12.5, 4, 16, 76.07
SGD, 1, -1, 1, -1, 128, 128, 128, 128, 0.6, 3, 12.5, 12.5, 4, 17, 75.03
SGD, 1, -1, 1, -1, 128, 128, 128, 128, 0.6, 3, 12.5, 12.5, 4, 18, 81.95
SGD, 1, -1, 1, -1, 128, 128, 128, 128, 0.6, 3, 12.5, 12.5, 4, 19, 74.67
SGD, 1, -1, 1, -1, 128, 128, 128, 128, 0.6, 3, 12.5, 12.5, 4, 20, 78.47
SGD, 1, -1, 1, -1, 128, 128, 128, 128, 0.6, 3, 12.5, 12.5, 6, 1, 67.94
SGD, 1, -1, 1, -1, 128, 128, 128, 128, 0.6, 3, 12.5, 12.5, 6, 2, 79.53
SGD, 1, -1, 1, -1, 128, 128, 128, 128, 0.6, 3, 12.5, 12.5, 6, 3, 68.23
SGD, 1, -1, 1, -1, 128, 128, 128, 128, 0.6, 3, 12.5, 12.5, 6, 4, 87.07
SGD, 1, -1, 1, -1, 128, 128, 128, 128, 0.6, 3, 12.5, 12.5, 6, 5, 81.13
SGD, 1, -1, 1, -1, 128, 128, 128, 128, 0.6, 3, 12.5, 12.5, 6, 6, 78.75
SGD, 1, -1, 1, -1, 128, 128, 128, 128, 0.6, 3, 12.5, 12.5, 6, 7, 82.59
SGD, 1, -1, 1, -1, 128, 128, 128, 128, 0.6, 3, 12.5, 12.5, 6, 8, 77.93
SGD, 1, -1, 1, -1, 128, 128, 128, 128, 0.6, 3, 12.5, 12.5, 6, 9, 81.13
SGD, 1, -1, 1, -1, 128, 128, 128, 128, 0.6, 3, 12.5, 12.5, 6, 10, 76.9
SGD, 1, -1, 1, -1, 128, 128, 128, 128, 0.6, 3, 12.5, 12.5, 6, 11, 80.77
SGD, 1, -1, 1, -1, 128, 128, 128, 128, 0.6, 3, 12.5, 12.5, 6, 12, 87.25
SGD, 1, -1, 1, -1, 128, 128, 128, 128, 0.6, 3, 12.5, 12.5, 6, 13, 84.99
SGD, 1, -1, 1, -1, 128, 128, 128, 128, 0.6, 3, 12.5, 12.5, 6, 14, 83.47
SGD, 1, -1, 1, -1, 128, 128, 128, 128, 0.6, 3, 12.5, 12.5, 6, 15, 75.64
SGD, 1, -1, 1, -1, 128, 128, 128, 128, 0.6, 3, 12.5, 12.5, 6, 16, 83.7
SGD, 1, -1, 1, -1, 128, 128, 128, 128, 0.6, 3, 12.5, 12.5, 6, 17, 83.04
SGD, 1, -1, 1, -1, 128, 128, 128, 128, 0.6, 3, 12.5, 12.5, 6, 18, 83.63
SGD, 1, -1, 1, -1, 128, 128, 128, 128, 0.6, 3, 12.5, 12.5, 6, 19, 79.15
SGD, 1, -1, 1, -1, 128, 128, 128, 128, 0.6, 3, 12.5, 12.5, 6, 20, 79.02
SGD, 1, -1, 1, -1, 128, 128, 128, 128, 0.6, 3, 12.5, 12.5, 8, 1, 60.58
SGD, 1, -1, 1, -1, 128, 128, 128, 128, 0.6, 3, 12.5, 12.5, 8, 2, 69.92
SGD, 1, -1, 1, -1, 128, 128, 128, 128, 0.6, 3, 12.5, 12.5, 8, 3, 79.06
SGD, 1, -1, 1, -1, 128, 128, 128, 128, 0.6, 3, 12.5, 12.5, 8, 4, 75.25
SGD, 1, -1, 1, -1, 128, 128, 128, 128, 0.6, 3, 12.5, 12.5, 8, 5, 80.32
SGD, 1, -1, 1, -1, 128, 128, 128, 128, 0.6, 3, 12.5, 12.5, 8, 6, 81.66
SGD, 1, -1, 1, -1, 128, 128, 128, 128, 0.6, 3, 12.5, 12.5, 8, 7, 84.37
SGD, 1, -1, 1, -1, 128, 128, 128, 128, 0.6, 3, 12.5, 12.5, 8, 8, 77.11
SGD, 1, -1, 1, -1, 128, 128, 128, 128, 0.6, 3, 12.5, 12.5, 8, 9, 83.94
SGD, 1, -1, 1, -1, 128, 128, 128, 128, 0.6, 3, 12.5, 12.5, 8, 10, 77.35
SGD, 1, -1, 1, -1, 128, 128, 128, 128, 0.6, 3, 12.5, 12.5, 8, 11, 86.94
SGD, 1, -1, 1, -1, 128, 128, 128, 128, 0.6, 3, 12.5, 12.5, 8, 12, 82.62
SGD, 1, -1, 1, -1, 128, 128, 128, 128, 0.6, 3, 12.5, 12.5, 8, 13, 85.29
SGD, 1, -1, 1, -1, 128, 128, 128, 128, 0.6, 3, 12.5, 12.5, 8, 14, 87.07
SGD, 1, -1, 1, -1, 128, 128, 128, 128, 0.6, 3, 12.5, 12.5, 8, 15, 67.14
SGD, 1, -1, 1, -1, 128, 128, 128, 128, 0.6, 3, 12.5, 12.5, 8, 16, 77.56
SGD, 1, -1, 1, -1, 128, 128, 128, 128, 0.6, 3, 12.5, 12.5, 8, 17, 68.04
SGD, 1, -1, 1, -1, 128, 128, 128, 128, 0.6, 3, 12.5, 12.5, 8, 18, 81.81
SGD, 1, -1, 1, -1, 128, 128, 128, 128, 0.6, 3, 12.5, 12.5, 8, 19, 70.18
SGD, 1, -1, 1, -1, 128, 128, 128, 128, 0.6, 3, 12.5, 12.5, 8, 20, 84.16
SGD, 1, -1, 1, -1, 128, 128, 128, 128, 0.6, 3, 12.5, 12.5, 10, 1, 9.58
SGD, 1, -1, 1, -1, 128, 128, 128, 128, 0.6, 3, 12.5, 12.5, 10, 2, 23
SGD, 1, -1, 1, -1, 128, 128, 128, 128, 0.6, 3, 12.5, 12.5, 10, 3, 67.28
SGD, 1, -1, 1, -1, 128, 128, 128, 128, 0.6, 3, 12.5, 12.5, 10, 4, 64.93
SGD, 1, -1, 1, -1, 128, 128, 128, 128, 0.6, 3, 12.5, 12.5, 10, 5, 61.57
SGD, 1, -1, 1, -1, 128, 128, 128, 128, 0.6, 3, 12.5, 12.5, 10, 6, 72.59
SGD, 1, -1, 1, -1, 128, 128, 128, 128, 0.6, 3, 12.5, 12.5, 10, 7, 75.45
SGD, 1, -1, 1, -1, 128, 128, 128, 128, 0.6, 3, 12.5, 12.5, 10, 8, 72.42
SGD, 1, -1, 1, -1, 128, 128, 128, 128, 0.6, 3, 12.5, 12.5, 10, 9, 81.85
SGD, 1, -1, 1, -1, 128, 128, 128, 128, 0.6, 3, 12.5, 12.5, 10, 10, 73.75
SGD, 1, -1, 1, -1, 128, 128, 128, 128, 0.6, 3, 12.5, 12.5, 10, 11, 62.59
SGD, 1, -1, 1, -1, 128, 128, 128, 128, 0.6, 3, 12.5, 12.5, 10, 12, 74.87
SGD, 1, -1, 1, -1, 128, 128, 128, 128, 0.6, 3, 12.5, 12.5, 10, 13, 74.27
SGD, 1, -1, 1, -1, 128, 128, 128, 128, 0.6, 3, 12.5, 12.5, 10, 14, 74.11
SGD, 1, -1, 1, -1, 128, 128, 128, 128, 0.6, 3, 12.5, 12.5, 10, 15, 54.96
SGD, 1, -1, 1, -1, 128, 128, 128, 128, 0.6, 3, 12.5, 12.5, 10, 16, 74.92
SGD, 1, -1, 1, -1, 128, 128, 128, 128, 0.6, 3, 12.5, 12.5, 10, 17, 61.53
SGD, 1, -1, 1, -1, 128, 128, 128, 128, 0.6, 3, 12.5, 12.5, 10, 18, 62
SGD, 1, -1, 1, -1, 128, 128, 128, 128, 0.6, 3, 12.5, 12.5, 10, 19, 46.75
SGD, 1, -1, 1, -1, 128, 128, 128, 128, 0.6, 3, 12.5, 12.5, 10, 20, 73.17
SGD, 1, -1, 1, -1, 128, 128, 128, 128, 0.6, 4, 12.5, 12.5, 2, 1, 18.59
SGD, 1, -1, 1, -1, 128, 128, 128, 128, 0.6, 4, 12.5, 12.5, 2, 2, 15.33
SGD, 1, -1, 1, -1, 128, 128, 128, 128, 0.6, 4, 12.5, 12.5, 2, 3, 9.8
SGD, 1, -1, 1, -1, 128, 128, 128, 128, 0.6, 4, 12.5, 12.5, 2, 4, 10.18
SGD, 1, -1, 1, -1, 128, 128, 128, 128, 0.6, 4, 12.5, 12.5, 2, 5, 9.15
SGD, 1, -1, 1, -1, 128, 128, 128, 128, 0.6, 4, 12.5, 12.5, 2, 6, 11.36
SGD, 1, -1, 1, -1, 128, 128, 128, 128, 0.6, 4, 12.5, 12.5, 2, 7, 9.67
SGD, 1, -1, 1, -1, 128, 128, 128, 128, 0.6, 4, 12.5, 12.5, 2, 8, 10.36
SGD, 1, -1, 1, -1, 128, 128, 128, 128, 0.6, 4, 12.5, 12.5, 2, 9, 12.29
SGD, 1, -1, 1, -1, 128, 128, 128, 128, 0.6, 4, 12.5, 12.5, 2, 10, 9.02
SGD, 1, -1, 1, -1, 128, 128, 128, 128, 0.6, 4, 12.5, 12.5, 2, 11, 8.93
SGD, 1, -1, 1, -1, 128, 128, 128, 128, 0.6, 4, 12.5, 12.5, 2, 12, 9.96
SGD, 1, -1, 1, -1, 128, 128, 128, 128, 0.6, 4, 12.5, 12.5, 2, 13, 9.8
SGD, 1, -1, 1, -1, 128, 128, 128, 128, 0.6, 4, 12.5, 12.5, 2, 14, 8.99
SGD, 1, -1, 1, -1, 128, 128, 128, 128, 0.6, 4, 12.5, 12.5, 2, 15, 9.58
SGD, 1, -1, 1, -1, 128, 128, 128, 128, 0.6, 4, 12.5, 12.5, 2, 16, 10.28
SGD, 1, -1, 1, -1, 128, 128, 128, 128, 0.6, 4, 12.5, 12.5, 2, 17, 9.97
SGD, 1, -1, 1, -1, 128, 128, 128, 128, 0.6, 4, 12.5, 12.5, 2, 18, 10.29
SGD, 1, -1, 1, -1, 128, 128, 128, 128, 0.6, 4, 12.5, 12.5, 2, 19, 9.8
SGD, 1, -1, 1, -1, 128, 128, 128, 128, 0.6, 4, 12.5, 12.5, 2, 20, 10.32
SGD, 1, -1, 1, -1, 128, 128, 128, 128, 0.6, 4, 12.5, 12.5, 4, 1, 50.4
SGD, 1, -1, 1, -1, 128, 128, 128, 128, 0.6, 4, 12.5, 12.5, 4, 2, 61.95
SGD, 1, -1, 1, -1, 128, 128, 128, 128, 0.6, 4, 12.5, 12.5, 4, 3, 52.58
SGD, 1, -1, 1, -1, 128, 128, 128, 128, 0.6, 4, 12.5, 12.5, 4, 4, 47.99
SGD, 1, -1, 1, -1, 128, 128, 128, 128, 0.6, 4, 12.5, 12.5, 4, 5, 68.47
SGD, 1, -1, 1, -1, 128, 128, 128, 128, 0.6, 4, 12.5, 12.5, 4, 6, 57.74
SGD, 1, -1, 1, -1, 128, 128, 128, 128, 0.6, 4, 12.5, 12.5, 4, 7, 63.22
SGD, 1, -1, 1, -1, 128, 128, 128, 128, 0.6, 4, 12.5, 12.5, 4, 8, 72.88
SGD, 1, -1, 1, -1, 128, 128, 128, 128, 0.6, 4, 12.5, 12.5, 4, 9, 66.75
SGD, 1, -1, 1, -1, 128, 128, 128, 128, 0.6, 4, 12.5, 12.5, 4, 10, 69.51
SGD, 1, -1, 1, -1, 128, 128, 128, 128, 0.6, 4, 12.5, 12.5, 4, 11, 48.94
SGD, 1, -1, 1, -1, 128, 128, 128, 128, 0.6, 4, 12.5, 12.5, 4, 12, 54.35
SGD, 1, -1, 1, -1, 128, 128, 128, 128, 0.6, 4, 12.5, 12.5, 4, 13, 65.09
SGD, 1, -1, 1, -1, 128, 128, 128, 128, 0.6, 4, 12.5, 12.5, 4, 14, 60.3
SGD, 1, -1, 1, -1, 128, 128, 128, 128, 0.6, 4, 12.5, 12.5, 4, 15, 67.65
SGD, 1, -1, 1, -1, 128, 128, 128, 128, 0.6, 4, 12.5, 12.5, 4, 16, 59.69
SGD, 1, -1, 1, -1, 128, 128, 128, 128, 0.6, 4, 12.5, 12.5, 4, 17, 63.99
SGD, 1, -1, 1, -1, 128, 128, 128, 128, 0.6, 4, 12.5, 12.5, 4, 18, 65.45
SGD, 1, -1, 1, -1, 128, 128, 128, 128, 0.6, 4, 12.5, 12.5, 4, 19, 33.23
SGD, 1, -1, 1, -1, 128, 128, 128, 128, 0.6, 4, 12.5, 12.5, 4, 20, 54.93
SGD, 1, -1, 1, -1, 128, 128, 128, 128, 0.6, 4, 12.5, 12.5, 6, 1, 64.83
SGD, 1, -1, 1, -1, 128, 128, 128, 128, 0.6, 4, 12.5, 12.5, 6, 2, 71.74
SGD, 1, -1, 1, -1, 128, 128, 128, 128, 0.6, 4, 12.5, 12.5, 6, 3, 74.48
SGD, 1, -1, 1, -1, 128, 128, 128, 128, 0.6, 4, 12.5, 12.5, 6, 4, 81.45
SGD, 1, -1, 1, -1, 128, 128, 128, 128, 0.6, 4, 12.5, 12.5, 6, 5, 81.41
SGD, 1, -1, 1, -1, 128, 128, 128, 128, 0.6, 4, 12.5, 12.5, 6, 6, 73.42
SGD, 1, -1, 1, -1, 128, 128, 128, 128, 0.6, 4, 12.5, 12.5, 6, 7, 82.65
SGD, 1, -1, 1, -1, 128, 128, 128, 128, 0.6, 4, 12.5, 12.5, 6, 8, 80.37
SGD, 1, -1, 1, -1, 128, 128, 128, 128, 0.6, 4, 12.5, 12.5, 6, 9, 84.59
SGD, 1, -1, 1, -1, 128, 128, 128, 128, 0.6, 4, 12.5, 12.5, 6, 10, 74.49
SGD, 1, -1, 1, -1, 128, 128, 128, 128, 0.6, 4, 12.5, 12.5, 6, 11, 75.67
SGD, 1, -1, 1, -1, 128, 128, 128, 128, 0.6, 4, 12.5, 12.5, 6, 12, 85.3
SGD, 1, -1, 1, -1, 128, 128, 128, 128, 0.6, 4, 12.5, 12.5, 6, 13, 76.58
SGD, 1, -1, 1, -1, 128, 128, 128, 128, 0.6, 4, 12.5, 12.5, 6, 14, 84.57
SGD, 1, -1, 1, -1, 128, 128, 128, 128, 0.6, 4, 12.5, 12.5, 6, 15, 78.5
SGD, 1, -1, 1, -1, 128, 128, 128, 128, 0.6, 4, 12.5, 12.5, 6, 16, 71.89
SGD, 1, -1, 1, -1, 128, 128, 128, 128, 0.6, 4, 12.5, 12.5, 6, 17, 78.13
SGD, 1, -1, 1, -1, 128, 128, 128, 128, 0.6, 4, 12.5, 12.5, 6, 18, 80.89
SGD, 1, -1, 1, -1, 128, 128, 128, 128, 0.6, 4, 12.5, 12.5, 6, 19, 78.76
SGD, 1, -1, 1, -1, 128, 128, 128, 128, 0.6, 4, 12.5, 12.5, 6, 20, 72.74
SGD, 1, -1, 1, -1, 128, 128, 128, 128, 0.6, 4, 12.5, 12.5, 8, 1, 28.18
SGD, 1, -1, 1, -1, 128, 128, 128, 128, 0.6, 4, 12.5, 12.5, 8, 2, 37.6
SGD, 1, -1, 1, -1, 128, 128, 128, 128, 0.6, 4, 12.5, 12.5, 8, 3, 77.34
SGD, 1, -1, 1, -1, 128, 128, 128, 128, 0.6, 4, 12.5, 12.5, 8, 4, 67.78
SGD, 1, -1, 1, -1, 128, 128, 128, 128, 0.6, 4, 12.5, 12.5, 8, 5, 79.45
SGD, 1, -1, 1, -1, 128, 128, 128, 128, 0.6, 4, 12.5, 12.5, 8, 6, 69.27
SGD, 1, -1, 1, -1, 128, 128, 128, 128, 0.6, 4, 12.5, 12.5, 8, 7, 75.11
SGD, 1, -1, 1, -1, 128, 128, 128, 128, 0.6, 4, 12.5, 12.5, 8, 8, 75.9
SGD, 1, -1, 1, -1, 128, 128, 128, 128, 0.6, 4, 12.5, 12.5, 8, 9, 81.61
SGD, 1, -1, 1, -1, 128, 128, 128, 128, 0.6, 4, 12.5, 12.5, 8, 10, 67.85
SGD, 1, -1, 1, -1, 128, 128, 128, 128, 0.6, 4, 12.5, 12.5, 8, 11, 56.92
SGD, 1, -1, 1, -1, 128, 128, 128, 128, 0.6, 4, 12.5, 12.5, 8, 12, 75.99
SGD, 1, -1, 1, -1, 128, 128, 128, 128, 0.6, 4, 12.5, 12.5, 8, 13, 81.46
SGD, 1, -1, 1, -1, 128, 128, 128, 128, 0.6, 4, 12.5, 12.5, 8, 14, 78.82
SGD, 1, -1, 1, -1, 128, 128, 128, 128, 0.6, 4, 12.5, 12.5, 8, 15, 71.51
SGD, 1, -1, 1, -1, 128, 128, 128, 128, 0.6, 4, 12.5, 12.5, 8, 16, 73.76
SGD, 1, -1, 1, -1, 128, 128, 128, 128, 0.6, 4, 12.5, 12.5, 8, 17, 63.2
SGD, 1, -1, 1, -1, 128, 128, 128, 128, 0.6, 4, 12.5, 12.5, 8, 18, 75.98
SGD, 1, -1, 1, -1, 128, 128, 128, 128, 0.6, 4, 12.5, 12.5, 8, 19, 47.92
SGD, 1, -1, 1, -1, 128, 128, 128, 128, 0.6, 4, 12.5, 12.5, 8, 20, 77.2
SGD, 1, -1, 1, -1, 128, 128, 128, 128, 0.6, 4, 12.5, 12.5, 10, 1, 9.74
SGD, 1, -1, 1, -1, 128, 128, 128, 128, 0.6, 4, 12.5, 12.5, 10, 2, 46.8
SGD, 1, -1, 1, -1, 128, 128, 128, 128, 0.6, 4, 12.5, 12.5, 10, 3, 68.2
SGD, 1, -1, 1, -1, 128, 128, 128, 128, 0.6, 4, 12.5, 12.5, 10, 4, 76.11
SGD, 1, -1, 1, -1, 128, 128, 128, 128, 0.6, 4, 12.5, 12.5, 10, 5, 68.79
SGD, 1, -1, 1, -1, 128, 128, 128, 128, 0.6, 4, 12.5, 12.5, 10, 6, 73.48
SGD, 1, -1, 1, -1, 128, 128, 128, 128, 0.6, 4, 12.5, 12.5, 10, 7, 54.52
SGD, 1, -1, 1, -1, 128, 128, 128, 128, 0.6, 4, 12.5, 12.5, 10, 8, 71.43
SGD, 1, -1, 1, -1, 128, 128, 128, 128, 0.6, 4, 12.5, 12.5, 10, 9, 75.5
SGD, 1, -1, 1, -1, 128, 128, 128, 128, 0.6, 4, 12.5, 12.5, 10, 10, 73.48
SGD, 1, -1, 1, -1, 128, 128, 128, 128, 0.6, 4, 12.5, 12.5, 10, 11, 68.54
SGD, 1, -1, 1, -1, 128, 128, 128, 128, 0.6, 4, 12.5, 12.5, 10, 12, 73.98
SGD, 1, -1, 1, -1, 128, 128, 128, 128, 0.6, 4, 12.5, 12.5, 10, 13, 80.55
SGD, 1, -1, 1, -1, 128, 128, 128, 128, 0.6, 4, 12.5, 12.5, 10, 14, 72.87
SGD, 1, -1, 1, -1, 128, 128, 128, 128, 0.6, 4, 12.5, 12.5, 10, 15, 69.02
SGD, 1, -1, 1, -1, 128, 128, 128, 128, 0.6, 4, 12.5, 12.5, 10, 16, 63.49
SGD, 1, -1, 1, -1, 128, 128, 128, 128, 0.6, 4, 12.5, 12.5, 10, 17, 59.45
SGD, 1, -1, 1, -1, 128, 128, 128, 128, 0.6, 4, 12.5, 12.5, 10, 18, 74.05
SGD, 1, -1, 1, -1, 128, 128, 128, 128, 0.6, 4, 12.5, 12.5, 10, 19, 49.04
SGD, 1, -1, 1, -1, 128, 128, 128, 128, 0.6, 4, 12.5, 12.5, 10, 20, 73.14
SGD, 1, -1, 1, -1, 128, 128, 128, 128, 0.6, 5, 12.5, 12.5, 2, 1, 11.37
SGD, 1, -1, 1, -1, 128, 128, 128, 128, 0.6, 5, 12.5, 12.5, 2, 2, 11.35
SGD, 1, -1, 1, -1, 128, 128, 128, 128, 0.6, 5, 12.5, 12.5, 2, 3, 9.8
SGD, 1, -1, 1, -1, 128, 128, 128, 128, 0.6, 5, 12.5, 12.5, 2, 4, 10.03
SGD, 1, -1, 1, -1, 128, 128, 128, 128, 0.6, 5, 12.5, 12.5, 2, 5, 9.08
SGD, 1, -1, 1, -1, 128, 128, 128, 128, 0.6, 5, 12.5, 12.5, 2, 6, 11.35
SGD, 1, -1, 1, -1, 128, 128, 128, 128, 0.6, 5, 12.5, 12.5, 2, 7, 11.54
SGD, 1, -1, 1, -1, 128, 128, 128, 128, 0.6, 5, 12.5, 12.5, 2, 8, 10.26
SGD, 1, -1, 1, -1, 128, 128, 128, 128, 0.6, 5, 12.5, 12.5, 2, 9, 11.35
SGD, 1, -1, 1, -1, 128, 128, 128, 128, 0.6, 5, 12.5, 12.5, 2, 10, 9.22
SGD, 1, -1, 1, -1, 128, 128, 128, 128, 0.6, 5, 12.5, 12.5, 2, 11, 8.92
SGD, 1, -1, 1, -1, 128, 128, 128, 128, 0.6, 5, 12.5, 12.5, 2, 12, 10.32
SGD, 1, -1, 1, -1, 128, 128, 128, 128, 0.6, 5, 12.5, 12.5, 2, 13, 10.09
SGD, 1, -1, 1, -1, 128, 128, 128, 128, 0.6, 5, 12.5, 12.5, 2, 14, 11.35
SGD, 1, -1, 1, -1, 128, 128, 128, 128, 0.6, 5, 12.5, 12.5, 2, 15, 9.82
SGD, 1, -1, 1, -1, 128, 128, 128, 128, 0.6, 5, 12.5, 12.5, 2, 16, 10.28
SGD, 1, -1, 1, -1, 128, 128, 128, 128, 0.6, 5, 12.5, 12.5, 2, 17, 8.92
SGD, 1, -1, 1, -1, 128, 128, 128, 128, 0.6, 5, 12.5, 12.5, 2, 18, 10.42
SGD, 1, -1, 1, -1, 128, 128, 128, 128, 0.6, 5, 12.5, 12.5, 2, 19, 9.62
SGD, 1, -1, 1, -1, 128, 128, 128, 128, 0.6, 5, 12.5, 12.5, 2, 20, 10.32
SGD, 1, -1, 1, -1, 128, 128, 128, 128, 0.6, 5, 12.5, 12.5, 4, 1, 29.36
SGD, 1, -1, 1, -1, 128, 128, 128, 128, 0.6, 5, 12.5, 12.5, 4, 2, 37.54
SGD, 1, -1, 1, -1, 128, 128, 128, 128, 0.6, 5, 12.5, 12.5, 4, 3, 39.56
SGD, 1, -1, 1, -1, 128, 128, 128, 128, 0.6, 5, 12.5, 12.5, 4, 4, 25.36
SGD, 1, -1, 1, -1, 128, 128, 128, 128, 0.6, 5, 12.5, 12.5, 4, 5, 42.46
SGD, 1, -1, 1, -1, 128, 128, 128, 128, 0.6, 5, 12.5, 12.5, 4, 6, 18.13
SGD, 1, -1, 1, -1, 128, 128, 128, 128, 0.6, 5, 12.5, 12.5, 4, 7, 24.07
SGD, 1, -1, 1, -1, 128, 128, 128, 128, 0.6, 5, 12.5, 12.5, 4, 8, 29.98
SGD, 1, -1, 1, -1, 128, 128, 128, 128, 0.6, 5, 12.5, 12.5, 4, 9, 31.1
SGD, 1, -1, 1, -1, 128, 128, 128, 128, 0.6, 5, 12.5, 12.5, 4, 10, 38.43
SGD, 1, -1, 1, -1, 128, 128, 128, 128, 0.6, 5, 12.5, 12.5, 4, 11, 29.77
SGD, 1, -1, 1, -1, 128, 128, 128, 128, 0.6, 5, 12.5, 12.5, 4, 12, 11.82
SGD, 1, -1, 1, -1, 128, 128, 128, 128, 0.6, 5, 12.5, 12.5, 4, 13, 22.67
SGD, 1, -1, 1, -1, 128, 128, 128, 128, 0.6, 5, 12.5, 12.5, 4, 14, 20.25
SGD, 1, -1, 1, -1, 128, 128, 128, 128, 0.6, 5, 12.5, 12.5, 4, 15, 32.45
SGD, 1, -1, 1, -1, 128, 128, 128, 128, 0.6, 5, 12.5, 12.5, 4, 16, 25.18
SGD, 1, -1, 1, -1, 128, 128, 128, 128, 0.6, 5, 12.5, 12.5, 4, 17, 34.53
SGD, 1, -1, 1, -1, 128, 128, 128, 128, 0.6, 5, 12.5, 12.5, 4, 18, 45.11
SGD, 1, -1, 1, -1, 128, 128, 128, 128, 0.6, 5, 12.5, 12.5, 4, 19, 16.28
SGD, 1, -1, 1, -1, 128, 128, 128, 128, 0.6, 5, 12.5, 12.5, 4, 20, 24.07
SGD, 1, -1, 1, -1, 128, 128, 128, 128, 0.6, 5, 12.5, 12.5, 6, 1, 9.83
SGD, 1, -1, 1, -1, 128, 128, 128, 128, 0.6, 5, 12.5, 12.5, 6, 2, 60.25
SGD, 1, -1, 1, -1, 128, 128, 128, 128, 0.6, 5, 12.5, 12.5, 6, 3, 57.84
SGD, 1, -1, 1, -1, 128, 128, 128, 128, 0.6, 5, 12.5, 12.5, 6, 4, 71.02
SGD, 1, -1, 1, -1, 128, 128, 128, 128, 0.6, 5, 12.5, 12.5, 6, 5, 71.23
SGD, 1, -1, 1, -1, 128, 128, 128, 128, 0.6, 5, 12.5, 12.5, 6, 6, 71.5
SGD, 1, -1, 1, -1, 128, 128, 128, 128, 0.6, 5, 12.5, 12.5, 6, 7, 79.15
SGD, 1, -1, 1, -1, 128, 128, 128, 128, 0.6, 5, 12.5, 12.5, 6, 8, 76.6
SGD, 1, -1, 1, -1, 128, 128, 128, 128, 0.6, 5, 12.5, 12.5, 6, 9, 71.27
SGD, 1, -1, 1, -1, 128, 128, 128, 128, 0.6, 5, 12.5, 12.5, 6, 10, 74.77
SGD, 1, -1, 1, -1, 128, 128, 128, 128, 0.6, 5, 12.5, 12.5, 6, 11, 72.67
SGD, 1, -1, 1, -1, 128, 128, 128, 128, 0.6, 5, 12.5, 12.5, 6, 12, 80.05
SGD, 1, -1, 1, -1, 128, 128, 128, 128, 0.6, 5, 12.5, 12.5, 6, 13, 74.36
SGD, 1, -1, 1, -1, 128, 128, 128, 128, 0.6, 5, 12.5, 12.5, 6, 14, 69.13
SGD, 1, -1, 1, -1, 128, 128, 128, 128, 0.6, 5, 12.5, 12.5, 6, 15, 70.81
SGD, 1, -1, 1, -1, 128, 128, 128, 128, 0.6, 5, 12.5, 12.5, 6, 16, 74.67
SGD, 1, -1, 1, -1, 128, 128, 128, 128, 0.6, 5, 12.5, 12.5, 6, 17, 69.05
SGD, 1, -1, 1, -1, 128, 128, 128, 128, 0.6, 5, 12.5, 12.5, 6, 18, 72.2
SGD, 1, -1, 1, -1, 128, 128, 128, 128, 0.6, 5, 12.5, 12.5, 6, 19, 76.87
SGD, 1, -1, 1, -1, 128, 128, 128, 128, 0.6, 5, 12.5, 12.5, 6, 20, 72.87
SGD, 1, -1, 1, -1, 128, 128, 128, 128, 0.6, 5, 12.5, 12.5, 8, 1, 34.6
SGD, 1, -1, 1, -1, 128, 128, 128, 128, 0.6, 5, 12.5, 12.5, 8, 2, 61.48
SGD, 1, -1, 1, -1, 128, 128, 128, 128, 0.6, 5, 12.5, 12.5, 8, 3, 66.91
SGD, 1, -1, 1, -1, 128, 128, 128, 128, 0.6, 5, 12.5, 12.5, 8, 4, 60.92
SGD, 1, -1, 1, -1, 128, 128, 128, 128, 0.6, 5, 12.5, 12.5, 8, 5, 76.28
SGD, 1, -1, 1, -1, 128, 128, 128, 128, 0.6, 5, 12.5, 12.5, 8, 6, 77.33
SGD, 1, -1, 1, -1, 128, 128, 128, 128, 0.6, 5, 12.5, 12.5, 8, 7, 68.87
SGD, 1, -1, 1, -1, 128, 128, 128, 128, 0.6, 5, 12.5, 12.5, 8, 8, 70.82
SGD, 1, -1, 1, -1, 128, 128, 128, 128, 0.6, 5, 12.5, 12.5, 8, 9, 71.93
SGD, 1, -1, 1, -1, 128, 128, 128, 128, 0.6, 5, 12.5, 12.5, 8, 10, 58.79
SGD, 1, -1, 1, -1, 128, 128, 128, 128, 0.6, 5, 12.5, 12.5, 8, 11, 65.16
SGD, 1, -1, 1, -1, 128, 128, 128, 128, 0.6, 5, 12.5, 12.5, 8, 12, 62.41
SGD, 1, -1, 1, -1, 128, 128, 128, 128, 0.6, 5, 12.5, 12.5, 8, 13, 77.09
SGD, 1, -1, 1, -1, 128, 128, 128, 128, 0.6, 5, 12.5, 12.5, 8, 14, 75.66
SGD, 1, -1, 1, -1, 128, 128, 128, 128, 0.6, 5, 12.5, 12.5, 8, 15, 67.36
SGD, 1, -1, 1, -1, 128, 128, 128, 128, 0.6, 5, 12.5, 12.5, 8, 16, 71.28
SGD, 1, -1, 1, -1, 128, 128, 128, 128, 0.6, 5, 12.5, 12.5, 8, 17, 59.55
SGD, 1, -1, 1, -1, 128, 128, 128, 128, 0.6, 5, 12.5, 12.5, 8, 18, 65.92
SGD, 1, -1, 1, -1, 128, 128, 128, 128, 0.6, 5, 12.5, 12.5, 8, 19, 48.39
SGD, 1, -1, 1, -1, 128, 128, 128, 128, 0.6, 5, 12.5, 12.5, 8, 20, 68.18
SGD, 1, -1, 1, -1, 128, 128, 128, 128, 0.6, 5, 12.5, 12.5, 10, 1, 9.64
SGD, 1, -1, 1, -1, 128, 128, 128, 128, 0.6, 5, 12.5, 12.5, 10, 2, 12.35
SGD, 1, -1, 1, -1, 128, 128, 128, 128, 0.6, 5, 12.5, 12.5, 10, 3, 17.08
SGD, 1, -1, 1, -1, 128, 128, 128, 128, 0.6, 5, 12.5, 12.5, 10, 4, 23.26
SGD, 1, -1, 1, -1, 128, 128, 128, 128, 0.6, 5, 12.5, 12.5, 10, 5, 20.33
SGD, 1, -1, 1, -1, 128, 128, 128, 128, 0.6, 5, 12.5, 12.5, 10, 6, 25.41
SGD, 1, -1, 1, -1, 128, 128, 128, 128, 0.6, 5, 12.5, 12.5, 10, 7, 19.66
SGD, 1, -1, 1, -1, 128, 128, 128, 128, 0.6, 5, 12.5, 12.5, 10, 8, 18.89
SGD, 1, -1, 1, -1, 128, 128, 128, 128, 0.6, 5, 12.5, 12.5, 10, 9, 16.19
SGD, 1, -1, 1, -1, 128, 128, 128, 128, 0.6, 5, 12.5, 12.5, 10, 10, 10.1
SGD, 1, -1, 1, -1, 128, 128, 128, 128, 0.6, 5, 12.5, 12.5, 10, 11, 10.1
SGD, 1, -1, 1, -1, 128, 128, 128, 128, 0.6, 5, 12.5, 12.5, 10, 12, 10.1
SGD, 1, -1, 1, -1, 128, 128, 128, 128, 0.6, 5, 12.5, 12.5, 10, 13, 10.1
SGD, 1, -1, 1, -1, 128, 128, 128, 128, 0.6, 5, 12.5, 12.5, 10, 14, 10.1
SGD, 1, -1, 1, -1, 128, 128, 128, 128, 0.6, 5, 12.5, 12.5, 10, 15, 10.1
SGD, 1, -1, 1, -1, 128, 128, 128, 128, 0.6, 5, 12.5, 12.5, 10, 16, 27.52
SGD, 1, -1, 1, -1, 128, 128, 128, 128, 0.6, 5, 12.5, 12.5, 10, 17, 62.31
SGD, 1, -1, 1, -1, 128, 128, 128, 128, 0.6, 5, 12.5, 12.5, 10, 18, 56.41
SGD, 1, -1, 1, -1, 128, 128, 128, 128, 0.6, 5, 12.5, 12.5, 10, 19, 49.71
SGD, 1, -1, 1, -1, 128, 128, 128, 128, 0.6, 5, 12.5, 12.5, 10, 20, 71.41
SGD, 1, -1, 1, -1, 128, 128, 128, 128, 0.6, 6, 12.5, 12.5, 2, 1, 11.35
SGD, 1, -1, 1, -1, 128, 128, 128, 128, 0.6, 6, 12.5, 12.5, 2, 2, 11.36
SGD, 1, -1, 1, -1, 128, 128, 128, 128, 0.6, 6, 12.5, 12.5, 2, 3, 9.8
SGD, 1, -1, 1, -1, 128, 128, 128, 128, 0.6, 6, 12.5, 12.5, 2, 4, 10.09
SGD, 1, -1, 1, -1, 128, 128, 128, 128, 0.6, 6, 12.5, 12.5, 2, 5, 9.99
SGD, 1, -1, 1, -1, 128, 128, 128, 128, 0.6, 6, 12.5, 12.5, 2, 6, 10.11
SGD, 1, -1, 1, -1, 128, 128, 128, 128, 0.6, 6, 12.5, 12.5, 2, 7, 9.58
SGD, 1, -1, 1, -1, 128, 128, 128, 128, 0.6, 6, 12.5, 12.5, 2, 8, 10.29
SGD, 1, -1, 1, -1, 128, 128, 128, 128, 0.6, 6, 12.5, 12.5, 2, 9, 10.17
SGD, 1, -1, 1, -1, 128, 128, 128, 128, 0.6, 6, 12.5, 12.5, 2, 10, 8.92
SGD, 1, -1, 1, -1, 128, 128, 128, 128, 0.6, 6, 12.5, 12.5, 2, 11, 10.35
SGD, 1, -1, 1, -1, 128, 128, 128, 128, 0.6, 6, 12.5, 12.5, 2, 12, 10.32
SGD, 1, -1, 1, -1, 128, 128, 128, 128, 0.6, 6, 12.5, 12.5, 2, 13, 9.8
SGD, 1, -1, 1, -1, 128, 128, 128, 128, 0.6, 6, 12.5, 12.5, 2, 14, 11.35
SGD, 1, -1, 1, -1, 128, 128, 128, 128, 0.6, 6, 12.5, 12.5, 2, 15, 9.55
SGD, 1, -1, 1, -1, 128, 128, 128, 128, 0.6, 6, 12.5, 12.5, 2, 16, 10.28
SGD, 1, -1, 1, -1, 128, 128, 128, 128, 0.6, 6, 12.5, 12.5, 2, 17, 10.32
SGD, 1, -1, 1, -1, 128, 128, 128, 128, 0.6, 6, 12.5, 12.5, 2, 18, 11.35
SGD, 1, -1, 1, -1, 128, 128, 128, 128, 0.6, 6, 12.5, 12.5, 2, 19, 9.8
SGD, 1, -1, 1, -1, 128, 128, 128, 128, 0.6, 6, 12.5, 12.5, 2, 20, 10.07
SGD, 1, -1, 1, -1, 128, 128, 128, 128, 0.6, 6, 12.5, 12.5, 4, 1, 12.86
SGD, 1, -1, 1, -1, 128, 128, 128, 128, 0.6, 6, 12.5, 12.5, 4, 2, 28.91
SGD, 1, -1, 1, -1, 128, 128, 128, 128, 0.6, 6, 12.5, 12.5, 4, 3, 23.95
SGD, 1, -1, 1, -1, 128, 128, 128, 128, 0.6, 6, 12.5, 12.5, 4, 4, 25.4
SGD, 1, -1, 1, -1, 128, 128, 128, 128, 0.6, 6, 12.5, 12.5, 4, 5, 10.34
SGD, 1, -1, 1, -1, 128, 128, 128, 128, 0.6, 6, 12.5, 12.5, 4, 6, 15.65
SGD, 1, -1, 1, -1, 128, 128, 128, 128, 0.6, 6, 12.5, 12.5, 4, 7, 16.02
SGD, 1, -1, 1, -1, 128, 128, 128, 128, 0.6, 6, 12.5, 12.5, 4, 8, 13.5
SGD, 1, -1, 1, -1, 128, 128, 128, 128, 0.6, 6, 12.5, 12.5, 4, 9, 11.3
SGD, 1, -1, 1, -1, 128, 128, 128, 128, 0.6, 6, 12.5, 12.5, 4, 10, 9.83
SGD, 1, -1, 1, -1, 128, 128, 128, 128, 0.6, 6, 12.5, 12.5, 4, 11, 10.1
SGD, 1, -1, 1, -1, 128, 128, 128, 128, 0.6, 6, 12.5, 12.5, 4, 12, 10.32
SGD, 1, -1, 1, -1, 128, 128, 128, 128, 0.6, 6, 12.5, 12.5, 4, 13, 9.8
SGD, 1, -1, 1, -1, 128, 128, 128, 128, 0.6, 6, 12.5, 12.5, 4, 14, 10.06
SGD, 1, -1, 1, -1, 128, 128, 128, 128, 0.6, 6, 12.5, 12.5, 4, 15, 9.93
SGD, 1, -1, 1, -1, 128, 128, 128, 128, 0.6, 6, 12.5, 12.5, 4, 16, 10
SGD, 1, -1, 1, -1, 128, 128, 128, 128, 0.6, 6, 12.5, 12.5, 4, 17, 10.41
SGD, 1, -1, 1, -1, 128, 128, 128, 128, 0.6, 6, 12.5, 12.5, 4, 18, 11.37
SGD, 1, -1, 1, -1, 128, 128, 128, 128, 0.6, 6, 12.5, 12.5, 4, 19, 18.95
SGD, 1, -1, 1, -1, 128, 128, 128, 128, 0.6, 6, 12.5, 12.5, 4, 20, 10.32
SGD, 1, -1, 1, -1, 128, 128, 128, 128, 0.6, 6, 12.5, 12.5, 6, 1, 8.92
SGD, 1, -1, 1, -1, 128, 128, 128, 128, 0.6, 6, 12.5, 12.5, 6, 2, 8.92
SGD, 1, -1, 1, -1, 128, 128, 128, 128, 0.6, 6, 12.5, 12.5, 6, 3, 20.05
SGD, 1, -1, 1, -1, 128, 128, 128, 128, 0.6, 6, 12.5, 12.5, 6, 4, 68.4
SGD, 1, -1, 1, -1, 128, 128, 128, 128, 0.6, 6, 12.5, 12.5, 6, 5, 71.14
SGD, 1, -1, 1, -1, 128, 128, 128, 128, 0.6, 6, 12.5, 12.5, 6, 6, 42.8
SGD, 1, -1, 1, -1, 128, 128, 128, 128, 0.6, 6, 12.5, 12.5, 6, 7, 67.52
SGD, 1, -1, 1, -1, 128, 128, 128, 128, 0.6, 6, 12.5, 12.5, 6, 8, 66.68
SGD, 1, -1, 1, -1, 128, 128, 128, 128, 0.6, 6, 12.5, 12.5, 6, 9, 68.59
SGD, 1, -1, 1, -1, 128, 128, 128, 128, 0.6, 6, 12.5, 12.5, 6, 10, 62.73
SGD, 1, -1, 1, -1, 128, 128, 128, 128, 0.6, 6, 12.5, 12.5, 6, 11, 57.3
SGD, 1, -1, 1, -1, 128, 128, 128, 128, 0.6, 6, 12.5, 12.5, 6, 12, 66.45
SGD, 1, -1, 1, -1, 128, 128, 128, 128, 0.6, 6, 12.5, 12.5, 6, 13, 59.64
SGD, 1, -1, 1, -1, 128, 128, 128, 128, 0.6, 6, 12.5, 12.5, 6, 14, 59.09
SGD, 1, -1, 1, -1, 128, 128, 128, 128, 0.6, 6, 12.5, 12.5, 6, 15, 66.23
SGD, 1, -1, 1, -1, 128, 128, 128, 128, 0.6, 6, 12.5, 12.5, 6, 16, 66.27
SGD, 1, -1, 1, -1, 128, 128, 128, 128, 0.6, 6, 12.5, 12.5, 6, 17, 61.54
SGD, 1, -1, 1, -1, 128, 128, 128, 128, 0.6, 6, 12.5, 12.5, 6, 18, 68.85
SGD, 1, -1, 1, -1, 128, 128, 128, 128, 0.6, 6, 12.5, 12.5, 6, 19, 59.09
SGD, 1, -1, 1, -1, 128, 128, 128, 128, 0.6, 6, 12.5, 12.5, 6, 20, 49.9
SGD, 1, -1, 1, -1, 128, 128, 128, 128, 0.6, 6, 12.5, 12.5, 8, 1, 14.71
SGD, 1, -1, 1, -1, 128, 128, 128, 128, 0.6, 6, 12.5, 12.5, 8, 2, 9.89
SGD, 1, -1, 1, -1, 128, 128, 128, 128, 0.6, 6, 12.5, 12.5, 8, 3, 8.42
SGD, 1, -1, 1, -1, 128, 128, 128, 128, 0.6, 6, 12.5, 12.5, 8, 4, 12.23
SGD, 1, -1, 1, -1, 128, 128, 128, 128, 0.6, 6, 12.5, 12.5, 8, 5, 12.71
SGD, 1, -1, 1, -1, 128, 128, 128, 128, 0.6, 6, 12.5, 12.5, 8, 6, 16.35
SGD, 1, -1, 1, -1, 128, 128, 128, 128, 0.6, 6, 12.5, 12.5, 8, 7, 14.06
SGD, 1, -1, 1, -1, 128, 128, 128, 128, 0.6, 6, 12.5, 12.5, 8, 8, 54.96
SGD, 1, -1, 1, -1, 128, 128, 128, 128, 0.6, 6, 12.5, 12.5, 8, 9, 63.62
SGD, 1, -1, 1, -1, 128, 128, 128, 128, 0.6, 6, 12.5, 12.5, 8, 10, 67.71
SGD, 1, -1, 1, -1, 128, 128, 128, 128, 0.6, 6, 12.5, 12.5, 8, 11, 52.39
SGD, 1, -1, 1, -1, 128, 128, 128, 128, 0.6, 6, 12.5, 12.5, 8, 12, 58.1
SGD, 1, -1, 1, -1, 128, 128, 128, 128, 0.6, 6, 12.5, 12.5, 8, 13, 75.19
SGD, 1, -1, 1, -1, 128, 128, 128, 128, 0.6, 6, 12.5, 12.5, 8, 14, 69.65
SGD, 1, -1, 1, -1, 128, 128, 128, 128, 0.6, 6, 12.5, 12.5, 8, 15, 62.43
SGD, 1, -1, 1, -1, 128, 128, 128, 128, 0.6, 6, 12.5, 12.5, 8, 16, 70.04
SGD, 1, -1, 1, -1, 128, 128, 128, 128, 0.6, 6, 12.5, 12.5, 8, 17, 68.54
SGD, 1, -1, 1, -1, 128, 128, 128, 128, 0.6, 6, 12.5, 12.5, 8, 18, 62.51
SGD, 1, -1, 1, -1, 128, 128, 128, 128, 0.6, 6, 12.5, 12.5, 8, 19, 54.53
SGD, 1, -1, 1, -1, 128, 128, 128, 128, 0.6, 6, 12.5, 12.5, 8, 20, 54.56
SGD, 1, -1, 1, -1, 128, 128, 128, 128, 0.6, 6, 12.5, 12.5, 10, 1, 8.92
SGD, 1, -1, 1, -1, 128, 128, 128, 128, 0.6, 6, 12.5, 12.5, 10, 2, 8.92
SGD, 1, -1, 1, -1, 128, 128, 128, 128, 0.6, 6, 12.5, 12.5, 10, 3, 8.92
SGD, 1, -1, 1, -1, 128, 128, 128, 128, 0.6, 6, 12.5, 12.5, 10, 4, 8.92
SGD, 1, -1, 1, -1, 128, 128, 128, 128, 0.6, 6, 12.5, 12.5, 10, 5, 8.92
SGD, 1, -1, 1, -1, 128, 128, 128, 128, 0.6, 6, 12.5, 12.5, 10, 6, 8.92
SGD, 1, -1, 1, -1, 128, 128, 128, 128, 0.6, 6, 12.5, 12.5, 10, 7, 8.92
SGD, 1, -1, 1, -1, 128, 128, 128, 128, 0.6, 6, 12.5, 12.5, 10, 8, 8.92
SGD, 1, -1, 1, -1, 128, 128, 128, 128, 0.6, 6, 12.5, 12.5, 10, 9, 8.92
SGD, 1, -1, 1, -1, 128, 128, 128, 128, 0.6, 6, 12.5, 12.5, 10, 10, 8.92
SGD, 1, -1, 1, -1, 128, 128, 128, 128, 0.6, 6, 12.5, 12.5, 10, 11, 8.92
SGD, 1, -1, 1, -1, 128, 128, 128, 128, 0.6, 6, 12.5, 12.5, 10, 12, 8.92
SGD, 1, -1, 1, -1, 128, 128, 128, 128, 0.6, 6, 12.5, 12.5, 10, 13, 8.92
SGD, 1, -1, 1, -1, 128, 128, 128, 128, 0.6, 6, 12.5, 12.5, 10, 14, 8.92
SGD, 1, -1, 1, -1, 128, 128, 128, 128, 0.6, 6, 12.5, 12.5, 10, 15, 8.92
SGD, 1, -1, 1, -1, 128, 128, 128, 128, 0.6, 6, 12.5, 12.5, 10, 16, 8.92
SGD, 1, -1, 1, -1, 128, 128, 128, 128, 0.6, 6, 12.5, 12.5, 10, 17, 8.92
SGD, 1, -1, 1, -1, 128, 128, 128, 128, 0.6, 6, 12.5, 12.5, 10, 18, 8.92
SGD, 1, -1, 1, -1, 128, 128, 128, 128, 0.6, 6, 12.5, 12.5, 10, 19, 8.92
SGD, 1, -1, 1, -1, 128, 128, 128, 128, 0.6, 6, 12.5, 12.5, 10, 20, 8.92

















wrong data















SGD, 1, -1, 1, -1, 128, 8, 128, 8, 0.4, 1, 12.5, 12.5, 2, 1, 40.39
SGD, 1, -1, 1, -1, 128, 8, 128, 8, 0.4, 1, 12.5, 12.5, 2, 2, 42.8
SGD, 1, -1, 1, -1, 128, 8, 128, 8, 0.4, 1, 12.5, 12.5, 2, 3, 57.96
SGD, 1, -1, 1, -1, 128, 8, 128, 8, 0.4, 1, 12.5, 12.5, 2, 4, 58.48
SGD, 1, -1, 1, -1, 128, 8, 128, 8, 0.4, 1, 12.5, 12.5, 2, 5, 62.31
SGD, 1, -1, 1, -1, 128, 8, 128, 8, 0.4, 1, 12.5, 12.5, 2, 6, 33.98
SGD, 1, -1, 1, -1, 128, 8, 128, 8, 0.4, 1, 12.5, 12.5, 2, 7, 27.02
SGD, 1, -1, 1, -1, 128, 8, 128, 8, 0.4, 1, 12.5, 12.5, 2, 8, 46.52
SGD, 1, -1, 1, -1, 128, 8, 128, 8, 0.4, 1, 12.5, 12.5, 2, 9, 32.49
SGD, 1, -1, 1, -1, 128, 8, 128, 8, 0.4, 1, 12.5, 12.5, 2, 10, 40.6
SGD, 1, -1, 1, -1, 128, 8, 128, 8, 0.4, 1, 12.5, 12.5, 2, 11, 25.4
SGD, 1, -1, 1, -1, 128, 8, 128, 8, 0.4, 1, 12.5, 12.5, 2, 12, 37.73
SGD, 1, -1, 1, -1, 128, 8, 128, 8, 0.4, 1, 12.5, 12.5, 2, 13, 43.72
SGD, 1, -1, 1, -1, 128, 8, 128, 8, 0.4, 1, 12.5, 12.5, 2, 14, 35.73
SGD, 1, -1, 1, -1, 128, 8, 128, 8, 0.4, 1, 12.5, 12.5, 2, 15, 32.37
SGD, 1, -1, 1, -1, 128, 8, 128, 8, 0.4, 1, 12.5, 12.5, 2, 16, 34.62
SGD, 1, -1, 1, -1, 128, 8, 128, 8, 0.4, 1, 12.5, 12.5, 2, 17, 34.79
SGD, 1, -1, 1, -1, 128, 8, 128, 8, 0.4, 1, 12.5, 12.5, 2, 18, 27.47
SGD, 1, -1, 1, -1, 128, 8, 128, 8, 0.4, 1, 12.5, 12.5, 2, 19, 27.98
SGD, 1, -1, 1, -1, 128, 8, 128, 8, 0.4, 1, 12.5, 12.5, 2, 20, 29.42
SGD, 1, -1, 1, -1, 128, 8, 128, 8, 0.4, 1, 12.5, 12.5, 4, 1, 63.41
SGD, 1, -1, 1, -1, 128, 8, 128, 8, 0.4, 1, 12.5, 12.5, 4, 2, 62.12
SGD, 1, -1, 1, -1, 128, 8, 128, 8, 0.4, 1, 12.5, 12.5, 4, 3, 59.34
SGD, 1, -1, 1, -1, 128, 8, 128, 8, 0.4, 1, 12.5, 12.5, 4, 4, 52.16
SGD, 1, -1, 1, -1, 128, 8, 128, 8, 0.4, 1, 12.5, 12.5, 4, 5, 42.38
SGD, 1, -1, 1, -1, 128, 8, 128, 8, 0.4, 1, 12.5, 12.5, 4, 6, 38.27
SGD, 1, -1, 1, -1, 128, 8, 128, 8, 0.4, 1, 12.5, 12.5, 4, 7, 39.62
SGD, 1, -1, 1, -1, 128, 8, 128, 8, 0.4, 1, 12.5, 12.5, 4, 8, 31.73
SGD, 1, -1, 1, -1, 128, 8, 128, 8, 0.4, 1, 12.5, 12.5, 4, 9, 35.38
SGD, 1, -1, 1, -1, 128, 8, 128, 8, 0.4, 1, 12.5, 12.5, 4, 10, 20.28
SGD, 1, -1, 1, -1, 128, 8, 128, 8, 0.4, 1, 12.5, 12.5, 4, 11, 28.58
SGD, 1, -1, 1, -1, 128, 8, 128, 8, 0.4, 1, 12.5, 12.5, 4, 12, 13.91
SGD, 1, -1, 1, -1, 128, 8, 128, 8, 0.4, 1, 12.5, 12.5, 4, 13, 31.01
SGD, 1, -1, 1, -1, 128, 8, 128, 8, 0.4, 1, 12.5, 12.5, 4, 14, 33.8
SGD, 1, -1, 1, -1, 128, 8, 128, 8, 0.4, 1, 12.5, 12.5, 4, 15, 20.93
SGD, 1, -1, 1, -1, 128, 8, 128, 8, 0.4, 1, 12.5, 12.5, 4, 16, 25.77
SGD, 1, -1, 1, -1, 128, 8, 128, 8, 0.4, 1, 12.5, 12.5, 4, 17, 16.07
SGD, 1, -1, 1, -1, 128, 8, 128, 8, 0.4, 1, 12.5, 12.5, 4, 18, 19.7
SGD, 1, -1, 1, -1, 128, 8, 128, 8, 0.4, 1, 12.5, 12.5, 4, 19, 20.26
SGD, 1, -1, 1, -1, 128, 8, 128, 8, 0.4, 1, 12.5, 12.5, 4, 20, 13.52
SGD, 1, -1, 1, -1, 128, 8, 128, 8, 0.4, 1, 12.5, 12.5, 6, 1, 62
SGD, 1, -1, 1, -1, 128, 8, 128, 8, 0.4, 1, 12.5, 12.5, 6, 2, 43.16
SGD, 1, -1, 1, -1, 128, 8, 128, 8, 0.4, 1, 12.5, 12.5, 6, 3, 24.49
SGD, 1, -1, 1, -1, 128, 8, 128, 8, 0.4, 1, 12.5, 12.5, 6, 4, 23.17
SGD, 1, -1, 1, -1, 128, 8, 128, 8, 0.4, 1, 12.5, 12.5, 6, 5, 19.15
SGD, 1, -1, 1, -1, 128, 8, 128, 8, 0.4, 1, 12.5, 12.5, 6, 6, 21.07
SGD, 1, -1, 1, -1, 128, 8, 128, 8, 0.4, 1, 12.5, 12.5, 6, 7, 22.14
SGD, 1, -1, 1, -1, 128, 8, 128, 8, 0.4, 1, 12.5, 12.5, 6, 8, 21.81
SGD, 1, -1, 1, -1, 128, 8, 128, 8, 0.4, 1, 12.5, 12.5, 6, 9, 20.48
SGD, 1, -1, 1, -1, 128, 8, 128, 8, 0.4, 1, 12.5, 12.5, 6, 10, 21.6
SGD, 1, -1, 1, -1, 128, 8, 128, 8, 0.4, 1, 12.5, 12.5, 6, 11, 15.46
SGD, 1, -1, 1, -1, 128, 8, 128, 8, 0.4, 1, 12.5, 12.5, 6, 12, 15.25
SGD, 1, -1, 1, -1, 128, 8, 128, 8, 0.4, 1, 12.5, 12.5, 6, 13, 20.81
SGD, 1, -1, 1, -1, 128, 8, 128, 8, 0.4, 1, 12.5, 12.5, 6, 14, 15.18
SGD, 1, -1, 1, -1, 128, 8, 128, 8, 0.4, 1, 12.5, 12.5, 6, 15, 10.11
SGD, 1, -1, 1, -1, 128, 8, 128, 8, 0.4, 1, 12.5, 12.5, 6, 16, 11.65
SGD, 1, -1, 1, -1, 128, 8, 128, 8, 0.4, 1, 12.5, 12.5, 6, 17, 13.49








right data
