SGD, 1, -1, 1, -1, 128, 8, 128, 8, 0.4, 1, 12.5, 12.5, 2, 100, 1, 32
SGD, 1, -1, 1, -1, 128, 8, 128, 8, 0.4, 1, 12.5, 12.5, 2, 100, 2, 49.84
SGD, 1, -1, 1, -1, 128, 8, 128, 8, 0.4, 1, 12.5, 12.5, 2, 100, 3, 49.71
SGD, 1, -1, 1, -1, 128, 8, 128, 8, 0.4, 1, 12.5, 12.5, 2, 100, 4, 54.13
SGD, 1, -1, 1, -1, 128, 8, 128, 8, 0.4, 1, 12.5, 12.5, 2, 100, 5, 42.12
SGD, 1, -1, 1, -1, 128, 8, 128, 8, 0.4, 1, 12.5, 12.5, 2, 100, 6, 37.23
SGD, 1, -1, 1, -1, 128, 8, 128, 8, 0.4, 1, 12.5, 12.5, 2, 100, 7, 35.08
SGD, 1, -1, 1, -1, 128, 8, 128, 8, 0.4, 1, 12.5, 12.5, 2, 100, 8, 17.56
SGD, 1, -1, 1, -1, 128, 8, 128, 8, 0.4, 1, 12.5, 12.5, 2, 100, 9, 27.33
SGD, 1, -1, 1, -1, 128, 8, 128, 8, 0.4, 1, 12.5, 12.5, 2, 100, 10, 34.2
SGD, 1, -1, 1, -1, 128, 8, 128, 8, 0.4, 1, 12.5, 12.5, 2, 100, 11, 28.23
SGD, 1, -1, 1, -1, 128, 8, 128, 8, 0.4, 1, 12.5, 12.5, 2, 100, 12, 19.67
SGD, 1, -1, 1, -1, 128, 8, 128, 8, 0.4, 1, 12.5, 12.5, 2, 100, 13, 12.37
SGD, 1, -1, 1, -1, 128, 8, 128, 8, 0.4, 1, 12.5, 12.5, 2, 100, 14, 23.19
SGD, 1, -1, 1, -1, 128, 8, 128, 8, 0.4, 1, 12.5, 12.5, 2, 100, 15, 11.87
SGD, 1, -1, 1, -1, 128, 8, 128, 8, 0.4, 1, 12.5, 12.5, 2, 100, 16, 28.69
SGD, 1, -1, 1, -1, 128, 8, 128, 8, 0.4, 1, 12.5, 12.5, 2, 100, 17, 29.43
SGD, 1, -1, 1, -1, 128, 8, 128, 8, 0.4, 1, 12.5, 12.5, 2, 100, 18, 33.96
SGD, 1, -1, 1, -1, 128, 8, 128, 8, 0.4, 1, 12.5, 12.5, 2, 100, 19, 19.5
SGD, 1, -1, 1, -1, 128, 8, 128, 8, 0.4, 1, 12.5, 12.5, 2, 100, 20, 20.01
SGD, 1, -1, 1, -1, 128, 8, 128, 8, 0.4, 1, 12.5, 12.5, 4, 100, 1, 62.58
SGD, 1, -1, 1, -1, 128, 8, 128, 8, 0.4, 1, 12.5, 12.5, 4, 100, 2, 59.19
SGD, 1, -1, 1, -1, 128, 8, 128, 8, 0.4, 1, 12.5, 12.5, 4, 100, 3, 42.13
SGD, 1, -1, 1, -1, 128, 8, 128, 8, 0.4, 1, 12.5, 12.5, 4, 100, 4, 38.68
SGD, 1, -1, 1, -1, 128, 8, 128, 8, 0.4, 1, 12.5, 12.5, 4, 100, 5, 37.11
SGD, 1, -1, 1, -1, 128, 8, 128, 8, 0.4, 1, 12.5, 12.5, 4, 100, 6, 28.94
SGD, 1, -1, 1, -1, 128, 8, 128, 8, 0.4, 1, 12.5, 12.5, 4, 100, 7, 28.4
SGD, 1, -1, 1, -1, 128, 8, 128, 8, 0.4, 1, 12.5, 12.5, 4, 100, 8, 37.34
SGD, 1, -1, 1, -1, 128, 8, 128, 8, 0.4, 1, 12.5, 12.5, 4, 100, 9, 20.33
SGD, 1, -1, 1, -1, 128, 8, 128, 8, 0.4, 1, 12.5, 12.5, 4, 100, 10, 17.08
SGD, 1, -1, 1, -1, 128, 8, 128, 8, 0.4, 1, 12.5, 12.5, 4, 100, 11, 15.51
SGD, 1, -1, 1, -1, 128, 8, 128, 8, 0.4, 1, 12.5, 12.5, 4, 100, 12, 13.16
SGD, 1, -1, 1, -1, 128, 8, 128, 8, 0.4, 1, 12.5, 12.5, 4, 100, 13, 17.78
SGD, 1, -1, 1, -1, 128, 8, 128, 8, 0.4, 1, 12.5, 12.5, 4, 100, 14, 21.8
SGD, 1, -1, 1, -1, 128, 8, 128, 8, 0.4, 1, 12.5, 12.5, 4, 100, 15, 21.69
SGD, 1, -1, 1, -1, 128, 8, 128, 8, 0.4, 1, 12.5, 12.5, 4, 100, 16, 26.46
SGD, 1, -1, 1, -1, 128, 8, 128, 8, 0.4, 1, 12.5, 12.5, 4, 100, 17, 30.08
SGD, 1, -1, 1, -1, 128, 8, 128, 8, 0.4, 1, 12.5, 12.5, 4, 100, 18, 24.33
SGD, 1, -1, 1, -1, 128, 8, 128, 8, 0.4, 1, 12.5, 12.5, 4, 100, 19, 28.25
SGD, 1, -1, 1, -1, 128, 8, 128, 8, 0.4, 1, 12.5, 12.5, 4, 100, 20, 21.74
SGD, 1, -1, 1, -1, 128, 8, 128, 8, 0.4, 1, 12.5, 12.5, 6, 100, 1, 50.69
SGD, 1, -1, 1, -1, 128, 8, 128, 8, 0.4, 1, 12.5, 12.5, 6, 100, 2, 53.82
SGD, 1, -1, 1, -1, 128, 8, 128, 8, 0.4, 1, 12.5, 12.5, 6, 100, 3, 30.62
SGD, 1, -1, 1, -1, 128, 8, 128, 8, 0.4, 1, 12.5, 12.5, 6, 100, 4, 22.79
SGD, 1, -1, 1, -1, 128, 8, 128, 8, 0.4, 1, 12.5, 12.5, 6, 100, 5, 20.96
SGD, 1, -1, 1, -1, 128, 8, 128, 8, 0.4, 1, 12.5, 12.5, 6, 100, 6, 20.49
SGD, 1, -1, 1, -1, 128, 8, 128, 8, 0.4, 1, 12.5, 12.5, 6, 100, 7, 25.38
SGD, 1, -1, 1, -1, 128, 8, 128, 8, 0.4, 1, 12.5, 12.5, 6, 100, 8, 16.63
SGD, 1, -1, 1, -1, 128, 8, 128, 8, 0.4, 1, 12.5, 12.5, 6, 100, 9, 21.67
SGD, 1, -1, 1, -1, 128, 8, 128, 8, 0.4, 1, 12.5, 12.5, 6, 100, 10, 12.45
SGD, 1, -1, 1, -1, 128, 8, 128, 8, 0.4, 1, 12.5, 12.5, 6, 100, 11, 17.43
SGD, 1, -1, 1, -1, 128, 8, 128, 8, 0.4, 1, 12.5, 12.5, 6, 100, 12, 22.93
SGD, 1, -1, 1, -1, 128, 8, 128, 8, 0.4, 1, 12.5, 12.5, 6, 100, 13, 16.14
SGD, 1, -1, 1, -1, 128, 8, 128, 8, 0.4, 1, 12.5, 12.5, 6, 100, 14, 10.2
SGD, 1, -1, 1, -1, 128, 8, 128, 8, 0.4, 1, 12.5, 12.5, 6, 100, 15, 14.67
SGD, 1, -1, 1, -1, 128, 8, 128, 8, 0.4, 1, 12.5, 12.5, 6, 100, 16, 11.1
SGD, 1, -1, 1, -1, 128, 8, 128, 8, 0.4, 1, 12.5, 12.5, 6, 100, 17, 19.72
SGD, 1, -1, 1, -1, 128, 8, 128, 8, 0.4, 1, 12.5, 12.5, 6, 100, 18, 14.05
SGD, 1, -1, 1, -1, 128, 8, 128, 8, 0.4, 1, 12.5, 12.5, 6, 100, 19, 13.89
SGD, 1, -1, 1, -1, 128, 8, 128, 8, 0.4, 1, 12.5, 12.5, 6, 100, 20, 15.54
SGD, 1, -1, 1, -1, 128, 8, 128, 8, 0.4, 1, 12.5, 12.5, 8, 100, 1, 46.07
SGD, 1, -1, 1, -1, 128, 8, 128, 8, 0.4, 1, 12.5, 12.5, 8, 100, 2, 44.3
SGD, 1, -1, 1, -1, 128, 8, 128, 8, 0.4, 1, 12.5, 12.5, 8, 100, 3, 32.08
SGD, 1, -1, 1, -1, 128, 8, 128, 8, 0.4, 1, 12.5, 12.5, 8, 100, 4, 25.77
SGD, 1, -1, 1, -1, 128, 8, 128, 8, 0.4, 1, 12.5, 12.5, 8, 100, 5, 23.73
SGD, 1, -1, 1, -1, 128, 8, 128, 8, 0.4, 1, 12.5, 12.5, 8, 100, 6, 19.95
SGD, 1, -1, 1, -1, 128, 8, 128, 8, 0.4, 1, 12.5, 12.5, 8, 100, 7, 15.83
SGD, 1, -1, 1, -1, 128, 8, 128, 8, 0.4, 1, 12.5, 12.5, 8, 100, 8, 15.32
SGD, 1, -1, 1, -1, 128, 8, 128, 8, 0.4, 1, 12.5, 12.5, 8, 100, 9, 9.05
SGD, 1, -1, 1, -1, 128, 8, 128, 8, 0.4, 1, 12.5, 12.5, 8, 100, 10, 14.12
SGD, 1, -1, 1, -1, 128, 8, 128, 8, 0.4, 1, 12.5, 12.5, 8, 100, 11, 25.07
SGD, 1, -1, 1, -1, 128, 8, 128, 8, 0.4, 1, 12.5, 12.5, 8, 100, 12, 14.09
SGD, 1, -1, 1, -1, 128, 8, 128, 8, 0.4, 1, 12.5, 12.5, 8, 100, 13, 14.02
SGD, 1, -1, 1, -1, 128, 8, 128, 8, 0.4, 1, 12.5, 12.5, 8, 100, 14, 10.84
SGD, 1, -1, 1, -1, 128, 8, 128, 8, 0.4, 1, 12.5, 12.5, 8, 100, 15, 11.85
SGD, 1, -1, 1, -1, 128, 8, 128, 8, 0.4, 1, 12.5, 12.5, 8, 100, 16, 15.12
SGD, 1, -1, 1, -1, 128, 8, 128, 8, 0.4, 1, 12.5, 12.5, 8, 100, 17, 15.75
SGD, 1, -1, 1, -1, 128, 8, 128, 8, 0.4, 1, 12.5, 12.5, 8, 100, 18, 16.6
SGD, 1, -1, 1, -1, 128, 8, 128, 8, 0.4, 1, 12.5, 12.5, 8, 100, 19, 13.69
SGD, 1, -1, 1, -1, 128, 8, 128, 8, 0.4, 1, 12.5, 12.5, 8, 100, 20, 15.96
SGD, 1, -1, 1, -1, 128, 8, 128, 8, 0.4, 1, 12.5, 12.5, 10, 100, 1, 47.8
SGD, 1, -1, 1, -1, 128, 8, 128, 8, 0.4, 1, 12.5, 12.5, 10, 100, 2, 35.5
SGD, 1, -1, 1, -1, 128, 8, 128, 8, 0.4, 1, 12.5, 12.5, 10, 100, 3, 10.55
SGD, 1, -1, 1, -1, 128, 8, 128, 8, 0.4, 1, 12.5, 12.5, 10, 100, 4, 20.04
SGD, 1, -1, 1, -1, 128, 8, 128, 8, 0.4, 1, 12.5, 12.5, 10, 100, 5, 12.24
SGD, 1, -1, 1, -1, 128, 8, 128, 8, 0.4, 1, 12.5, 12.5, 10, 100, 6, 21.61
SGD, 1, -1, 1, -1, 128, 8, 128, 8, 0.4, 1, 12.5, 12.5, 10, 100, 7, 23.81
SGD, 1, -1, 1, -1, 128, 8, 128, 8, 0.4, 1, 12.5, 12.5, 10, 100, 8, 14.28
SGD, 1, -1, 1, -1, 128, 8, 128, 8, 0.4, 1, 12.5, 12.5, 10, 100, 9, 18.84
SGD, 1, -1, 1, -1, 128, 8, 128, 8, 0.4, 1, 12.5, 12.5, 10, 100, 10, 15.67
SGD, 1, -1, 1, -1, 128, 8, 128, 8, 0.4, 1, 12.5, 12.5, 10, 100, 11, 15.15
SGD, 1, -1, 1, -1, 128, 8, 128, 8, 0.4, 1, 12.5, 12.5, 10, 100, 12, 15.12
SGD, 1, -1, 1, -1, 128, 8, 128, 8, 0.4, 1, 12.5, 12.5, 10, 100, 13, 11.13
SGD, 1, -1, 1, -1, 128, 8, 128, 8, 0.4, 1, 12.5, 12.5, 10, 100, 14, 8.69
SGD, 1, -1, 1, -1, 128, 8, 128, 8, 0.4, 1, 12.5, 12.5, 10, 100, 15, 17.74
SGD, 1, -1, 1, -1, 128, 8, 128, 8, 0.4, 1, 12.5, 12.5, 10, 100, 16, 14.86
SGD, 1, -1, 1, -1, 128, 8, 128, 8, 0.4, 1, 12.5, 12.5, 10, 100, 17, 13.64
SGD, 1, -1, 1, -1, 128, 8, 128, 8, 0.4, 1, 12.5, 12.5, 10, 100, 18, 15.96
SGD, 1, -1, 1, -1, 128, 8, 128, 8, 0.4, 1, 12.5, 12.5, 10, 100, 19, 9.8
SGD, 1, -1, 1, -1, 128, 8, 128, 8, 0.4, 1, 12.5, 12.5, 10, 100, 20, 10.43
SGD, 1, -1, 1, -1, 128, 8, 128, 8, 0.4, 2, 12.5, 12.5, 2, 100, 1, 27.46
SGD, 1, -1, 1, -1, 128, 8, 128, 8, 0.4, 2, 12.5, 12.5, 2, 100, 2, 11.47
SGD, 1, -1, 1, -1, 128, 8, 128, 8, 0.4, 2, 12.5, 12.5, 2, 100, 3, 20.74
SGD, 1, -1, 1, -1, 128, 8, 128, 8, 0.4, 2, 12.5, 12.5, 2, 100, 4, 18.75
SGD, 1, -1, 1, -1, 128, 8, 128, 8, 0.4, 2, 12.5, 12.5, 2, 100, 5, 20.94
SGD, 1, -1, 1, -1, 128, 8, 128, 8, 0.4, 2, 12.5, 12.5, 2, 100, 6, 32.81
SGD, 1, -1, 1, -1, 128, 8, 128, 8, 0.4, 2, 12.5, 12.5, 2, 100, 7, 13.78
SGD, 1, -1, 1, -1, 128, 8, 128, 8, 0.4, 2, 12.5, 12.5, 2, 100, 8, 19.95
SGD, 1, -1, 1, -1, 128, 8, 128, 8, 0.4, 2, 12.5, 12.5, 2, 100, 9, 12.55
SGD, 1, -1, 1, -1, 128, 8, 128, 8, 0.4, 2, 12.5, 12.5, 2, 100, 10, 10.29
SGD, 1, -1, 1, -1, 128, 8, 128, 8, 0.4, 2, 12.5, 12.5, 2, 100, 11, 18.24
SGD, 1, -1, 1, -1, 128, 8, 128, 8, 0.4, 2, 12.5, 12.5, 2, 100, 12, 17.04
SGD, 1, -1, 1, -1, 128, 8, 128, 8, 0.4, 2, 12.5, 12.5, 2, 100, 13, 18.46
SGD, 1, -1, 1, -1, 128, 8, 128, 8, 0.4, 2, 12.5, 12.5, 2, 100, 14, 10.75
SGD, 1, -1, 1, -1, 128, 8, 128, 8, 0.4, 2, 12.5, 12.5, 2, 100, 15, 10.75
SGD, 1, -1, 1, -1, 128, 8, 128, 8, 0.4, 2, 12.5, 12.5, 2, 100, 16, 10.78
SGD, 1, -1, 1, -1, 128, 8, 128, 8, 0.4, 2, 12.5, 12.5, 2, 100, 17, 10.78
SGD, 1, -1, 1, -1, 128, 8, 128, 8, 0.4, 2, 12.5, 12.5, 2, 100, 18, 10.78
SGD, 1, -1, 1, -1, 128, 8, 128, 8, 0.4, 2, 12.5, 12.5, 2, 100, 19, 10.78
SGD, 1, -1, 1, -1, 128, 8, 128, 8, 0.4, 2, 12.5, 12.5, 2, 100, 20, 14.59
SGD, 1, -1, 1, -1, 128, 8, 128, 8, 0.4, 2, 12.5, 12.5, 4, 100, 1, 42.25
SGD, 1, -1, 1, -1, 128, 8, 128, 8, 0.4, 2, 12.5, 12.5, 4, 100, 2, 71.42
SGD, 1, -1, 1, -1, 128, 8, 128, 8, 0.4, 2, 12.5, 12.5, 4, 100, 3, 75.64
SGD, 1, -1, 1, -1, 128, 8, 128, 8, 0.4, 2, 12.5, 12.5, 4, 100, 4, 72.76
SGD, 1, -1, 1, -1, 128, 8, 128, 8, 0.4, 2, 12.5, 12.5, 4, 100, 5, 83
SGD, 1, -1, 1, -1, 128, 8, 128, 8, 0.4, 2, 12.5, 12.5, 4, 100, 6, 81.37
SGD, 1, -1, 1, -1, 128, 8, 128, 8, 0.4, 2, 12.5, 12.5, 4, 100, 7, 77.18
SGD, 1, -1, 1, -1, 128, 8, 128, 8, 0.4, 2, 12.5, 12.5, 4, 100, 8, 83.75
SGD, 1, -1, 1, -1, 128, 8, 128, 8, 0.4, 2, 12.5, 12.5, 4, 100, 9, 81.4
SGD, 1, -1, 1, -1, 128, 8, 128, 8, 0.4, 2, 12.5, 12.5, 4, 100, 10, 72.53
SGD, 1, -1, 1, -1, 128, 8, 128, 8, 0.4, 2, 12.5, 12.5, 4, 100, 11, 78.07
SGD, 1, -1, 1, -1, 128, 8, 128, 8, 0.4, 2, 12.5, 12.5, 4, 100, 12, 81.15
SGD, 1, -1, 1, -1, 128, 8, 128, 8, 0.4, 2, 12.5, 12.5, 4, 100, 13, 83.36
SGD, 1, -1, 1, -1, 128, 8, 128, 8, 0.4, 2, 12.5, 12.5, 4, 100, 14, 80.47
SGD, 1, -1, 1, -1, 128, 8, 128, 8, 0.4, 2, 12.5, 12.5, 4, 100, 15, 75.74
SGD, 1, -1, 1, -1, 128, 8, 128, 8, 0.4, 2, 12.5, 12.5, 4, 100, 16, 79.4
SGD, 1, -1, 1, -1, 128, 8, 128, 8, 0.4, 2, 12.5, 12.5, 4, 100, 17, 81.15
SGD, 1, -1, 1, -1, 128, 8, 128, 8, 0.4, 2, 12.5, 12.5, 4, 100, 18, 84.87
SGD, 1, -1, 1, -1, 128, 8, 128, 8, 0.4, 2, 12.5, 12.5, 4, 100, 19, 77.52
SGD, 1, -1, 1, -1, 128, 8, 128, 8, 0.4, 2, 12.5, 12.5, 4, 100, 20, 80.98
SGD, 1, -1, 1, -1, 128, 8, 128, 8, 0.4, 2, 12.5, 12.5, 6, 100, 1, 27.8
SGD, 1, -1, 1, -1, 128, 8, 128, 8, 0.4, 2, 12.5, 12.5, 6, 100, 2, 45.61
SGD, 1, -1, 1, -1, 128, 8, 128, 8, 0.4, 2, 12.5, 12.5, 6, 100, 3, 60.43
SGD, 1, -1, 1, -1, 128, 8, 128, 8, 0.4, 2, 12.5, 12.5, 6, 100, 4, 69.72
SGD, 1, -1, 1, -1, 128, 8, 128, 8, 0.4, 2, 12.5, 12.5, 6, 100, 5, 70.53
SGD, 1, -1, 1, -1, 128, 8, 128, 8, 0.4, 2, 12.5, 12.5, 6, 100, 6, 65.53
SGD, 1, -1, 1, -1, 128, 8, 128, 8, 0.4, 2, 12.5, 12.5, 6, 100, 7, 76.51
SGD, 1, -1, 1, -1, 128, 8, 128, 8, 0.4, 2, 12.5, 12.5, 6, 100, 8, 70.06
SGD, 1, -1, 1, -1, 128, 8, 128, 8, 0.4, 2, 12.5, 12.5, 6, 100, 9, 60.4
SGD, 1, -1, 1, -1, 128, 8, 128, 8, 0.4, 2, 12.5, 12.5, 6, 100, 10, 63.76
SGD, 1, -1, 1, -1, 128, 8, 128, 8, 0.4, 2, 12.5, 12.5, 6, 100, 11, 68.02
SGD, 1, -1, 1, -1, 128, 8, 128, 8, 0.4, 2, 12.5, 12.5, 6, 100, 12, 79.03
SGD, 1, -1, 1, -1, 128, 8, 128, 8, 0.4, 2, 12.5, 12.5, 6, 100, 13, 82.22
SGD, 1, -1, 1, -1, 128, 8, 128, 8, 0.4, 2, 12.5, 12.5, 6, 100, 14, 66.71
SGD, 1, -1, 1, -1, 128, 8, 128, 8, 0.4, 2, 12.5, 12.5, 6, 100, 15, 70.49
SGD, 1, -1, 1, -1, 128, 8, 128, 8, 0.4, 2, 12.5, 12.5, 6, 100, 16, 63.07
SGD, 1, -1, 1, -1, 128, 8, 128, 8, 0.4, 2, 12.5, 12.5, 6, 100, 17, 69.52
SGD, 1, -1, 1, -1, 128, 8, 128, 8, 0.4, 2, 12.5, 12.5, 6, 100, 18, 77.47
SGD, 1, -1, 1, -1, 128, 8, 128, 8, 0.4, 2, 12.5, 12.5, 6, 100, 19, 63.89
SGD, 1, -1, 1, -1, 128, 8, 128, 8, 0.4, 2, 12.5, 12.5, 6, 100, 20, 71.87
SGD, 1, -1, 1, -1, 128, 8, 128, 8, 0.4, 2, 12.5, 12.5, 8, 100, 1, 50.35
SGD, 1, -1, 1, -1, 128, 8, 128, 8, 0.4, 2, 12.5, 12.5, 8, 100, 2, 52.87
SGD, 1, -1, 1, -1, 128, 8, 128, 8, 0.4, 2, 12.5, 12.5, 8, 100, 3, 62.23
SGD, 1, -1, 1, -1, 128, 8, 128, 8, 0.4, 2, 12.5, 12.5, 8, 100, 4, 44.46
SGD, 1, -1, 1, -1, 128, 8, 128, 8, 0.4, 2, 12.5, 12.5, 8, 100, 5, 64.42
SGD, 1, -1, 1, -1, 128, 8, 128, 8, 0.4, 2, 12.5, 12.5, 8, 100, 6, 49.1
SGD, 1, -1, 1, -1, 128, 8, 128, 8, 0.4, 2, 12.5, 12.5, 8, 100, 7, 36.27
SGD, 1, -1, 1, -1, 128, 8, 128, 8, 0.4, 2, 12.5, 12.5, 8, 100, 8, 44.9
SGD, 1, -1, 1, -1, 128, 8, 128, 8, 0.4, 2, 12.5, 12.5, 8, 100, 9, 28.13
SGD, 1, -1, 1, -1, 128, 8, 128, 8, 0.4, 2, 12.5, 12.5, 8, 100, 10, 48.78
SGD, 1, -1, 1, -1, 128, 8, 128, 8, 0.4, 2, 12.5, 12.5, 8, 100, 11, 43.1
SGD, 1, -1, 1, -1, 128, 8, 128, 8, 0.4, 2, 12.5, 12.5, 8, 100, 12, 43.84
SGD, 1, -1, 1, -1, 128, 8, 128, 8, 0.4, 2, 12.5, 12.5, 8, 100, 13, 52.03
SGD, 1, -1, 1, -1, 128, 8, 128, 8, 0.4, 2, 12.5, 12.5, 8, 100, 14, 23.88
SGD, 1, -1, 1, -1, 128, 8, 128, 8, 0.4, 2, 12.5, 12.5, 8, 100, 15, 46.11
SGD, 1, -1, 1, -1, 128, 8, 128, 8, 0.4, 2, 12.5, 12.5, 8, 100, 16, 11.67
SGD, 1, -1, 1, -1, 128, 8, 128, 8, 0.4, 2, 12.5, 12.5, 8, 100, 17, 37.15
SGD, 1, -1, 1, -1, 128, 8, 128, 8, 0.4, 2, 12.5, 12.5, 8, 100, 18, 30.62
SGD, 1, -1, 1, -1, 128, 8, 128, 8, 0.4, 2, 12.5, 12.5, 8, 100, 19, 10.04
SGD, 1, -1, 1, -1, 128, 8, 128, 8, 0.4, 2, 12.5, 12.5, 8, 100, 20, 26.17
SGD, 1, -1, 1, -1, 128, 8, 128, 8, 0.4, 2, 12.5, 12.5, 10, 100, 1, 46.4
SGD, 1, -1, 1, -1, 128, 8, 128, 8, 0.4, 2, 12.5, 12.5, 10, 100, 2, 51.25
SGD, 1, -1, 1, -1, 128, 8, 128, 8, 0.4, 2, 12.5, 12.5, 10, 100, 3, 50.85
SGD, 1, -1, 1, -1, 128, 8, 128, 8, 0.4, 2, 12.5, 12.5, 10, 100, 4, 28.43
SGD, 1, -1, 1, -1, 128, 8, 128, 8, 0.4, 2, 12.5, 12.5, 10, 100, 5, 30.42
SGD, 1, -1, 1, -1, 128, 8, 128, 8, 0.4, 2, 12.5, 12.5, 10, 100, 6, 29.96
SGD, 1, -1, 1, -1, 128, 8, 128, 8, 0.4, 2, 12.5, 12.5, 10, 100, 7, 19.02
SGD, 1, -1, 1, -1, 128, 8, 128, 8, 0.4, 2, 12.5, 12.5, 10, 100, 8, 51.41
SGD, 1, -1, 1, -1, 128, 8, 128, 8, 0.4, 2, 12.5, 12.5, 10, 100, 9, 10.1
SGD, 1, -1, 1, -1, 128, 8, 128, 8, 0.4, 2, 12.5, 12.5, 10, 100, 10, 29.95
SGD, 1, -1, 1, -1, 128, 8, 128, 8, 0.4, 2, 12.5, 12.5, 10, 100, 11, 20.73
SGD, 1, -1, 1, -1, 128, 8, 128, 8, 0.4, 2, 12.5, 12.5, 10, 100, 12, 20.42
SGD, 1, -1, 1, -1, 128, 8, 128, 8, 0.4, 2, 12.5, 12.5, 10, 100, 13, 24.66
SGD, 1, -1, 1, -1, 128, 8, 128, 8, 0.4, 2, 12.5, 12.5, 10, 100, 14, 23.07
SGD, 1, -1, 1, -1, 128, 8, 128, 8, 0.4, 2, 12.5, 12.5, 10, 100, 15, 22.05
SGD, 1, -1, 1, -1, 128, 8, 128, 8, 0.4, 2, 12.5, 12.5, 10, 100, 16, 25.69
SGD, 1, -1, 1, -1, 128, 8, 128, 8, 0.4, 2, 12.5, 12.5, 10, 100, 17, 19.54
SGD, 1, -1, 1, -1, 128, 8, 128, 8, 0.4, 2, 12.5, 12.5, 10, 100, 18, 18.17
SGD, 1, -1, 1, -1, 128, 8, 128, 8, 0.4, 2, 12.5, 12.5, 10, 100, 19, 20.38
SGD, 1, -1, 1, -1, 128, 8, 128, 8, 0.4, 2, 12.5, 12.5, 10, 100, 20, 19.25
SGD, 1, -1, 1, -1, 128, 8, 128, 8, 0.4, 3, 12.5, 12.5, 2, 100, 1, 23.79
SGD, 1, -1, 1, -1, 128, 8, 128, 8, 0.4, 3, 12.5, 12.5, 2, 100, 2, 11.35
SGD, 1, -1, 1, -1, 128, 8, 128, 8, 0.4, 3, 12.5, 12.5, 2, 100, 3, 23.72
SGD, 1, -1, 1, -1, 128, 8, 128, 8, 0.4, 3, 12.5, 12.5, 2, 100, 4, 20.91
SGD, 1, -1, 1, -1, 128, 8, 128, 8, 0.4, 3, 12.5, 12.5, 2, 100, 5, 20.13
SGD, 1, -1, 1, -1, 128, 8, 128, 8, 0.4, 3, 12.5, 12.5, 2, 100, 6, 11.35
SGD, 1, -1, 1, -1, 128, 8, 128, 8, 0.4, 3, 12.5, 12.5, 2, 100, 7, 17.02
SGD, 1, -1, 1, -1, 128, 8, 128, 8, 0.4, 3, 12.5, 12.5, 2, 100, 8, 15.26
SGD, 1, -1, 1, -1, 128, 8, 128, 8, 0.4, 3, 12.5, 12.5, 2, 100, 9, 22.74
SGD, 1, -1, 1, -1, 128, 8, 128, 8, 0.4, 3, 12.5, 12.5, 2, 100, 10, 14.3
SGD, 1, -1, 1, -1, 128, 8, 128, 8, 0.4, 3, 12.5, 12.5, 2, 100, 11, 15.04
SGD, 1, -1, 1, -1, 128, 8, 128, 8, 0.4, 3, 12.5, 12.5, 2, 100, 12, 10.09
SGD, 1, -1, 1, -1, 128, 8, 128, 8, 0.4, 3, 12.5, 12.5, 2, 100, 13, 27.54
SGD, 1, -1, 1, -1, 128, 8, 128, 8, 0.4, 3, 12.5, 12.5, 2, 100, 14, 12.14
SGD, 1, -1, 1, -1, 128, 8, 128, 8, 0.4, 3, 12.5, 12.5, 2, 100, 15, 9.82
SGD, 1, -1, 1, -1, 128, 8, 128, 8, 0.4, 3, 12.5, 12.5, 2, 100, 16, 19.64
SGD, 1, -1, 1, -1, 128, 8, 128, 8, 0.4, 3, 12.5, 12.5, 2, 100, 17, 9.1
SGD, 1, -1, 1, -1, 128, 8, 128, 8, 0.4, 3, 12.5, 12.5, 2, 100, 18, 17.36
SGD, 1, -1, 1, -1, 128, 8, 128, 8, 0.4, 3, 12.5, 12.5, 2, 100, 19, 17
SGD, 1, -1, 1, -1, 128, 8, 128, 8, 0.4, 3, 12.5, 12.5, 2, 100, 20, 11.66
SGD, 1, -1, 1, -1, 128, 8, 128, 8, 0.4, 3, 12.5, 12.5, 4, 100, 1, 9.58
SGD, 1, -1, 1, -1, 128, 8, 128, 8, 0.4, 3, 12.5, 12.5, 4, 100, 2, 10.77
SGD, 1, -1, 1, -1, 128, 8, 128, 8, 0.4, 3, 12.5, 12.5, 4, 100, 3, 13.74
SGD, 1, -1, 1, -1, 128, 8, 128, 8, 0.4, 3, 12.5, 12.5, 4, 100, 4, 20.24
SGD, 1, -1, 1, -1, 128, 8, 128, 8, 0.4, 3, 12.5, 12.5, 4, 100, 5, 9.93
SGD, 1, -1, 1, -1, 128, 8, 128, 8, 0.4, 3, 12.5, 12.5, 4, 100, 6, 9.85
SGD, 1, -1, 1, -1, 128, 8, 128, 8, 0.4, 3, 12.5, 12.5, 4, 100, 7, 20.43
SGD, 1, -1, 1, -1, 128, 8, 128, 8, 0.4, 3, 12.5, 12.5, 4, 100, 8, 57.37
SGD, 1, -1, 1, -1, 128, 8, 128, 8, 0.4, 3, 12.5, 12.5, 4, 100, 9, 72.87
SGD, 1, -1, 1, -1, 128, 8, 128, 8, 0.4, 3, 12.5, 12.5, 4, 100, 10, 79.07
SGD, 1, -1, 1, -1, 128, 8, 128, 8, 0.4, 3, 12.5, 12.5, 4, 100, 11, 80.85
SGD, 1, -1, 1, -1, 128, 8, 128, 8, 0.4, 3, 12.5, 12.5, 4, 100, 12, 76.2
SGD, 1, -1, 1, -1, 128, 8, 128, 8, 0.4, 3, 12.5, 12.5, 4, 100, 13, 81.68
SGD, 1, -1, 1, -1, 128, 8, 128, 8, 0.4, 3, 12.5, 12.5, 4, 100, 14, 83.13
SGD, 1, -1, 1, -1, 128, 8, 128, 8, 0.4, 3, 12.5, 12.5, 4, 100, 15, 70.05
SGD, 1, -1, 1, -1, 128, 8, 128, 8, 0.4, 3, 12.5, 12.5, 4, 100, 16, 76.95
SGD, 1, -1, 1, -1, 128, 8, 128, 8, 0.4, 3, 12.5, 12.5, 4, 100, 17, 70.55
SGD, 1, -1, 1, -1, 128, 8, 128, 8, 0.4, 3, 12.5, 12.5, 4, 100, 18, 77.57
SGD, 1, -1, 1, -1, 128, 8, 128, 8, 0.4, 3, 12.5, 12.5, 4, 100, 19, 75.44
SGD, 1, -1, 1, -1, 128, 8, 128, 8, 0.4, 3, 12.5, 12.5, 4, 100, 20, 69.7
SGD, 1, -1, 1, -1, 128, 8, 128, 8, 0.4, 3, 12.5, 12.5, 6, 100, 1, 11.33
SGD, 1, -1, 1, -1, 128, 8, 128, 8, 0.4, 3, 12.5, 12.5, 6, 100, 2, 11.4
SGD, 1, -1, 1, -1, 128, 8, 128, 8, 0.4, 3, 12.5, 12.5, 6, 100, 3, 11
SGD, 1, -1, 1, -1, 128, 8, 128, 8, 0.4, 3, 12.5, 12.5, 6, 100, 4, 12.08
SGD, 1, -1, 1, -1, 128, 8, 128, 8, 0.4, 3, 12.5, 12.5, 6, 100, 5, 11.09
SGD, 1, -1, 1, -1, 128, 8, 128, 8, 0.4, 3, 12.5, 12.5, 6, 100, 6, 12.64
SGD, 1, -1, 1, -1, 128, 8, 128, 8, 0.4, 3, 12.5, 12.5, 6, 100, 7, 10.91
SGD, 1, -1, 1, -1, 128, 8, 128, 8, 0.4, 3, 12.5, 12.5, 6, 100, 8, 11.03
SGD, 1, -1, 1, -1, 128, 8, 128, 8, 0.4, 3, 12.5, 12.5, 6, 100, 9, 11.5
SGD, 1, -1, 1, -1, 128, 8, 128, 8, 0.4, 3, 12.5, 12.5, 6, 100, 10, 11.87
SGD, 1, -1, 1, -1, 128, 8, 128, 8, 0.4, 3, 12.5, 12.5, 6, 100, 11, 11.87
SGD, 1, -1, 1, -1, 128, 8, 128, 8, 0.4, 3, 12.5, 12.5, 6, 100, 12, 11.24
SGD, 1, -1, 1, -1, 128, 8, 128, 8, 0.4, 3, 12.5, 12.5, 6, 100, 13, 11.24
SGD, 1, -1, 1, -1, 128, 8, 128, 8, 0.4, 3, 12.5, 12.5, 6, 100, 14, 11.24
SGD, 1, -1, 1, -1, 128, 8, 128, 8, 0.4, 3, 12.5, 12.5, 6, 100, 15, 11.24
SGD, 1, -1, 1, -1, 128, 8, 128, 8, 0.4, 3, 12.5, 12.5, 6, 100, 16, 11.24
SGD, 1, -1, 1, -1, 128, 8, 128, 8, 0.4, 3, 12.5, 12.5, 6, 100, 17, 11.24
SGD, 1, -1, 1, -1, 128, 8, 128, 8, 0.4, 3, 12.5, 12.5, 6, 100, 18, 11.24
SGD, 1, -1, 1, -1, 128, 8, 128, 8, 0.4, 3, 12.5, 12.5, 6, 100, 19, 11.24
SGD, 1, -1, 1, -1, 128, 8, 128, 8, 0.4, 3, 12.5, 12.5, 6, 100, 20, 11.24
SGD, 1, -1, 1, -1, 128, 8, 128, 8, 0.4, 3, 12.5, 12.5, 8, 100, 1, 19.68
SGD, 1, -1, 1, -1, 128, 8, 128, 8, 0.4, 3, 12.5, 12.5, 8, 100, 2, 17.02
SGD, 1, -1, 1, -1, 128, 8, 128, 8, 0.4, 3, 12.5, 12.5, 8, 100, 3, 16.52
SGD, 1, -1, 1, -1, 128, 8, 128, 8, 0.4, 3, 12.5, 12.5, 8, 100, 4, 22.27
SGD, 1, -1, 1, -1, 128, 8, 128, 8, 0.4, 3, 12.5, 12.5, 8, 100, 5, 68.82
SGD, 1, -1, 1, -1, 128, 8, 128, 8, 0.4, 3, 12.5, 12.5, 8, 100, 6, 70.97
SGD, 1, -1, 1, -1, 128, 8, 128, 8, 0.4, 3, 12.5, 12.5, 8, 100, 7, 69.5
SGD, 1, -1, 1, -1, 128, 8, 128, 8, 0.4, 3, 12.5, 12.5, 8, 100, 8, 71.73
SGD, 1, -1, 1, -1, 128, 8, 128, 8, 0.4, 3, 12.5, 12.5, 8, 100, 9, 72.32
SGD, 1, -1, 1, -1, 128, 8, 128, 8, 0.4, 3, 12.5, 12.5, 8, 100, 10, 76.08
SGD, 1, -1, 1, -1, 128, 8, 128, 8, 0.4, 3, 12.5, 12.5, 8, 100, 11, 79.43
SGD, 1, -1, 1, -1, 128, 8, 128, 8, 0.4, 3, 12.5, 12.5, 8, 100, 12, 75.83
SGD, 1, -1, 1, -1, 128, 8, 128, 8, 0.4, 3, 12.5, 12.5, 8, 100, 13, 75.89
SGD, 1, -1, 1, -1, 128, 8, 128, 8, 0.4, 3, 12.5, 12.5, 8, 100, 14, 74.91
SGD, 1, -1, 1, -1, 128, 8, 128, 8, 0.4, 3, 12.5, 12.5, 8, 100, 15, 66.11
SGD, 1, -1, 1, -1, 128, 8, 128, 8, 0.4, 3, 12.5, 12.5, 8, 100, 16, 77.08
SGD, 1, -1, 1, -1, 128, 8, 128, 8, 0.4, 3, 12.5, 12.5, 8, 100, 17, 69.21
SGD, 1, -1, 1, -1, 128, 8, 128, 8, 0.4, 3, 12.5, 12.5, 8, 100, 18, 74.72
SGD, 1, -1, 1, -1, 128, 8, 128, 8, 0.4, 3, 12.5, 12.5, 8, 100, 19, 71.6
SGD, 1, -1, 1, -1, 128, 8, 128, 8, 0.4, 3, 12.5, 12.5, 8, 100, 20, 77.34
SGD, 1, -1, 1, -1, 128, 8, 128, 8, 0.4, 3, 12.5, 12.5, 10, 100, 1, 12.97
SGD, 1, -1, 1, -1, 128, 8, 128, 8, 0.4, 3, 12.5, 12.5, 10, 100, 2, 20.31
SGD, 1, -1, 1, -1, 128, 8, 128, 8, 0.4, 3, 12.5, 12.5, 10, 100, 3, 19.16
SGD, 1, -1, 1, -1, 128, 8, 128, 8, 0.4, 3, 12.5, 12.5, 10, 100, 4, 18.3
SGD, 1, -1, 1, -1, 128, 8, 128, 8, 0.4, 3, 12.5, 12.5, 10, 100, 5, 59.51
SGD, 1, -1, 1, -1, 128, 8, 128, 8, 0.4, 3, 12.5, 12.5, 10, 100, 6, 68.32
SGD, 1, -1, 1, -1, 128, 8, 128, 8, 0.4, 3, 12.5, 12.5, 10, 100, 7, 68.8
SGD, 1, -1, 1, -1, 128, 8, 128, 8, 0.4, 3, 12.5, 12.5, 10, 100, 8, 68.6
SGD, 1, -1, 1, -1, 128, 8, 128, 8, 0.4, 3, 12.5, 12.5, 10, 100, 9, 68.98
SGD, 1, -1, 1, -1, 128, 8, 128, 8, 0.4, 3, 12.5, 12.5, 10, 100, 10, 65.04
SGD, 1, -1, 1, -1, 128, 8, 128, 8, 0.4, 3, 12.5, 12.5, 10, 100, 11, 49.11
SGD, 1, -1, 1, -1, 128, 8, 128, 8, 0.4, 3, 12.5, 12.5, 10, 100, 12, 65.78
SGD, 1, -1, 1, -1, 128, 8, 128, 8, 0.4, 3, 12.5, 12.5, 10, 100, 13, 60.3
SGD, 1, -1, 1, -1, 128, 8, 128, 8, 0.4, 3, 12.5, 12.5, 10, 100, 14, 65.97
SGD, 1, -1, 1, -1, 128, 8, 128, 8, 0.4, 3, 12.5, 12.5, 10, 100, 15, 69.45
SGD, 1, -1, 1, -1, 128, 8, 128, 8, 0.4, 3, 12.5, 12.5, 10, 100, 16, 66.14
SGD, 1, -1, 1, -1, 128, 8, 128, 8, 0.4, 3, 12.5, 12.5, 10, 100, 17, 53.43
SGD, 1, -1, 1, -1, 128, 8, 128, 8, 0.4, 3, 12.5, 12.5, 10, 100, 18, 63.05
SGD, 1, -1, 1, -1, 128, 8, 128, 8, 0.4, 3, 12.5, 12.5, 10, 100, 19, 45.93
SGD, 1, -1, 1, -1, 128, 8, 128, 8, 0.4, 3, 12.5, 12.5, 10, 100, 20, 71.1
SGD, 1, -1, 1, -1, 128, 8, 128, 8, 0.4, 4, 12.5, 12.5, 2, 100, 1, 19.98
SGD, 1, -1, 1, -1, 128, 8, 128, 8, 0.4, 4, 12.5, 12.5, 2, 100, 2, 9.58
SGD, 1, -1, 1, -1, 128, 8, 128, 8, 0.4, 4, 12.5, 12.5, 2, 100, 3, 9.58
SGD, 1, -1, 1, -1, 128, 8, 128, 8, 0.4, 4, 12.5, 12.5, 2, 100, 4, 11.52
SGD, 1, -1, 1, -1, 128, 8, 128, 8, 0.4, 4, 12.5, 12.5, 2, 100, 5, 9.61
SGD, 1, -1, 1, -1, 128, 8, 128, 8, 0.4, 4, 12.5, 12.5, 2, 100, 6, 19.9
SGD, 1, -1, 1, -1, 128, 8, 128, 8, 0.4, 4, 12.5, 12.5, 2, 100, 7, 10.25
SGD, 1, -1, 1, -1, 128, 8, 128, 8, 0.4, 4, 12.5, 12.5, 2, 100, 8, 9.58
SGD, 1, -1, 1, -1, 128, 8, 128, 8, 0.4, 4, 12.5, 12.5, 2, 100, 9, 12.53
SGD, 1, -1, 1, -1, 128, 8, 128, 8, 0.4, 4, 12.5, 12.5, 2, 100, 10, 10.66
SGD, 1, -1, 1, -1, 128, 8, 128, 8, 0.4, 4, 12.5, 12.5, 2, 100, 11, 16.31
SGD, 1, -1, 1, -1, 128, 8, 128, 8, 0.4, 4, 12.5, 12.5, 2, 100, 12, 19.75
SGD, 1, -1, 1, -1, 128, 8, 128, 8, 0.4, 4, 12.5, 12.5, 2, 100, 13, 21.06
SGD, 1, -1, 1, -1, 128, 8, 128, 8, 0.4, 4, 12.5, 12.5, 2, 100, 14, 12.07
SGD, 1, -1, 1, -1, 128, 8, 128, 8, 0.4, 4, 12.5, 12.5, 2, 100, 15, 16.79
SGD, 1, -1, 1, -1, 128, 8, 128, 8, 0.4, 4, 12.5, 12.5, 2, 100, 16, 12.49
SGD, 1, -1, 1, -1, 128, 8, 128, 8, 0.4, 4, 12.5, 12.5, 2, 100, 17, 14.12
SGD, 1, -1, 1, -1, 128, 8, 128, 8, 0.4, 4, 12.5, 12.5, 2, 100, 18, 14.12
SGD, 1, -1, 1, -1, 128, 8, 128, 8, 0.4, 4, 12.5, 12.5, 2, 100, 19, 14.12
SGD, 1, -1, 1, -1, 128, 8, 128, 8, 0.4, 4, 12.5, 12.5, 2, 100, 20, 15.89
SGD, 1, -1, 1, -1, 128, 8, 128, 8, 0.4, 4, 12.5, 12.5, 4, 100, 1, 10.1
SGD, 1, -1, 1, -1, 128, 8, 128, 8, 0.4, 4, 12.5, 12.5, 4, 100, 2, 10.1
SGD, 1, -1, 1, -1, 128, 8, 128, 8, 0.4, 4, 12.5, 12.5, 4, 100, 3, 10.1
SGD, 1, -1, 1, -1, 128, 8, 128, 8, 0.4, 4, 12.5, 12.5, 4, 100, 4, 10.1
SGD, 1, -1, 1, -1, 128, 8, 128, 8, 0.4, 4, 12.5, 12.5, 4, 100, 5, 10.1
SGD, 1, -1, 1, -1, 128, 8, 128, 8, 0.4, 4, 12.5, 12.5, 4, 100, 6, 10.1
SGD, 1, -1, 1, -1, 128, 8, 128, 8, 0.4, 4, 12.5, 12.5, 4, 100, 7, 10.1
SGD, 1, -1, 1, -1, 128, 8, 128, 8, 0.4, 4, 12.5, 12.5, 4, 100, 8, 10.1
SGD, 1, -1, 1, -1, 128, 8, 128, 8, 0.4, 4, 12.5, 12.5, 4, 100, 9, 10.1
SGD, 1, -1, 1, -1, 128, 8, 128, 8, 0.4, 4, 12.5, 12.5, 4, 100, 10, 10.1
SGD, 1, -1, 1, -1, 128, 8, 128, 8, 0.4, 4, 12.5, 12.5, 4, 100, 11, 10.1
SGD, 1, -1, 1, -1, 128, 8, 128, 8, 0.4, 4, 12.5, 12.5, 4, 100, 12, 10.1
SGD, 1, -1, 1, -1, 128, 8, 128, 8, 0.4, 4, 12.5, 12.5, 4, 100, 13, 10.1
SGD, 1, -1, 1, -1, 128, 8, 128, 8, 0.4, 4, 12.5, 12.5, 4, 100, 14, 10.1
SGD, 1, -1, 1, -1, 128, 8, 128, 8, 0.4, 4, 12.5, 12.5, 4, 100, 15, 10.1
SGD, 1, -1, 1, -1, 128, 8, 128, 8, 0.4, 4, 12.5, 12.5, 4, 100, 16, 10.1
SGD, 1, -1, 1, -1, 128, 8, 128, 8, 0.4, 4, 12.5, 12.5, 4, 100, 17, 10.1
SGD, 1, -1, 1, -1, 128, 8, 128, 8, 0.4, 4, 12.5, 12.5, 4, 100, 18, 10.1
SGD, 1, -1, 1, -1, 128, 8, 128, 8, 0.4, 4, 12.5, 12.5, 4, 100, 19, 10.1
SGD, 1, -1, 1, -1, 128, 8, 128, 8, 0.4, 4, 12.5, 12.5, 4, 100, 20, 10.1
SGD, 1, -1, 1, -1, 128, 8, 128, 8, 0.4, 4, 12.5, 12.5, 6, 100, 1, 11
SGD, 1, -1, 1, -1, 128, 8, 128, 8, 0.4, 4, 12.5, 12.5, 6, 100, 2, 10.83
SGD, 1, -1, 1, -1, 128, 8, 128, 8, 0.4, 4, 12.5, 12.5, 6, 100, 3, 17.51
SGD, 1, -1, 1, -1, 128, 8, 128, 8, 0.4, 4, 12.5, 12.5, 6, 100, 4, 9.8
SGD, 1, -1, 1, -1, 128, 8, 128, 8, 0.4, 4, 12.5, 12.5, 6, 100, 5, 13.85
SGD, 1, -1, 1, -1, 128, 8, 128, 8, 0.4, 4, 12.5, 12.5, 6, 100, 6, 13.32
SGD, 1, -1, 1, -1, 128, 8, 128, 8, 0.4, 4, 12.5, 12.5, 6, 100, 7, 11.24
SGD, 1, -1, 1, -1, 128, 8, 128, 8, 0.4, 4, 12.5, 12.5, 6, 100, 8, 10.12
SGD, 1, -1, 1, -1, 128, 8, 128, 8, 0.4, 4, 12.5, 12.5, 6, 100, 9, 9.8
SGD, 1, -1, 1, -1, 128, 8, 128, 8, 0.4, 4, 12.5, 12.5, 6, 100, 10, 9.8
SGD, 1, -1, 1, -1, 128, 8, 128, 8, 0.4, 4, 12.5, 12.5, 6, 100, 11, 9.8
SGD, 1, -1, 1, -1, 128, 8, 128, 8, 0.4, 4, 12.5, 12.5, 6, 100, 12, 9.8
SGD, 1, -1, 1, -1, 128, 8, 128, 8, 0.4, 4, 12.5, 12.5, 6, 100, 13, 9.8
SGD, 1, -1, 1, -1, 128, 8, 128, 8, 0.4, 4, 12.5, 12.5, 6, 100, 14, 9.8
SGD, 1, -1, 1, -1, 128, 8, 128, 8, 0.4, 4, 12.5, 12.5, 6, 100, 15, 9.8
SGD, 1, -1, 1, -1, 128, 8, 128, 8, 0.4, 4, 12.5, 12.5, 6, 100, 16, 9.8
SGD, 1, -1, 1, -1, 128, 8, 128, 8, 0.4, 4, 12.5, 12.5, 6, 100, 17, 9.8
SGD, 1, -1, 1, -1, 128, 8, 128, 8, 0.4, 4, 12.5, 12.5, 6, 100, 18, 9.8
SGD, 1, -1, 1, -1, 128, 8, 128, 8, 0.4, 4, 12.5, 12.5, 6, 100, 19, 9.8
SGD, 1, -1, 1, -1, 128, 8, 128, 8, 0.4, 4, 12.5, 12.5, 6, 100, 20, 9.8
SGD, 1, -1, 1, -1, 128, 8, 128, 8, 0.4, 4, 12.5, 12.5, 8, 100, 1, 11.15
SGD, 1, -1, 1, -1, 128, 8, 128, 8, 0.4, 4, 12.5, 12.5, 8, 100, 2, 10.09
SGD, 1, -1, 1, -1, 128, 8, 128, 8, 0.4, 4, 12.5, 12.5, 8, 100, 3, 11.02
SGD, 1, -1, 1, -1, 128, 8, 128, 8, 0.4, 4, 12.5, 12.5, 8, 100, 4, 9.74
SGD, 1, -1, 1, -1, 128, 8, 128, 8, 0.4, 4, 12.5, 12.5, 8, 100, 5, 9.74
SGD, 1, -1, 1, -1, 128, 8, 128, 8, 0.4, 4, 12.5, 12.5, 8, 100, 6, 9.74
SGD, 1, -1, 1, -1, 128, 8, 128, 8, 0.4, 4, 12.5, 12.5, 8, 100, 7, 9.74
SGD, 1, -1, 1, -1, 128, 8, 128, 8, 0.4, 4, 12.5, 12.5, 8, 100, 8, 9.74
SGD, 1, -1, 1, -1, 128, 8, 128, 8, 0.4, 4, 12.5, 12.5, 8, 100, 9, 9.74
SGD, 1, -1, 1, -1, 128, 8, 128, 8, 0.4, 4, 12.5, 12.5, 8, 100, 10, 9.74
SGD, 1, -1, 1, -1, 128, 8, 128, 8, 0.4, 4, 12.5, 12.5, 8, 100, 11, 9.74
SGD, 1, -1, 1, -1, 128, 8, 128, 8, 0.4, 4, 12.5, 12.5, 8, 100, 12, 9.74
SGD, 1, -1, 1, -1, 128, 8, 128, 8, 0.4, 4, 12.5, 12.5, 8, 100, 13, 9.74
SGD, 1, -1, 1, -1, 128, 8, 128, 8, 0.4, 4, 12.5, 12.5, 8, 100, 14, 9.74
SGD, 1, -1, 1, -1, 128, 8, 128, 8, 0.4, 4, 12.5, 12.5, 8, 100, 15, 9.74
SGD, 1, -1, 1, -1, 128, 8, 128, 8, 0.4, 4, 12.5, 12.5, 8, 100, 16, 9.74
SGD, 1, -1, 1, -1, 128, 8, 128, 8, 0.4, 4, 12.5, 12.5, 8, 100, 17, 9.74
SGD, 1, -1, 1, -1, 128, 8, 128, 8, 0.4, 4, 12.5, 12.5, 8, 100, 18, 9.74
SGD, 1, -1, 1, -1, 128, 8, 128, 8, 0.4, 4, 12.5, 12.5, 8, 100, 19, 9.74
SGD, 1, -1, 1, -1, 128, 8, 128, 8, 0.4, 4, 12.5, 12.5, 8, 100, 20, 9.74
SGD, 1, -1, 1, -1, 128, 8, 128, 8, 0.4, 4, 12.5, 12.5, 10, 100, 1, 9.12
SGD, 1, -1, 1, -1, 128, 8, 128, 8, 0.4, 4, 12.5, 12.5, 10, 100, 2, 7.75
SGD, 1, -1, 1, -1, 128, 8, 128, 8, 0.4, 4, 12.5, 12.5, 10, 100, 3, 9.29
SGD, 1, -1, 1, -1, 128, 8, 128, 8, 0.4, 4, 12.5, 12.5, 10, 100, 4, 9.29
SGD, 1, -1, 1, -1, 128, 8, 128, 8, 0.4, 4, 12.5, 12.5, 10, 100, 5, 9.77
SGD, 1, -1, 1, -1, 128, 8, 128, 8, 0.4, 4, 12.5, 12.5, 10, 100, 6, 10.61
SGD, 1, -1, 1, -1, 128, 8, 128, 8, 0.4, 4, 12.5, 12.5, 10, 100, 7, 10.61
SGD, 1, -1, 1, -1, 128, 8, 128, 8, 0.4, 4, 12.5, 12.5, 10, 100, 8, 10.61
SGD, 1, -1, 1, -1, 128, 8, 128, 8, 0.4, 4, 12.5, 12.5, 10, 100, 9, 10.61
SGD, 1, -1, 1, -1, 128, 8, 128, 8, 0.4, 4, 12.5, 12.5, 10, 100, 10, 9.71
SGD, 1, -1, 1, -1, 128, 8, 128, 8, 0.4, 4, 12.5, 12.5, 10, 100, 11, 10.02
SGD, 1, -1, 1, -1, 128, 8, 128, 8, 0.4, 4, 12.5, 12.5, 10, 100, 12, 10.62
SGD, 1, -1, 1, -1, 128, 8, 128, 8, 0.4, 4, 12.5, 12.5, 10, 100, 13, 11.34
SGD, 1, -1, 1, -1, 128, 8, 128, 8, 0.4, 4, 12.5, 12.5, 10, 100, 14, 11.34
SGD, 1, -1, 1, -1, 128, 8, 128, 8, 0.4, 4, 12.5, 12.5, 10, 100, 15, 11.34
SGD, 1, -1, 1, -1, 128, 8, 128, 8, 0.4, 4, 12.5, 12.5, 10, 100, 16, 9.7
SGD, 1, -1, 1, -1, 128, 8, 128, 8, 0.4, 4, 12.5, 12.5, 10, 100, 17, 9.46
SGD, 1, -1, 1, -1, 128, 8, 128, 8, 0.4, 4, 12.5, 12.5, 10, 100, 18, 9.23
SGD, 1, -1, 1, -1, 128, 8, 128, 8, 0.4, 4, 12.5, 12.5, 10, 100, 19, 9.23
SGD, 1, -1, 1, -1, 128, 8, 128, 8, 0.4, 4, 12.5, 12.5, 10, 100, 20, 9.23
SGD, 1, -1, 1, -1, 128, 8, 128, 8, 0.4, 5, 12.5, 12.5, 2, 100, 1, 11.82
SGD, 1, -1, 1, -1, 128, 8, 128, 8, 0.4, 5, 12.5, 12.5, 2, 100, 2, 11.35
SGD, 1, -1, 1, -1, 128, 8, 128, 8, 0.4, 5, 12.5, 12.5, 2, 100, 3, 26.75
SGD, 1, -1, 1, -1, 128, 8, 128, 8, 0.4, 5, 12.5, 12.5, 2, 100, 4, 10.12
SGD, 1, -1, 1, -1, 128, 8, 128, 8, 0.4, 5, 12.5, 12.5, 2, 100, 5, 20.23
SGD, 1, -1, 1, -1, 128, 8, 128, 8, 0.4, 5, 12.5, 12.5, 2, 100, 6, 11.58
SGD, 1, -1, 1, -1, 128, 8, 128, 8, 0.4, 5, 12.5, 12.5, 2, 100, 7, 11.34
SGD, 1, -1, 1, -1, 128, 8, 128, 8, 0.4, 5, 12.5, 12.5, 2, 100, 8, 24.37
SGD, 1, -1, 1, -1, 128, 8, 128, 8, 0.4, 5, 12.5, 12.5, 2, 100, 9, 16.95
SGD, 1, -1, 1, -1, 128, 8, 128, 8, 0.4, 5, 12.5, 12.5, 2, 100, 10, 11.56
SGD, 1, -1, 1, -1, 128, 8, 128, 8, 0.4, 5, 12.5, 12.5, 2, 100, 11, 9.74
SGD, 1, -1, 1, -1, 128, 8, 128, 8, 0.4, 5, 12.5, 12.5, 2, 100, 12, 17.52
SGD, 1, -1, 1, -1, 128, 8, 128, 8, 0.4, 5, 12.5, 12.5, 2, 100, 13, 10.28
SGD, 1, -1, 1, -1, 128, 8, 128, 8, 0.4, 5, 12.5, 12.5, 2, 100, 14, 11.35
SGD, 1, -1, 1, -1, 128, 8, 128, 8, 0.4, 5, 12.5, 12.5, 2, 100, 15, 16.07
SGD, 1, -1, 1, -1, 128, 8, 128, 8, 0.4, 5, 12.5, 12.5, 2, 100, 16, 11.35
SGD, 1, -1, 1, -1, 128, 8, 128, 8, 0.4, 5, 12.5, 12.5, 2, 100, 17, 11.35
SGD, 1, -1, 1, -1, 128, 8, 128, 8, 0.4, 5, 12.5, 12.5, 2, 100, 18, 22.85
SGD, 1, -1, 1, -1, 128, 8, 128, 8, 0.4, 5, 12.5, 12.5, 2, 100, 19, 9.74
SGD, 1, -1, 1, -1, 128, 8, 128, 8, 0.4, 5, 12.5, 12.5, 2, 100, 20, 10.32
SGD, 1, -1, 1, -1, 128, 8, 128, 8, 0.4, 5, 12.5, 12.5, 4, 100, 1, 12.15
SGD, 1, -1, 1, -1, 128, 8, 128, 8, 0.4, 5, 12.5, 12.5, 4, 100, 2, 12.15
SGD, 1, -1, 1, -1, 128, 8, 128, 8, 0.4, 5, 12.5, 12.5, 4, 100, 3, 11.6
SGD, 1, -1, 1, -1, 128, 8, 128, 8, 0.4, 5, 12.5, 12.5, 4, 100, 4, 11.6
SGD, 1, -1, 1, -1, 128, 8, 128, 8, 0.4, 5, 12.5, 12.5, 4, 100, 5, 13.55
SGD, 1, -1, 1, -1, 128, 8, 128, 8, 0.4, 5, 12.5, 12.5, 4, 100, 6, 13.55
SGD, 1, -1, 1, -1, 128, 8, 128, 8, 0.4, 5, 12.5, 12.5, 4, 100, 7, 13.55
SGD, 1, -1, 1, -1, 128, 8, 128, 8, 0.4, 5, 12.5, 12.5, 4, 100, 8, 13.55
SGD, 1, -1, 1, -1, 128, 8, 128, 8, 0.4, 5, 12.5, 12.5, 4, 100, 9, 13.55
SGD, 1, -1, 1, -1, 128, 8, 128, 8, 0.4, 5, 12.5, 12.5, 4, 100, 10, 13.55
SGD, 1, -1, 1, -1, 128, 8, 128, 8, 0.4, 5, 12.5, 12.5, 4, 100, 11, 13.55
SGD, 1, -1, 1, -1, 128, 8, 128, 8, 0.4, 5, 12.5, 12.5, 4, 100, 12, 13.55
SGD, 1, -1, 1, -1, 128, 8, 128, 8, 0.4, 5, 12.5, 12.5, 4, 100, 13, 13.55
SGD, 1, -1, 1, -1, 128, 8, 128, 8, 0.4, 5, 12.5, 12.5, 4, 100, 14, 13.55
SGD, 1, -1, 1, -1, 128, 8, 128, 8, 0.4, 5, 12.5, 12.5, 4, 100, 15, 13.55
SGD, 1, -1, 1, -1, 128, 8, 128, 8, 0.4, 5, 12.5, 12.5, 4, 100, 16, 13.55
SGD, 1, -1, 1, -1, 128, 8, 128, 8, 0.4, 5, 12.5, 12.5, 4, 100, 17, 13.55
SGD, 1, -1, 1, -1, 128, 8, 128, 8, 0.4, 5, 12.5, 12.5, 4, 100, 18, 13.55
SGD, 1, -1, 1, -1, 128, 8, 128, 8, 0.4, 5, 12.5, 12.5, 4, 100, 19, 13.55
SGD, 1, -1, 1, -1, 128, 8, 128, 8, 0.4, 5, 12.5, 12.5, 4, 100, 20, 13.55
SGD, 1, -1, 1, -1, 128, 8, 128, 8, 0.4, 5, 12.5, 12.5, 6, 100, 1, 10.93
SGD, 1, -1, 1, -1, 128, 8, 128, 8, 0.4, 5, 12.5, 12.5, 6, 100, 2, 15.75
SGD, 1, -1, 1, -1, 128, 8, 128, 8, 0.4, 5, 12.5, 12.5, 6, 100, 3, 15.86
SGD, 1, -1, 1, -1, 128, 8, 128, 8, 0.4, 5, 12.5, 12.5, 6, 100, 4, 16.28
SGD, 1, -1, 1, -1, 128, 8, 128, 8, 0.4, 5, 12.5, 12.5, 6, 100, 5, 18.13
SGD, 1, -1, 1, -1, 128, 8, 128, 8, 0.4, 5, 12.5, 12.5, 6, 100, 6, 18.13
SGD, 1, -1, 1, -1, 128, 8, 128, 8, 0.4, 5, 12.5, 12.5, 6, 100, 7, 18.13
SGD, 1, -1, 1, -1, 128, 8, 128, 8, 0.4, 5, 12.5, 12.5, 6, 100, 8, 17.86
SGD, 1, -1, 1, -1, 128, 8, 128, 8, 0.4, 5, 12.5, 12.5, 6, 100, 9, 17.86
SGD, 1, -1, 1, -1, 128, 8, 128, 8, 0.4, 5, 12.5, 12.5, 6, 100, 10, 17.62
SGD, 1, -1, 1, -1, 128, 8, 128, 8, 0.4, 5, 12.5, 12.5, 6, 100, 11, 17.62
SGD, 1, -1, 1, -1, 128, 8, 128, 8, 0.4, 5, 12.5, 12.5, 6, 100, 12, 17.62
SGD, 1, -1, 1, -1, 128, 8, 128, 8, 0.4, 5, 12.5, 12.5, 6, 100, 13, 17.62
SGD, 1, -1, 1, -1, 128, 8, 128, 8, 0.4, 5, 12.5, 12.5, 6, 100, 14, 17.45
SGD, 1, -1, 1, -1, 128, 8, 128, 8, 0.4, 5, 12.5, 12.5, 6, 100, 15, 17.45
SGD, 1, -1, 1, -1, 128, 8, 128, 8, 0.4, 5, 12.5, 12.5, 6, 100, 16, 17.25
SGD, 1, -1, 1, -1, 128, 8, 128, 8, 0.4, 5, 12.5, 12.5, 6, 100, 17, 16.9
SGD, 1, -1, 1, -1, 128, 8, 128, 8, 0.4, 5, 12.5, 12.5, 6, 100, 18, 19.72
SGD, 1, -1, 1, -1, 128, 8, 128, 8, 0.4, 5, 12.5, 12.5, 6, 100, 19, 19.72
SGD, 1, -1, 1, -1, 128, 8, 128, 8, 0.4, 5, 12.5, 12.5, 6, 100, 20, 18.22
SGD, 1, -1, 1, -1, 128, 8, 128, 8, 0.4, 5, 12.5, 12.5, 8, 100, 1, 11.71
SGD, 1, -1, 1, -1, 128, 8, 128, 8, 0.4, 5, 12.5, 12.5, 8, 100, 2, 13.06
SGD, 1, -1, 1, -1, 128, 8, 128, 8, 0.4, 5, 12.5, 12.5, 8, 100, 3, 13.78
SGD, 1, -1, 1, -1, 128, 8, 128, 8, 0.4, 5, 12.5, 12.5, 8, 100, 4, 14.01
SGD, 1, -1, 1, -1, 128, 8, 128, 8, 0.4, 5, 12.5, 12.5, 8, 100, 5, 14.13
SGD, 1, -1, 1, -1, 128, 8, 128, 8, 0.4, 5, 12.5, 12.5, 8, 100, 6, 10.66
SGD, 1, -1, 1, -1, 128, 8, 128, 8, 0.4, 5, 12.5, 12.5, 8, 100, 7, 10.66
SGD, 1, -1, 1, -1, 128, 8, 128, 8, 0.4, 5, 12.5, 12.5, 8, 100, 8, 10.66
SGD, 1, -1, 1, -1, 128, 8, 128, 8, 0.4, 5, 12.5, 12.5, 8, 100, 9, 10.66
SGD, 1, -1, 1, -1, 128, 8, 128, 8, 0.4, 5, 12.5, 12.5, 8, 100, 10, 10.66
SGD, 1, -1, 1, -1, 128, 8, 128, 8, 0.4, 5, 12.5, 12.5, 8, 100, 11, 10.66
SGD, 1, -1, 1, -1, 128, 8, 128, 8, 0.4, 5, 12.5, 12.5, 8, 100, 12, 10.66
SGD, 1, -1, 1, -1, 128, 8, 128, 8, 0.4, 5, 12.5, 12.5, 8, 100, 13, 10.66
SGD, 1, -1, 1, -1, 128, 8, 128, 8, 0.4, 5, 12.5, 12.5, 8, 100, 14, 10.66
SGD, 1, -1, 1, -1, 128, 8, 128, 8, 0.4, 5, 12.5, 12.5, 8, 100, 15, 10.66
SGD, 1, -1, 1, -1, 128, 8, 128, 8, 0.4, 5, 12.5, 12.5, 8, 100, 16, 10.66
SGD, 1, -1, 1, -1, 128, 8, 128, 8, 0.4, 5, 12.5, 12.5, 8, 100, 17, 10.95
SGD, 1, -1, 1, -1, 128, 8, 128, 8, 0.4, 5, 12.5, 12.5, 8, 100, 18, 10.95
SGD, 1, -1, 1, -1, 128, 8, 128, 8, 0.4, 5, 12.5, 12.5, 8, 100, 19, 11.21
SGD, 1, -1, 1, -1, 128, 8, 128, 8, 0.4, 5, 12.5, 12.5, 8, 100, 20, 9.58
SGD, 1, -1, 1, -1, 128, 8, 128, 8, 0.4, 5, 12.5, 12.5, 10, 100, 1, 12.19
SGD, 1, -1, 1, -1, 128, 8, 128, 8, 0.4, 5, 12.5, 12.5, 10, 100, 2, 12.35
SGD, 1, -1, 1, -1, 128, 8, 128, 8, 0.4, 5, 12.5, 12.5, 10, 100, 3, 12.35
SGD, 1, -1, 1, -1, 128, 8, 128, 8, 0.4, 5, 12.5, 12.5, 10, 100, 4, 11.55
SGD, 1, -1, 1, -1, 128, 8, 128, 8, 0.4, 5, 12.5, 12.5, 10, 100, 5, 11.55
SGD, 1, -1, 1, -1, 128, 8, 128, 8, 0.4, 5, 12.5, 12.5, 10, 100, 6, 11.55
SGD, 1, -1, 1, -1, 128, 8, 128, 8, 0.4, 5, 12.5, 12.5, 10, 100, 7, 11.55
SGD, 1, -1, 1, -1, 128, 8, 128, 8, 0.4, 5, 12.5, 12.5, 10, 100, 8, 11.55
SGD, 1, -1, 1, -1, 128, 8, 128, 8, 0.4, 5, 12.5, 12.5, 10, 100, 9, 11.55
SGD, 1, -1, 1, -1, 128, 8, 128, 8, 0.4, 5, 12.5, 12.5, 10, 100, 10, 11.55
SGD, 1, -1, 1, -1, 128, 8, 128, 8, 0.4, 5, 12.5, 12.5, 10, 100, 11, 11.48
SGD, 1, -1, 1, -1, 128, 8, 128, 8, 0.4, 5, 12.5, 12.5, 10, 100, 12, 11.6
SGD, 1, -1, 1, -1, 128, 8, 128, 8, 0.4, 5, 12.5, 12.5, 10, 100, 13, 11.55
SGD, 1, -1, 1, -1, 128, 8, 128, 8, 0.4, 5, 12.5, 12.5, 10, 100, 14, 11.55
SGD, 1, -1, 1, -1, 128, 8, 128, 8, 0.4, 5, 12.5, 12.5, 10, 100, 15, 11.55
SGD, 1, -1, 1, -1, 128, 8, 128, 8, 0.4, 5, 12.5, 12.5, 10, 100, 16, 11.51
SGD, 1, -1, 1, -1, 128, 8, 128, 8, 0.4, 5, 12.5, 12.5, 10, 100, 17, 11.48
SGD, 1, -1, 1, -1, 128, 8, 128, 8, 0.4, 5, 12.5, 12.5, 10, 100, 18, 11.48
SGD, 1, -1, 1, -1, 128, 8, 128, 8, 0.4, 5, 12.5, 12.5, 10, 100, 19, 11.44
SGD, 1, -1, 1, -1, 128, 8, 128, 8, 0.4, 5, 12.5, 12.5, 10, 100, 20, 11.44
SGD, 1, -1, 1, -1, 128, 8, 128, 8, 0.4, 6, 12.5, 12.5, 2, 100, 1, 11.35
SGD, 1, -1, 1, -1, 128, 8, 128, 8, 0.4, 6, 12.5, 12.5, 2, 100, 2, 11.35
SGD, 1, -1, 1, -1, 128, 8, 128, 8, 0.4, 6, 12.5, 12.5, 2, 100, 3, 16.35
SGD, 1, -1, 1, -1, 128, 8, 128, 8, 0.4, 6, 12.5, 12.5, 2, 100, 4, 10.09
SGD, 1, -1, 1, -1, 128, 8, 128, 8, 0.4, 6, 12.5, 12.5, 2, 100, 5, 18.07
SGD, 1, -1, 1, -1, 128, 8, 128, 8, 0.4, 6, 12.5, 12.5, 2, 100, 6, 9.84
SGD, 1, -1, 1, -1, 128, 8, 128, 8, 0.4, 6, 12.5, 12.5, 2, 100, 7, 12.31
SGD, 1, -1, 1, -1, 128, 8, 128, 8, 0.4, 6, 12.5, 12.5, 2, 100, 8, 10.27
SGD, 1, -1, 1, -1, 128, 8, 128, 8, 0.4, 6, 12.5, 12.5, 2, 100, 9, 10.1
SGD, 1, -1, 1, -1, 128, 8, 128, 8, 0.4, 6, 12.5, 12.5, 2, 100, 10, 15.19
SGD, 1, -1, 1, -1, 128, 8, 128, 8, 0.4, 6, 12.5, 12.5, 2, 100, 11, 10.48
SGD, 1, -1, 1, -1, 128, 8, 128, 8, 0.4, 6, 12.5, 12.5, 2, 100, 12, 12.84
SGD, 1, -1, 1, -1, 128, 8, 128, 8, 0.4, 6, 12.5, 12.5, 2, 100, 13, 17.75
SGD, 1, -1, 1, -1, 128, 8, 128, 8, 0.4, 6, 12.5, 12.5, 2, 100, 14, 11.7
SGD, 1, -1, 1, -1, 128, 8, 128, 8, 0.4, 6, 12.5, 12.5, 2, 100, 15, 10.28
SGD, 1, -1, 1, -1, 128, 8, 128, 8, 0.4, 6, 12.5, 12.5, 2, 100, 16, 10.56
SGD, 1, -1, 1, -1, 128, 8, 128, 8, 0.4, 6, 12.5, 12.5, 2, 100, 17, 10.32
SGD, 1, -1, 1, -1, 128, 8, 128, 8, 0.4, 6, 12.5, 12.5, 2, 100, 18, 12.22
SGD, 1, -1, 1, -1, 128, 8, 128, 8, 0.4, 6, 12.5, 12.5, 2, 100, 19, 9.82
SGD, 1, -1, 1, -1, 128, 8, 128, 8, 0.4, 6, 12.5, 12.5, 2, 100, 20, 17.07
SGD, 1, -1, 1, -1, 128, 8, 128, 8, 0.4, 6, 12.5, 12.5, 4, 100, 1, 12.02
SGD, 1, -1, 1, -1, 128, 8, 128, 8, 0.4, 6, 12.5, 12.5, 4, 100, 2, 24.7
SGD, 1, -1, 1, -1, 128, 8, 128, 8, 0.4, 6, 12.5, 12.5, 4, 100, 3, 24.7
SGD, 1, -1, 1, -1, 128, 8, 128, 8, 0.4, 6, 12.5, 12.5, 4, 100, 4, 24.7
SGD, 1, -1, 1, -1, 128, 8, 128, 8, 0.4, 6, 12.5, 12.5, 4, 100, 5, 24.61
SGD, 1, -1, 1, -1, 128, 8, 128, 8, 0.4, 6, 12.5, 12.5, 4, 100, 6, 24.61
SGD, 1, -1, 1, -1, 128, 8, 128, 8, 0.4, 6, 12.5, 12.5, 4, 100, 7, 20.55
SGD, 1, -1, 1, -1, 128, 8, 128, 8, 0.4, 6, 12.5, 12.5, 4, 100, 8, 25.49
SGD, 1, -1, 1, -1, 128, 8, 128, 8, 0.4, 6, 12.5, 12.5, 4, 100, 9, 25.3
SGD, 1, -1, 1, -1, 128, 8, 128, 8, 0.4, 6, 12.5, 12.5, 4, 100, 10, 25.3
SGD, 1, -1, 1, -1, 128, 8, 128, 8, 0.4, 6, 12.5, 12.5, 4, 100, 11, 25.3
SGD, 1, -1, 1, -1, 128, 8, 128, 8, 0.4, 6, 12.5, 12.5, 4, 100, 12, 8.92
SGD, 1, -1, 1, -1, 128, 8, 128, 8, 0.4, 6, 12.5, 12.5, 4, 100, 13, 21.93
SGD, 1, -1, 1, -1, 128, 8, 128, 8, 0.4, 6, 12.5, 12.5, 4, 100, 14, 21.87
SGD, 1, -1, 1, -1, 128, 8, 128, 8, 0.4, 6, 12.5, 12.5, 4, 100, 15, 21.87
SGD, 1, -1, 1, -1, 128, 8, 128, 8, 0.4, 6, 12.5, 12.5, 4, 100, 16, 22.02
SGD, 1, -1, 1, -1, 128, 8, 128, 8, 0.4, 6, 12.5, 12.5, 4, 100, 17, 20.81
SGD, 1, -1, 1, -1, 128, 8, 128, 8, 0.4, 6, 12.5, 12.5, 4, 100, 18, 19.2
SGD, 1, -1, 1, -1, 128, 8, 128, 8, 0.4, 6, 12.5, 12.5, 4, 100, 19, 23.1
SGD, 1, -1, 1, -1, 128, 8, 128, 8, 0.4, 6, 12.5, 12.5, 4, 100, 20, 20.06
SGD, 1, -1, 1, -1, 128, 8, 128, 8, 0.4, 6, 12.5, 12.5, 6, 100, 1, 11.35
SGD, 1, -1, 1, -1, 128, 8, 128, 8, 0.4, 6, 12.5, 12.5, 6, 100, 2, 11.35
SGD, 1, -1, 1, -1, 128, 8, 128, 8, 0.4, 6, 12.5, 12.5, 6, 100, 3, 11.35
SGD, 1, -1, 1, -1, 128, 8, 128, 8, 0.4, 6, 12.5, 12.5, 6, 100, 4, 11.35
SGD, 1, -1, 1, -1, 128, 8, 128, 8, 0.4, 6, 12.5, 12.5, 6, 100, 5, 11.35
SGD, 1, -1, 1, -1, 128, 8, 128, 8, 0.4, 6, 12.5, 12.5, 6, 100, 6, 11.35
SGD, 1, -1, 1, -1, 128, 8, 128, 8, 0.4, 6, 12.5, 12.5, 6, 100, 7, 11.35
SGD, 1, -1, 1, -1, 128, 8, 128, 8, 0.4, 6, 12.5, 12.5, 6, 100, 8, 11.35
SGD, 1, -1, 1, -1, 128, 8, 128, 8, 0.4, 6, 12.5, 12.5, 6, 100, 9, 11.35
SGD, 1, -1, 1, -1, 128, 8, 128, 8, 0.4, 6, 12.5, 12.5, 6, 100, 10, 11.35
SGD, 1, -1, 1, -1, 128, 8, 128, 8, 0.4, 6, 12.5, 12.5, 6, 100, 11, 8.89
SGD, 1, -1, 1, -1, 128, 8, 128, 8, 0.4, 6, 12.5, 12.5, 6, 100, 12, 8.89
SGD, 1, -1, 1, -1, 128, 8, 128, 8, 0.4, 6, 12.5, 12.5, 6, 100, 13, 8.89
SGD, 1, -1, 1, -1, 128, 8, 128, 8, 0.4, 6, 12.5, 12.5, 6, 100, 14, 8.89
SGD, 1, -1, 1, -1, 128, 8, 128, 8, 0.4, 6, 12.5, 12.5, 6, 100, 15, 8.89
SGD, 1, -1, 1, -1, 128, 8, 128, 8, 0.4, 6, 12.5, 12.5, 6, 100, 16, 8.89
SGD, 1, -1, 1, -1, 128, 8, 128, 8, 0.4, 6, 12.5, 12.5, 6, 100, 17, 8.89
SGD, 1, -1, 1, -1, 128, 8, 128, 8, 0.4, 6, 12.5, 12.5, 6, 100, 18, 8.89
SGD, 1, -1, 1, -1, 128, 8, 128, 8, 0.4, 6, 12.5, 12.5, 6, 100, 19, 8.89
SGD, 1, -1, 1, -1, 128, 8, 128, 8, 0.4, 6, 12.5, 12.5, 6, 100, 20, 8.89
SGD, 1, -1, 1, -1, 128, 8, 128, 8, 0.4, 6, 12.5, 12.5, 8, 100, 1, 10.61
SGD, 1, -1, 1, -1, 128, 8, 128, 8, 0.4, 6, 12.5, 12.5, 8, 100, 2, 13.47
SGD, 1, -1, 1, -1, 128, 8, 128, 8, 0.4, 6, 12.5, 12.5, 8, 100, 3, 10.09
SGD, 1, -1, 1, -1, 128, 8, 128, 8, 0.4, 6, 12.5, 12.5, 8, 100, 4, 10.02
SGD, 1, -1, 1, -1, 128, 8, 128, 8, 0.4, 6, 12.5, 12.5, 8, 100, 5, 10.67
SGD, 1, -1, 1, -1, 128, 8, 128, 8, 0.4, 6, 12.5, 12.5, 8, 100, 6, 10.59
SGD, 1, -1, 1, -1, 128, 8, 128, 8, 0.4, 6, 12.5, 12.5, 8, 100, 7, 12.79
SGD, 1, -1, 1, -1, 128, 8, 128, 8, 0.4, 6, 12.5, 12.5, 8, 100, 8, 14.41
SGD, 1, -1, 1, -1, 128, 8, 128, 8, 0.4, 6, 12.5, 12.5, 8, 100, 9, 14.41
SGD, 1, -1, 1, -1, 128, 8, 128, 8, 0.4, 6, 12.5, 12.5, 8, 100, 10, 14.41
SGD, 1, -1, 1, -1, 128, 8, 128, 8, 0.4, 6, 12.5, 12.5, 8, 100, 11, 14.41
SGD, 1, -1, 1, -1, 128, 8, 128, 8, 0.4, 6, 12.5, 12.5, 8, 100, 12, 14.41
SGD, 1, -1, 1, -1, 128, 8, 128, 8, 0.4, 6, 12.5, 12.5, 8, 100, 13, 14.41
SGD, 1, -1, 1, -1, 128, 8, 128, 8, 0.4, 6, 12.5, 12.5, 8, 100, 14, 14.41
SGD, 1, -1, 1, -1, 128, 8, 128, 8, 0.4, 6, 12.5, 12.5, 8, 100, 15, 14.41
SGD, 1, -1, 1, -1, 128, 8, 128, 8, 0.4, 6, 12.5, 12.5, 8, 100, 16, 14.41
SGD, 1, -1, 1, -1, 128, 8, 128, 8, 0.4, 6, 12.5, 12.5, 8, 100, 17, 14.41
SGD, 1, -1, 1, -1, 128, 8, 128, 8, 0.4, 6, 12.5, 12.5, 8, 100, 18, 14.41
SGD, 1, -1, 1, -1, 128, 8, 128, 8, 0.4, 6, 12.5, 12.5, 8, 100, 19, 14.41
SGD, 1, -1, 1, -1, 128, 8, 128, 8, 0.4, 6, 12.5, 12.5, 8, 100, 20, 14.41
SGD, 1, -1, 1, -1, 128, 8, 128, 8, 0.4, 6, 12.5, 12.5, 10, 100, 1, 10.09
SGD, 1, -1, 1, -1, 128, 8, 128, 8, 0.4, 6, 12.5, 12.5, 10, 100, 2, 10.09
SGD, 1, -1, 1, -1, 128, 8, 128, 8, 0.4, 6, 12.5, 12.5, 10, 100, 3, 10.09
SGD, 1, -1, 1, -1, 128, 8, 128, 8, 0.4, 6, 12.5, 12.5, 10, 100, 4, 10.09
SGD, 1, -1, 1, -1, 128, 8, 128, 8, 0.4, 6, 12.5, 12.5, 10, 100, 5, 10.09
SGD, 1, -1, 1, -1, 128, 8, 128, 8, 0.4, 6, 12.5, 12.5, 10, 100, 6, 10.09
SGD, 1, -1, 1, -1, 128, 8, 128, 8, 0.4, 6, 12.5, 12.5, 10, 100, 7, 10.09
SGD, 1, -1, 1, -1, 128, 8, 128, 8, 0.4, 6, 12.5, 12.5, 10, 100, 8, 10.09
SGD, 1, -1, 1, -1, 128, 8, 128, 8, 0.4, 6, 12.5, 12.5, 10, 100, 9, 10.09
SGD, 1, -1, 1, -1, 128, 8, 128, 8, 0.4, 6, 12.5, 12.5, 10, 100, 10, 10.09
SGD, 1, -1, 1, -1, 128, 8, 128, 8, 0.4, 6, 12.5, 12.5, 10, 100, 11, 10.09
SGD, 1, -1, 1, -1, 128, 8, 128, 8, 0.4, 6, 12.5, 12.5, 10, 100, 12, 10.09
SGD, 1, -1, 1, -1, 128, 8, 128, 8, 0.4, 6, 12.5, 12.5, 10, 100, 13, 10.09
SGD, 1, -1, 1, -1, 128, 8, 128, 8, 0.4, 6, 12.5, 12.5, 10, 100, 14, 10.09
SGD, 1, -1, 1, -1, 128, 8, 128, 8, 0.4, 6, 12.5, 12.5, 10, 100, 15, 10.09
SGD, 1, -1, 1, -1, 128, 8, 128, 8, 0.4, 6, 12.5, 12.5, 10, 100, 16, 10.09
SGD, 1, -1, 1, -1, 128, 8, 128, 8, 0.4, 6, 12.5, 12.5, 10, 100, 17, 10.09
SGD, 1, -1, 1, -1, 128, 8, 128, 8, 0.4, 6, 12.5, 12.5, 10, 100, 18, 10.09
SGD, 1, -1, 1, -1, 128, 8, 128, 8, 0.4, 6, 12.5, 12.5, 10, 100, 19, 10.09
SGD, 1, -1, 1, -1, 128, 8, 128, 8, 0.4, 6, 12.5, 12.5, 10, 100, 20, 10.09
SGD, 1, -1, 1, -1, 128, 8, 128, 8, 0.6, 1, 12.5, 12.5, 2, 100, 1, 61
SGD, 1, -1, 1, -1, 128, 8, 128, 8, 0.6, 1, 12.5, 12.5, 2, 100, 2, 62.41
SGD, 1, -1, 1, -1, 128, 8, 128, 8, 0.6, 1, 12.5, 12.5, 2, 100, 3, 49.34
SGD, 1, -1, 1, -1, 128, 8, 128, 8, 0.6, 1, 12.5, 12.5, 2, 100, 4, 54.22
SGD, 1, -1, 1, -1, 128, 8, 128, 8, 0.6, 1, 12.5, 12.5, 2, 100, 5, 45.23
SGD, 1, -1, 1, -1, 128, 8, 128, 8, 0.6, 1, 12.5, 12.5, 2, 100, 6, 30.56
SGD, 1, -1, 1, -1, 128, 8, 128, 8, 0.6, 1, 12.5, 12.5, 2, 100, 7, 31.21
SGD, 1, -1, 1, -1, 128, 8, 128, 8, 0.6, 1, 12.5, 12.5, 2, 100, 8, 27.17
SGD, 1, -1, 1, -1, 128, 8, 128, 8, 0.6, 1, 12.5, 12.5, 2, 100, 9, 26.36
SGD, 1, -1, 1, -1, 128, 8, 128, 8, 0.6, 1, 12.5, 12.5, 2, 100, 10, 37.15
SGD, 1, -1, 1, -1, 128, 8, 128, 8, 0.6, 1, 12.5, 12.5, 2, 100, 11, 26.47
SGD, 1, -1, 1, -1, 128, 8, 128, 8, 0.6, 1, 12.5, 12.5, 2, 100, 12, 23.53
SGD, 1, -1, 1, -1, 128, 8, 128, 8, 0.6, 1, 12.5, 12.5, 2, 100, 13, 26.42
SGD, 1, -1, 1, -1, 128, 8, 128, 8, 0.6, 1, 12.5, 12.5, 2, 100, 14, 21.25
SGD, 1, -1, 1, -1, 128, 8, 128, 8, 0.6, 1, 12.5, 12.5, 2, 100, 15, 22.06
SGD, 1, -1, 1, -1, 128, 8, 128, 8, 0.6, 1, 12.5, 12.5, 2, 100, 16, 21.55
SGD, 1, -1, 1, -1, 128, 8, 128, 8, 0.6, 1, 12.5, 12.5, 2, 100, 17, 21.48
SGD, 1, -1, 1, -1, 128, 8, 128, 8, 0.6, 1, 12.5, 12.5, 2, 100, 18, 13.51
SGD, 1, -1, 1, -1, 128, 8, 128, 8, 0.6, 1, 12.5, 12.5, 2, 100, 19, 14.04
SGD, 1, -1, 1, -1, 128, 8, 128, 8, 0.6, 1, 12.5, 12.5, 2, 100, 20, 21.82
SGD, 1, -1, 1, -1, 128, 8, 128, 8, 0.6, 1, 12.5, 12.5, 4, 100, 1, 47.4
SGD, 1, -1, 1, -1, 128, 8, 128, 8, 0.6, 1, 12.5, 12.5, 4, 100, 2, 39.85
SGD, 1, -1, 1, -1, 128, 8, 128, 8, 0.6, 1, 12.5, 12.5, 4, 100, 3, 22.7
SGD, 1, -1, 1, -1, 128, 8, 128, 8, 0.6, 1, 12.5, 12.5, 4, 100, 4, 19.7
SGD, 1, -1, 1, -1, 128, 8, 128, 8, 0.6, 1, 12.5, 12.5, 4, 100, 5, 17.23
SGD, 1, -1, 1, -1, 128, 8, 128, 8, 0.6, 1, 12.5, 12.5, 4, 100, 6, 9.86
SGD, 1, -1, 1, -1, 128, 8, 128, 8, 0.6, 1, 12.5, 12.5, 4, 100, 7, 11.36
SGD, 1, -1, 1, -1, 128, 8, 128, 8, 0.6, 1, 12.5, 12.5, 4, 100, 8, 20.11
SGD, 1, -1, 1, -1, 128, 8, 128, 8, 0.6, 1, 12.5, 12.5, 4, 100, 9, 14.51
SGD, 1, -1, 1, -1, 128, 8, 128, 8, 0.6, 1, 12.5, 12.5, 4, 100, 10, 13.11
SGD, 1, -1, 1, -1, 128, 8, 128, 8, 0.6, 1, 12.5, 12.5, 4, 100, 11, 17.24
SGD, 1, -1, 1, -1, 128, 8, 128, 8, 0.6, 1, 12.5, 12.5, 4, 100, 12, 12.69
SGD, 1, -1, 1, -1, 128, 8, 128, 8, 0.6, 1, 12.5, 12.5, 4, 100, 13, 14.6
SGD, 1, -1, 1, -1, 128, 8, 128, 8, 0.6, 1, 12.5, 12.5, 4, 100, 14, 9.97
SGD, 1, -1, 1, -1, 128, 8, 128, 8, 0.6, 1, 12.5, 12.5, 4, 100, 15, 12.34
SGD, 1, -1, 1, -1, 128, 8, 128, 8, 0.6, 1, 12.5, 12.5, 4, 100, 16, 13.75
SGD, 1, -1, 1, -1, 128, 8, 128, 8, 0.6, 1, 12.5, 12.5, 4, 100, 17, 13.38
SGD, 1, -1, 1, -1, 128, 8, 128, 8, 0.6, 1, 12.5, 12.5, 4, 100, 18, 10.36
SGD, 1, -1, 1, -1, 128, 8, 128, 8, 0.6, 1, 12.5, 12.5, 4, 100, 19, 17.46
SGD, 1, -1, 1, -1, 128, 8, 128, 8, 0.6, 1, 12.5, 12.5, 4, 100, 20, 13.9
SGD, 1, -1, 1, -1, 128, 8, 128, 8, 0.6, 1, 12.5, 12.5, 6, 100, 1, 54.02
SGD, 1, -1, 1, -1, 128, 8, 128, 8, 0.6, 1, 12.5, 12.5, 6, 100, 2, 15.07
SGD, 1, -1, 1, -1, 128, 8, 128, 8, 0.6, 1, 12.5, 12.5, 6, 100, 3, 10.89
SGD, 1, -1, 1, -1, 128, 8, 128, 8, 0.6, 1, 12.5, 12.5, 6, 100, 4, 14.58
SGD, 1, -1, 1, -1, 128, 8, 128, 8, 0.6, 1, 12.5, 12.5, 6, 100, 5, 20.57
SGD, 1, -1, 1, -1, 128, 8, 128, 8, 0.6, 1, 12.5, 12.5, 6, 100, 6, 17.59
SGD, 1, -1, 1, -1, 128, 8, 128, 8, 0.6, 1, 12.5, 12.5, 6, 100, 7, 9.76
SGD, 1, -1, 1, -1, 128, 8, 128, 8, 0.6, 1, 12.5, 12.5, 6, 100, 8, 11.65
SGD, 1, -1, 1, -1, 128, 8, 128, 8, 0.6, 1, 12.5, 12.5, 6, 100, 9, 15.16
SGD, 1, -1, 1, -1, 128, 8, 128, 8, 0.6, 1, 12.5, 12.5, 6, 100, 10, 15.84
SGD, 1, -1, 1, -1, 128, 8, 128, 8, 0.6, 1, 12.5, 12.5, 6, 100, 11, 10.29
SGD, 1, -1, 1, -1, 128, 8, 128, 8, 0.6, 1, 12.5, 12.5, 6, 100, 12, 10.41
SGD, 1, -1, 1, -1, 128, 8, 128, 8, 0.6, 1, 12.5, 12.5, 6, 100, 13, 17.53
SGD, 1, -1, 1, -1, 128, 8, 128, 8, 0.6, 1, 12.5, 12.5, 6, 100, 14, 11.42
SGD, 1, -1, 1, -1, 128, 8, 128, 8, 0.6, 1, 12.5, 12.5, 6, 100, 15, 10.1
SGD, 1, -1, 1, -1, 128, 8, 128, 8, 0.6, 1, 12.5, 12.5, 6, 100, 16, 14.01
SGD, 1, -1, 1, -1, 128, 8, 128, 8, 0.6, 1, 12.5, 12.5, 6, 100, 17, 10.34
SGD, 1, -1, 1, -1, 128, 8, 128, 8, 0.6, 1, 12.5, 12.5, 6, 100, 18, 10.54
SGD, 1, -1, 1, -1, 128, 8, 128, 8, 0.6, 1, 12.5, 12.5, 6, 100, 19, 9.8
SGD, 1, -1, 1, -1, 128, 8, 128, 8, 0.6, 1, 12.5, 12.5, 6, 100, 20, 10.83
SGD, 1, -1, 1, -1, 128, 8, 128, 8, 0.6, 1, 12.5, 12.5, 8, 100, 1, 28.17
SGD, 1, -1, 1, -1, 128, 8, 128, 8, 0.6, 1, 12.5, 12.5, 8, 100, 2, 30.93
SGD, 1, -1, 1, -1, 128, 8, 128, 8, 0.6, 1, 12.5, 12.5, 8, 100, 3, 16.23
SGD, 1, -1, 1, -1, 128, 8, 128, 8, 0.6, 1, 12.5, 12.5, 8, 100, 4, 16.8
SGD, 1, -1, 1, -1, 128, 8, 128, 8, 0.6, 1, 12.5, 12.5, 8, 100, 5, 13.1
SGD, 1, -1, 1, -1, 128, 8, 128, 8, 0.6, 1, 12.5, 12.5, 8, 100, 6, 9.72
SGD, 1, -1, 1, -1, 128, 8, 128, 8, 0.6, 1, 12.5, 12.5, 8, 100, 7, 9.89
SGD, 1, -1, 1, -1, 128, 8, 128, 8, 0.6, 1, 12.5, 12.5, 8, 100, 8, 10.34
SGD, 1, -1, 1, -1, 128, 8, 128, 8, 0.6, 1, 12.5, 12.5, 8, 100, 9, 13.93
SGD, 1, -1, 1, -1, 128, 8, 128, 8, 0.6, 1, 12.5, 12.5, 8, 100, 10, 15.44
SGD, 1, -1, 1, -1, 128, 8, 128, 8, 0.6, 1, 12.5, 12.5, 8, 100, 11, 18.24
SGD, 1, -1, 1, -1, 128, 8, 128, 8, 0.6, 1, 12.5, 12.5, 8, 100, 12, 9.81
SGD, 1, -1, 1, -1, 128, 8, 128, 8, 0.6, 1, 12.5, 12.5, 8, 100, 13, 10.27
SGD, 1, -1, 1, -1, 128, 8, 128, 8, 0.6, 1, 12.5, 12.5, 8, 100, 14, 9.58
SGD, 1, -1, 1, -1, 128, 8, 128, 8, 0.6, 1, 12.5, 12.5, 8, 100, 15, 10.49
SGD, 1, -1, 1, -1, 128, 8, 128, 8, 0.6, 1, 12.5, 12.5, 8, 100, 16, 14.54
SGD, 1, -1, 1, -1, 128, 8, 128, 8, 0.6, 1, 12.5, 12.5, 8, 100, 17, 14.66
SGD, 1, -1, 1, -1, 128, 8, 128, 8, 0.6, 1, 12.5, 12.5, 8, 100, 18, 13.37
SGD, 1, -1, 1, -1, 128, 8, 128, 8, 0.6, 1, 12.5, 12.5, 8, 100, 19, 13.79
SGD, 1, -1, 1, -1, 128, 8, 128, 8, 0.6, 1, 12.5, 12.5, 8, 100, 20, 10.09
SGD, 1, -1, 1, -1, 128, 8, 128, 8, 0.6, 1, 12.5, 12.5, 10, 100, 1, 17.83
SGD, 1, -1, 1, -1, 128, 8, 128, 8, 0.6, 1, 12.5, 12.5, 10, 100, 2, 15.04
SGD, 1, -1, 1, -1, 128, 8, 128, 8, 0.6, 1, 12.5, 12.5, 10, 100, 3, 16.97
SGD, 1, -1, 1, -1, 128, 8, 128, 8, 0.6, 1, 12.5, 12.5, 10, 100, 4, 18.26
SGD, 1, -1, 1, -1, 128, 8, 128, 8, 0.6, 1, 12.5, 12.5, 10, 100, 5, 14.61
SGD, 1, -1, 1, -1, 128, 8, 128, 8, 0.6, 1, 12.5, 12.5, 10, 100, 6, 18.67
SGD, 1, -1, 1, -1, 128, 8, 128, 8, 0.6, 1, 12.5, 12.5, 10, 100, 7, 12.39
SGD, 1, -1, 1, -1, 128, 8, 128, 8, 0.6, 1, 12.5, 12.5, 10, 100, 8, 9.77
SGD, 1, -1, 1, -1, 128, 8, 128, 8, 0.6, 1, 12.5, 12.5, 10, 100, 9, 14.11
SGD, 1, -1, 1, -1, 128, 8, 128, 8, 0.6, 1, 12.5, 12.5, 10, 100, 10, 9.83
SGD, 1, -1, 1, -1, 128, 8, 128, 8, 0.6, 1, 12.5, 12.5, 10, 100, 11, 10.41
SGD, 1, -1, 1, -1, 128, 8, 128, 8, 0.6, 1, 12.5, 12.5, 10, 100, 12, 10.32
SGD, 1, -1, 1, -1, 128, 8, 128, 8, 0.6, 1, 12.5, 12.5, 10, 100, 13, 12.29
SGD, 1, -1, 1, -1, 128, 8, 128, 8, 0.6, 1, 12.5, 12.5, 10, 100, 14, 9.23
SGD, 1, -1, 1, -1, 128, 8, 128, 8, 0.6, 1, 12.5, 12.5, 10, 100, 15, 10.7
SGD, 1, -1, 1, -1, 128, 8, 128, 8, 0.6, 1, 12.5, 12.5, 10, 100, 16, 13.57
SGD, 1, -1, 1, -1, 128, 8, 128, 8, 0.6, 1, 12.5, 12.5, 10, 100, 17, 16.55
SGD, 1, -1, 1, -1, 128, 8, 128, 8, 0.6, 1, 12.5, 12.5, 10, 100, 18, 13.86
SGD, 1, -1, 1, -1, 128, 8, 128, 8, 0.6, 1, 12.5, 12.5, 10, 100, 19, 10.21
SGD, 1, -1, 1, -1, 128, 8, 128, 8, 0.6, 1, 12.5, 12.5, 10, 100, 20, 12.86
SGD, 1, -1, 1, -1, 128, 8, 128, 8, 0.6, 2, 12.5, 12.5, 2, 100, 1, 44.74
SGD, 1, -1, 1, -1, 128, 8, 128, 8, 0.6, 2, 12.5, 12.5, 2, 100, 2, 66.91
SGD, 1, -1, 1, -1, 128, 8, 128, 8, 0.6, 2, 12.5, 12.5, 2, 100, 3, 70.41
SGD, 1, -1, 1, -1, 128, 8, 128, 8, 0.6, 2, 12.5, 12.5, 2, 100, 4, 79.02
SGD, 1, -1, 1, -1, 128, 8, 128, 8, 0.6, 2, 12.5, 12.5, 2, 100, 5, 81
SGD, 1, -1, 1, -1, 128, 8, 128, 8, 0.6, 2, 12.5, 12.5, 2, 100, 6, 69.33
SGD, 1, -1, 1, -1, 128, 8, 128, 8, 0.6, 2, 12.5, 12.5, 2, 100, 7, 83.57
SGD, 1, -1, 1, -1, 128, 8, 128, 8, 0.6, 2, 12.5, 12.5, 2, 100, 8, 78.38
SGD, 1, -1, 1, -1, 128, 8, 128, 8, 0.6, 2, 12.5, 12.5, 2, 100, 9, 80.96
SGD, 1, -1, 1, -1, 128, 8, 128, 8, 0.6, 2, 12.5, 12.5, 2, 100, 10, 75.27
SGD, 1, -1, 1, -1, 128, 8, 128, 8, 0.6, 2, 12.5, 12.5, 2, 100, 11, 79.79
SGD, 1, -1, 1, -1, 128, 8, 128, 8, 0.6, 2, 12.5, 12.5, 2, 100, 12, 80.88
SGD, 1, -1, 1, -1, 128, 8, 128, 8, 0.6, 2, 12.5, 12.5, 2, 100, 13, 78.14
SGD, 1, -1, 1, -1, 128, 8, 128, 8, 0.6, 2, 12.5, 12.5, 2, 100, 14, 84
SGD, 1, -1, 1, -1, 128, 8, 128, 8, 0.6, 2, 12.5, 12.5, 2, 100, 15, 82.35
SGD, 1, -1, 1, -1, 128, 8, 128, 8, 0.6, 2, 12.5, 12.5, 2, 100, 16, 76.31
SGD, 1, -1, 1, -1, 128, 8, 128, 8, 0.6, 2, 12.5, 12.5, 2, 100, 17, 77.04
SGD, 1, -1, 1, -1, 128, 8, 128, 8, 0.6, 2, 12.5, 12.5, 2, 100, 18, 84.5
SGD, 1, -1, 1, -1, 128, 8, 128, 8, 0.6, 2, 12.5, 12.5, 2, 100, 19, 78.84
SGD, 1, -1, 1, -1, 128, 8, 128, 8, 0.6, 2, 12.5, 12.5, 2, 100, 20, 74.39
SGD, 1, -1, 1, -1, 128, 8, 128, 8, 0.6, 2, 12.5, 12.5, 4, 100, 1, 29.11
SGD, 1, -1, 1, -1, 128, 8, 128, 8, 0.6, 2, 12.5, 12.5, 4, 100, 2, 39.3
SGD, 1, -1, 1, -1, 128, 8, 128, 8, 0.6, 2, 12.5, 12.5, 4, 100, 3, 58.86
SGD, 1, -1, 1, -1, 128, 8, 128, 8, 0.6, 2, 12.5, 12.5, 4, 100, 4, 66.78
SGD, 1, -1, 1, -1, 128, 8, 128, 8, 0.6, 2, 12.5, 12.5, 4, 100, 5, 67.97
SGD, 1, -1, 1, -1, 128, 8, 128, 8, 0.6, 2, 12.5, 12.5, 4, 100, 6, 82.1
SGD, 1, -1, 1, -1, 128, 8, 128, 8, 0.6, 2, 12.5, 12.5, 4, 100, 7, 81.36
SGD, 1, -1, 1, -1, 128, 8, 128, 8, 0.6, 2, 12.5, 12.5, 4, 100, 8, 79.33
SGD, 1, -1, 1, -1, 128, 8, 128, 8, 0.6, 2, 12.5, 12.5, 4, 100, 9, 80.56
SGD, 1, -1, 1, -1, 128, 8, 128, 8, 0.6, 2, 12.5, 12.5, 4, 100, 10, 76.74
SGD, 1, -1, 1, -1, 128, 8, 128, 8, 0.6, 2, 12.5, 12.5, 4, 100, 11, 75.03
SGD, 1, -1, 1, -1, 128, 8, 128, 8, 0.6, 2, 12.5, 12.5, 4, 100, 12, 80.72
SGD, 1, -1, 1, -1, 128, 8, 128, 8, 0.6, 2, 12.5, 12.5, 4, 100, 13, 81.57
SGD, 1, -1, 1, -1, 128, 8, 128, 8, 0.6, 2, 12.5, 12.5, 4, 100, 14, 72.97
SGD, 1, -1, 1, -1, 128, 8, 128, 8, 0.6, 2, 12.5, 12.5, 4, 100, 15, 67.89
SGD, 1, -1, 1, -1, 128, 8, 128, 8, 0.6, 2, 12.5, 12.5, 4, 100, 16, 75.25
SGD, 1, -1, 1, -1, 128, 8, 128, 8, 0.6, 2, 12.5, 12.5, 4, 100, 17, 66.96
SGD, 1, -1, 1, -1, 128, 8, 128, 8, 0.6, 2, 12.5, 12.5, 4, 100, 18, 72.04
SGD, 1, -1, 1, -1, 128, 8, 128, 8, 0.6, 2, 12.5, 12.5, 4, 100, 19, 62.52
SGD, 1, -1, 1, -1, 128, 8, 128, 8, 0.6, 2, 12.5, 12.5, 4, 100, 20, 70.62
SGD, 1, -1, 1, -1, 128, 8, 128, 8, 0.6, 2, 12.5, 12.5, 6, 100, 1, 51.51
SGD, 1, -1, 1, -1, 128, 8, 128, 8, 0.6, 2, 12.5, 12.5, 6, 100, 2, 51.09
SGD, 1, -1, 1, -1, 128, 8, 128, 8, 0.6, 2, 12.5, 12.5, 6, 100, 3, 59.9
SGD, 1, -1, 1, -1, 128, 8, 128, 8, 0.6, 2, 12.5, 12.5, 6, 100, 4, 18.96
SGD, 1, -1, 1, -1, 128, 8, 128, 8, 0.6, 2, 12.5, 12.5, 6, 100, 5, 40.71
SGD, 1, -1, 1, -1, 128, 8, 128, 8, 0.6, 2, 12.5, 12.5, 6, 100, 6, 33.42
SGD, 1, -1, 1, -1, 128, 8, 128, 8, 0.6, 2, 12.5, 12.5, 6, 100, 7, 37.07
SGD, 1, -1, 1, -1, 128, 8, 128, 8, 0.6, 2, 12.5, 12.5, 6, 100, 8, 46.4
SGD, 1, -1, 1, -1, 128, 8, 128, 8, 0.6, 2, 12.5, 12.5, 6, 100, 9, 28.32
SGD, 1, -1, 1, -1, 128, 8, 128, 8, 0.6, 2, 12.5, 12.5, 6, 100, 10, 33.22
SGD, 1, -1, 1, -1, 128, 8, 128, 8, 0.6, 2, 12.5, 12.5, 6, 100, 11, 10.33
SGD, 1, -1, 1, -1, 128, 8, 128, 8, 0.6, 2, 12.5, 12.5, 6, 100, 12, 15.02
SGD, 1, -1, 1, -1, 128, 8, 128, 8, 0.6, 2, 12.5, 12.5, 6, 100, 13, 23.94
SGD, 1, -1, 1, -1, 128, 8, 128, 8, 0.6, 2, 12.5, 12.5, 6, 100, 14, 23.44
SGD, 1, -1, 1, -1, 128, 8, 128, 8, 0.6, 2, 12.5, 12.5, 6, 100, 15, 24.04
SGD, 1, -1, 1, -1, 128, 8, 128, 8, 0.6, 2, 12.5, 12.5, 6, 100, 16, 22.95
SGD, 1, -1, 1, -1, 128, 8, 128, 8, 0.6, 2, 12.5, 12.5, 6, 100, 17, 22.42
SGD, 1, -1, 1, -1, 128, 8, 128, 8, 0.6, 2, 12.5, 12.5, 6, 100, 18, 20.57
SGD, 1, -1, 1, -1, 128, 8, 128, 8, 0.6, 2, 12.5, 12.5, 6, 100, 19, 28.12
SGD, 1, -1, 1, -1, 128, 8, 128, 8, 0.6, 2, 12.5, 12.5, 6, 100, 20, 20.23
SGD, 1, -1, 1, -1, 128, 8, 128, 8, 0.6, 2, 12.5, 12.5, 8, 100, 1, 17.43
SGD, 1, -1, 1, -1, 128, 8, 128, 8, 0.6, 2, 12.5, 12.5, 8, 100, 2, 15.47
SGD, 1, -1, 1, -1, 128, 8, 128, 8, 0.6, 2, 12.5, 12.5, 8, 100, 3, 17.2
SGD, 1, -1, 1, -1, 128, 8, 128, 8, 0.6, 2, 12.5, 12.5, 8, 100, 4, 17.19
SGD, 1, -1, 1, -1, 128, 8, 128, 8, 0.6, 2, 12.5, 12.5, 8, 100, 5, 16.17
SGD, 1, -1, 1, -1, 128, 8, 128, 8, 0.6, 2, 12.5, 12.5, 8, 100, 6, 12.62
SGD, 1, -1, 1, -1, 128, 8, 128, 8, 0.6, 2, 12.5, 12.5, 8, 100, 7, 19.02
SGD, 1, -1, 1, -1, 128, 8, 128, 8, 0.6, 2, 12.5, 12.5, 8, 100, 8, 16.28
SGD, 1, -1, 1, -1, 128, 8, 128, 8, 0.6, 2, 12.5, 12.5, 8, 100, 9, 17.43
SGD, 1, -1, 1, -1, 128, 8, 128, 8, 0.6, 2, 12.5, 12.5, 8, 100, 10, 29.78
SGD, 1, -1, 1, -1, 128, 8, 128, 8, 0.6, 2, 12.5, 12.5, 8, 100, 11, 31.1
SGD, 1, -1, 1, -1, 128, 8, 128, 8, 0.6, 2, 12.5, 12.5, 8, 100, 12, 24.14
SGD, 1, -1, 1, -1, 128, 8, 128, 8, 0.6, 2, 12.5, 12.5, 8, 100, 13, 14.22
SGD, 1, -1, 1, -1, 128, 8, 128, 8, 0.6, 2, 12.5, 12.5, 8, 100, 14, 11.79
SGD, 1, -1, 1, -1, 128, 8, 128, 8, 0.6, 2, 12.5, 12.5, 8, 100, 15, 25.67
SGD, 1, -1, 1, -1, 128, 8, 128, 8, 0.6, 2, 12.5, 12.5, 8, 100, 16, 12.26
SGD, 1, -1, 1, -1, 128, 8, 128, 8, 0.6, 2, 12.5, 12.5, 8, 100, 17, 27.93
SGD, 1, -1, 1, -1, 128, 8, 128, 8, 0.6, 2, 12.5, 12.5, 8, 100, 18, 17.83
SGD, 1, -1, 1, -1, 128, 8, 128, 8, 0.6, 2, 12.5, 12.5, 8, 100, 19, 18.83
SGD, 1, -1, 1, -1, 128, 8, 128, 8, 0.6, 2, 12.5, 12.5, 8, 100, 20, 15.54
SGD, 1, -1, 1, -1, 128, 8, 128, 8, 0.6, 2, 12.5, 12.5, 10, 100, 1, 52.95
SGD, 1, -1, 1, -1, 128, 8, 128, 8, 0.6, 2, 12.5, 12.5, 10, 100, 2, 21.98
SGD, 1, -1, 1, -1, 128, 8, 128, 8, 0.6, 2, 12.5, 12.5, 10, 100, 3, 19.82
SGD, 1, -1, 1, -1, 128, 8, 128, 8, 0.6, 2, 12.5, 12.5, 10, 100, 4, 15.84
SGD, 1, -1, 1, -1, 128, 8, 128, 8, 0.6, 2, 12.5, 12.5, 10, 100, 5, 12.79
SGD, 1, -1, 1, -1, 128, 8, 128, 8, 0.6, 2, 12.5, 12.5, 10, 100, 6, 11.65
SGD, 1, -1, 1, -1, 128, 8, 128, 8, 0.6, 2, 12.5, 12.5, 10, 100, 7, 12.7
SGD, 1, -1, 1, -1, 128, 8, 128, 8, 0.6, 2, 12.5, 12.5, 10, 100, 8, 23.3
SGD, 1, -1, 1, -1, 128, 8, 128, 8, 0.6, 2, 12.5, 12.5, 10, 100, 9, 14.25
SGD, 1, -1, 1, -1, 128, 8, 128, 8, 0.6, 2, 12.5, 12.5, 10, 100, 10, 13.04
SGD, 1, -1, 1, -1, 128, 8, 128, 8, 0.6, 2, 12.5, 12.5, 10, 100, 11, 18.47
SGD, 1, -1, 1, -1, 128, 8, 128, 8, 0.6, 2, 12.5, 12.5, 10, 100, 12, 10.6
SGD, 1, -1, 1, -1, 128, 8, 128, 8, 0.6, 2, 12.5, 12.5, 10, 100, 13, 9.8
SGD, 1, -1, 1, -1, 128, 8, 128, 8, 0.6, 2, 12.5, 12.5, 10, 100, 14, 11.93
SGD, 1, -1, 1, -1, 128, 8, 128, 8, 0.6, 2, 12.5, 12.5, 10, 100, 15, 10.1
SGD, 1, -1, 1, -1, 128, 8, 128, 8, 0.6, 2, 12.5, 12.5, 10, 100, 16, 11.06
SGD, 1, -1, 1, -1, 128, 8, 128, 8, 0.6, 2, 12.5, 12.5, 10, 100, 17, 14.29
SGD, 1, -1, 1, -1, 128, 8, 128, 8, 0.6, 2, 12.5, 12.5, 10, 100, 18, 11.44
SGD, 1, -1, 1, -1, 128, 8, 128, 8, 0.6, 2, 12.5, 12.5, 10, 100, 19, 16.81
SGD, 1, -1, 1, -1, 128, 8, 128, 8, 0.6, 2, 12.5, 12.5, 10, 100, 20, 11.91
SGD, 1, -1, 1, -1, 128, 8, 128, 8, 0.6, 3, 12.5, 12.5, 2, 100, 1, 15.41
SGD, 1, -1, 1, -1, 128, 8, 128, 8, 0.6, 3, 12.5, 12.5, 2, 100, 2, 22.14
SGD, 1, -1, 1, -1, 128, 8, 128, 8, 0.6, 3, 12.5, 12.5, 2, 100, 3, 48.73
SGD, 1, -1, 1, -1, 128, 8, 128, 8, 0.6, 3, 12.5, 12.5, 2, 100, 4, 60.9
SGD, 1, -1, 1, -1, 128, 8, 128, 8, 0.6, 3, 12.5, 12.5, 2, 100, 5, 60.62
SGD, 1, -1, 1, -1, 128, 8, 128, 8, 0.6, 3, 12.5, 12.5, 2, 100, 6, 59.09
SGD, 1, -1, 1, -1, 128, 8, 128, 8, 0.6, 3, 12.5, 12.5, 2, 100, 7, 73.02
SGD, 1, -1, 1, -1, 128, 8, 128, 8, 0.6, 3, 12.5, 12.5, 2, 100, 8, 56.03
SGD, 1, -1, 1, -1, 128, 8, 128, 8, 0.6, 3, 12.5, 12.5, 2, 100, 9, 72.24
SGD, 1, -1, 1, -1, 128, 8, 128, 8, 0.6, 3, 12.5, 12.5, 2, 100, 10, 71.05
SGD, 1, -1, 1, -1, 128, 8, 128, 8, 0.6, 3, 12.5, 12.5, 2, 100, 11, 65.13
SGD, 1, -1, 1, -1, 128, 8, 128, 8, 0.6, 3, 12.5, 12.5, 2, 100, 12, 63.72
SGD, 1, -1, 1, -1, 128, 8, 128, 8, 0.6, 3, 12.5, 12.5, 2, 100, 13, 50.82
SGD, 1, -1, 1, -1, 128, 8, 128, 8, 0.6, 3, 12.5, 12.5, 2, 100, 14, 67.43
SGD, 1, -1, 1, -1, 128, 8, 128, 8, 0.6, 3, 12.5, 12.5, 2, 100, 15, 60.97
SGD, 1, -1, 1, -1, 128, 8, 128, 8, 0.6, 3, 12.5, 12.5, 2, 100, 16, 65.82
SGD, 1, -1, 1, -1, 128, 8, 128, 8, 0.6, 3, 12.5, 12.5, 2, 100, 17, 64.86
SGD, 1, -1, 1, -1, 128, 8, 128, 8, 0.6, 3, 12.5, 12.5, 2, 100, 18, 65.09
SGD, 1, -1, 1, -1, 128, 8, 128, 8, 0.6, 3, 12.5, 12.5, 2, 100, 19, 71.58
SGD, 1, -1, 1, -1, 128, 8, 128, 8, 0.6, 3, 12.5, 12.5, 2, 100, 20, 53.29
SGD, 1, -1, 1, -1, 128, 8, 128, 8, 0.6, 3, 12.5, 12.5, 4, 100, 1, 22.38
SGD, 1, -1, 1, -1, 128, 8, 128, 8, 0.6, 3, 12.5, 12.5, 4, 100, 2, 64.99
SGD, 1, -1, 1, -1, 128, 8, 128, 8, 0.6, 3, 12.5, 12.5, 4, 100, 3, 72.61
SGD, 1, -1, 1, -1, 128, 8, 128, 8, 0.6, 3, 12.5, 12.5, 4, 100, 4, 75.87
SGD, 1, -1, 1, -1, 128, 8, 128, 8, 0.6, 3, 12.5, 12.5, 4, 100, 5, 82.59
SGD, 1, -1, 1, -1, 128, 8, 128, 8, 0.6, 3, 12.5, 12.5, 4, 100, 6, 81.16
SGD, 1, -1, 1, -1, 128, 8, 128, 8, 0.6, 3, 12.5, 12.5, 4, 100, 7, 80.23
SGD, 1, -1, 1, -1, 128, 8, 128, 8, 0.6, 3, 12.5, 12.5, 4, 100, 8, 68.62
SGD, 1, -1, 1, -1, 128, 8, 128, 8, 0.6, 3, 12.5, 12.5, 4, 100, 9, 71.34
SGD, 1, -1, 1, -1, 128, 8, 128, 8, 0.6, 3, 12.5, 12.5, 4, 100, 10, 79.8
SGD, 1, -1, 1, -1, 128, 8, 128, 8, 0.6, 3, 12.5, 12.5, 4, 100, 11, 74.6
SGD, 1, -1, 1, -1, 128, 8, 128, 8, 0.6, 3, 12.5, 12.5, 4, 100, 12, 84.68
SGD, 1, -1, 1, -1, 128, 8, 128, 8, 0.6, 3, 12.5, 12.5, 4, 100, 13, 80.61
SGD, 1, -1, 1, -1, 128, 8, 128, 8, 0.6, 3, 12.5, 12.5, 4, 100, 14, 79.43
SGD, 1, -1, 1, -1, 128, 8, 128, 8, 0.6, 3, 12.5, 12.5, 4, 100, 15, 66.4
SGD, 1, -1, 1, -1, 128, 8, 128, 8, 0.6, 3, 12.5, 12.5, 4, 100, 16, 76.62
SGD, 1, -1, 1, -1, 128, 8, 128, 8, 0.6, 3, 12.5, 12.5, 4, 100, 17, 70.84
SGD, 1, -1, 1, -1, 128, 8, 128, 8, 0.6, 3, 12.5, 12.5, 4, 100, 18, 82.5
SGD, 1, -1, 1, -1, 128, 8, 128, 8, 0.6, 3, 12.5, 12.5, 4, 100, 19, 76.93
SGD, 1, -1, 1, -1, 128, 8, 128, 8, 0.6, 3, 12.5, 12.5, 4, 100, 20, 73.51
SGD, 1, -1, 1, -1, 128, 8, 128, 8, 0.6, 3, 12.5, 12.5, 6, 100, 1, 11.47
SGD, 1, -1, 1, -1, 128, 8, 128, 8, 0.6, 3, 12.5, 12.5, 6, 100, 2, 15.92
SGD, 1, -1, 1, -1, 128, 8, 128, 8, 0.6, 3, 12.5, 12.5, 6, 100, 3, 12.56
SGD, 1, -1, 1, -1, 128, 8, 128, 8, 0.6, 3, 12.5, 12.5, 6, 100, 4, 10.76
SGD, 1, -1, 1, -1, 128, 8, 128, 8, 0.6, 3, 12.5, 12.5, 6, 100, 5, 12.63
SGD, 1, -1, 1, -1, 128, 8, 128, 8, 0.6, 3, 12.5, 12.5, 6, 100, 6, 12.29
SGD, 1, -1, 1, -1, 128, 8, 128, 8, 0.6, 3, 12.5, 12.5, 6, 100, 7, 13.26
SGD, 1, -1, 1, -1, 128, 8, 128, 8, 0.6, 3, 12.5, 12.5, 6, 100, 8, 12.8
SGD, 1, -1, 1, -1, 128, 8, 128, 8, 0.6, 3, 12.5, 12.5, 6, 100, 9, 11.99
SGD, 1, -1, 1, -1, 128, 8, 128, 8, 0.6, 3, 12.5, 12.5, 6, 100, 10, 11.99
SGD, 1, -1, 1, -1, 128, 8, 128, 8, 0.6, 3, 12.5, 12.5, 6, 100, 11, 13.14
SGD, 1, -1, 1, -1, 128, 8, 128, 8, 0.6, 3, 12.5, 12.5, 6, 100, 12, 13.14
SGD, 1, -1, 1, -1, 128, 8, 128, 8, 0.6, 3, 12.5, 12.5, 6, 100, 13, 13.14
SGD, 1, -1, 1, -1, 128, 8, 128, 8, 0.6, 3, 12.5, 12.5, 6, 100, 14, 13.14
SGD, 1, -1, 1, -1, 128, 8, 128, 8, 0.6, 3, 12.5, 12.5, 6, 100, 15, 13.14
SGD, 1, -1, 1, -1, 128, 8, 128, 8, 0.6, 3, 12.5, 12.5, 6, 100, 16, 13.14
SGD, 1, -1, 1, -1, 128, 8, 128, 8, 0.6, 3, 12.5, 12.5, 6, 100, 17, 13.14
SGD, 1, -1, 1, -1, 128, 8, 128, 8, 0.6, 3, 12.5, 12.5, 6, 100, 18, 13.14
SGD, 1, -1, 1, -1, 128, 8, 128, 8, 0.6, 3, 12.5, 12.5, 6, 100, 19, 13.14
SGD, 1, -1, 1, -1, 128, 8, 128, 8, 0.6, 3, 12.5, 12.5, 6, 100, 20, 13.14
SGD, 1, -1, 1, -1, 128, 8, 128, 8, 0.6, 3, 12.5, 12.5, 8, 100, 1, 9.35
SGD, 1, -1, 1, -1, 128, 8, 128, 8, 0.6, 3, 12.5, 12.5, 8, 100, 2, 10.48
SGD, 1, -1, 1, -1, 128, 8, 128, 8, 0.6, 3, 12.5, 12.5, 8, 100, 3, 13.12
SGD, 1, -1, 1, -1, 128, 8, 128, 8, 0.6, 3, 12.5, 12.5, 8, 100, 4, 23.38
SGD, 1, -1, 1, -1, 128, 8, 128, 8, 0.6, 3, 12.5, 12.5, 8, 100, 5, 64.61
SGD, 1, -1, 1, -1, 128, 8, 128, 8, 0.6, 3, 12.5, 12.5, 8, 100, 6, 52.25
SGD, 1, -1, 1, -1, 128, 8, 128, 8, 0.6, 3, 12.5, 12.5, 8, 100, 7, 62.91
SGD, 1, -1, 1, -1, 128, 8, 128, 8, 0.6, 3, 12.5, 12.5, 8, 100, 8, 59.9
SGD, 1, -1, 1, -1, 128, 8, 128, 8, 0.6, 3, 12.5, 12.5, 8, 100, 9, 60.93
SGD, 1, -1, 1, -1, 128, 8, 128, 8, 0.6, 3, 12.5, 12.5, 8, 100, 10, 66.2
SGD, 1, -1, 1, -1, 128, 8, 128, 8, 0.6, 3, 12.5, 12.5, 8, 100, 11, 38.55
SGD, 1, -1, 1, -1, 128, 8, 128, 8, 0.6, 3, 12.5, 12.5, 8, 100, 12, 59.41
SGD, 1, -1, 1, -1, 128, 8, 128, 8, 0.6, 3, 12.5, 12.5, 8, 100, 13, 56.72
SGD, 1, -1, 1, -1, 128, 8, 128, 8, 0.6, 3, 12.5, 12.5, 8, 100, 14, 63.96
SGD, 1, -1, 1, -1, 128, 8, 128, 8, 0.6, 3, 12.5, 12.5, 8, 100, 15, 52.71
SGD, 1, -1, 1, -1, 128, 8, 128, 8, 0.6, 3, 12.5, 12.5, 8, 100, 16, 59.6
SGD, 1, -1, 1, -1, 128, 8, 128, 8, 0.6, 3, 12.5, 12.5, 8, 100, 17, 45.1
SGD, 1, -1, 1, -1, 128, 8, 128, 8, 0.6, 3, 12.5, 12.5, 8, 100, 18, 58.08
SGD, 1, -1, 1, -1, 128, 8, 128, 8, 0.6, 3, 12.5, 12.5, 8, 100, 19, 60.05
SGD, 1, -1, 1, -1, 128, 8, 128, 8, 0.6, 3, 12.5, 12.5, 8, 100, 20, 54.07
SGD, 1, -1, 1, -1, 128, 8, 128, 8, 0.6, 3, 12.5, 12.5, 10, 100, 1, 10.28
SGD, 1, -1, 1, -1, 128, 8, 128, 8, 0.6, 3, 12.5, 12.5, 10, 100, 2, 15.03
SGD, 1, -1, 1, -1, 128, 8, 128, 8, 0.6, 3, 12.5, 12.5, 10, 100, 3, 32.85
SGD, 1, -1, 1, -1, 128, 8, 128, 8, 0.6, 3, 12.5, 12.5, 10, 100, 4, 39.78
SGD, 1, -1, 1, -1, 128, 8, 128, 8, 0.6, 3, 12.5, 12.5, 10, 100, 5, 54.39
SGD, 1, -1, 1, -1, 128, 8, 128, 8, 0.6, 3, 12.5, 12.5, 10, 100, 6, 58.43
SGD, 1, -1, 1, -1, 128, 8, 128, 8, 0.6, 3, 12.5, 12.5, 10, 100, 7, 16.17
SGD, 1, -1, 1, -1, 128, 8, 128, 8, 0.6, 3, 12.5, 12.5, 10, 100, 8, 42.29
SGD, 1, -1, 1, -1, 128, 8, 128, 8, 0.6, 3, 12.5, 12.5, 10, 100, 9, 51.08
SGD, 1, -1, 1, -1, 128, 8, 128, 8, 0.6, 3, 12.5, 12.5, 10, 100, 10, 56.88
SGD, 1, -1, 1, -1, 128, 8, 128, 8, 0.6, 3, 12.5, 12.5, 10, 100, 11, 18.84
SGD, 1, -1, 1, -1, 128, 8, 128, 8, 0.6, 3, 12.5, 12.5, 10, 100, 12, 34.29
SGD, 1, -1, 1, -1, 128, 8, 128, 8, 0.6, 3, 12.5, 12.5, 10, 100, 13, 27.78
SGD, 1, -1, 1, -1, 128, 8, 128, 8, 0.6, 3, 12.5, 12.5, 10, 100, 14, 53.1
SGD, 1, -1, 1, -1, 128, 8, 128, 8, 0.6, 3, 12.5, 12.5, 10, 100, 15, 37.28
SGD, 1, -1, 1, -1, 128, 8, 128, 8, 0.6, 3, 12.5, 12.5, 10, 100, 16, 26.8
SGD, 1, -1, 1, -1, 128, 8, 128, 8, 0.6, 3, 12.5, 12.5, 10, 100, 17, 19.89
SGD, 1, -1, 1, -1, 128, 8, 128, 8, 0.6, 3, 12.5, 12.5, 10, 100, 18, 40.32
SGD, 1, -1, 1, -1, 128, 8, 128, 8, 0.6, 3, 12.5, 12.5, 10, 100, 19, 19.62
SGD, 1, -1, 1, -1, 128, 8, 128, 8, 0.6, 3, 12.5, 12.5, 10, 100, 20, 41.02
SGD, 1, -1, 1, -1, 128, 8, 128, 8, 0.6, 4, 12.5, 12.5, 2, 100, 1, 20.59
SGD, 1, -1, 1, -1, 128, 8, 128, 8, 0.6, 4, 12.5, 12.5, 2, 100, 2, 24.97
SGD, 1, -1, 1, -1, 128, 8, 128, 8, 0.6, 4, 12.5, 12.5, 2, 100, 3, 48.48
SGD, 1, -1, 1, -1, 128, 8, 128, 8, 0.6, 4, 12.5, 12.5, 2, 100, 4, 55.65
SGD, 1, -1, 1, -1, 128, 8, 128, 8, 0.6, 4, 12.5, 12.5, 2, 100, 5, 55.53
SGD, 1, -1, 1, -1, 128, 8, 128, 8, 0.6, 4, 12.5, 12.5, 2, 100, 6, 49.77
SGD, 1, -1, 1, -1, 128, 8, 128, 8, 0.6, 4, 12.5, 12.5, 2, 100, 7, 39.48
SGD, 1, -1, 1, -1, 128, 8, 128, 8, 0.6, 4, 12.5, 12.5, 2, 100, 8, 22.96
SGD, 1, -1, 1, -1, 128, 8, 128, 8, 0.6, 4, 12.5, 12.5, 2, 100, 9, 43.13
SGD, 1, -1, 1, -1, 128, 8, 128, 8, 0.6, 4, 12.5, 12.5, 2, 100, 10, 45.82
SGD, 1, -1, 1, -1, 128, 8, 128, 8, 0.6, 4, 12.5, 12.5, 2, 100, 11, 46.4
SGD, 1, -1, 1, -1, 128, 8, 128, 8, 0.6, 4, 12.5, 12.5, 2, 100, 12, 49.42
SGD, 1, -1, 1, -1, 128, 8, 128, 8, 0.6, 4, 12.5, 12.5, 2, 100, 13, 45.64
SGD, 1, -1, 1, -1, 128, 8, 128, 8, 0.6, 4, 12.5, 12.5, 2, 100, 14, 48.24
SGD, 1, -1, 1, -1, 128, 8, 128, 8, 0.6, 4, 12.5, 12.5, 2, 100, 15, 35.32
SGD, 1, -1, 1, -1, 128, 8, 128, 8, 0.6, 4, 12.5, 12.5, 2, 100, 16, 52.01
SGD, 1, -1, 1, -1, 128, 8, 128, 8, 0.6, 4, 12.5, 12.5, 2, 100, 17, 47.25
SGD, 1, -1, 1, -1, 128, 8, 128, 8, 0.6, 4, 12.5, 12.5, 2, 100, 18, 44.07
SGD, 1, -1, 1, -1, 128, 8, 128, 8, 0.6, 4, 12.5, 12.5, 2, 100, 19, 24.3
SGD, 1, -1, 1, -1, 128, 8, 128, 8, 0.6, 4, 12.5, 12.5, 2, 100, 20, 36.34
SGD, 1, -1, 1, -1, 128, 8, 128, 8, 0.6, 4, 12.5, 12.5, 4, 100, 1, 9.58
SGD, 1, -1, 1, -1, 128, 8, 128, 8, 0.6, 4, 12.5, 12.5, 4, 100, 2, 9.58
SGD, 1, -1, 1, -1, 128, 8, 128, 8, 0.6, 4, 12.5, 12.5, 4, 100, 3, 9.58
SGD, 1, -1, 1, -1, 128, 8, 128, 8, 0.6, 4, 12.5, 12.5, 4, 100, 4, 9.58
SGD, 1, -1, 1, -1, 128, 8, 128, 8, 0.6, 4, 12.5, 12.5, 4, 100, 5, 9.58
SGD, 1, -1, 1, -1, 128, 8, 128, 8, 0.6, 4, 12.5, 12.5, 4, 100, 6, 9.58
SGD, 1, -1, 1, -1, 128, 8, 128, 8, 0.6, 4, 12.5, 12.5, 4, 100, 7, 9.58
SGD, 1, -1, 1, -1, 128, 8, 128, 8, 0.6, 4, 12.5, 12.5, 4, 100, 8, 9.58
SGD, 1, -1, 1, -1, 128, 8, 128, 8, 0.6, 4, 12.5, 12.5, 4, 100, 9, 9.58
SGD, 1, -1, 1, -1, 128, 8, 128, 8, 0.6, 4, 12.5, 12.5, 4, 100, 10, 9.58
SGD, 1, -1, 1, -1, 128, 8, 128, 8, 0.6, 4, 12.5, 12.5, 4, 100, 11, 9.58
SGD, 1, -1, 1, -1, 128, 8, 128, 8, 0.6, 4, 12.5, 12.5, 4, 100, 12, 9.58
SGD, 1, -1, 1, -1, 128, 8, 128, 8, 0.6, 4, 12.5, 12.5, 4, 100, 13, 9.58
SGD, 1, -1, 1, -1, 128, 8, 128, 8, 0.6, 4, 12.5, 12.5, 4, 100, 14, 9.58
SGD, 1, -1, 1, -1, 128, 8, 128, 8, 0.6, 4, 12.5, 12.5, 4, 100, 15, 9.58
SGD, 1, -1, 1, -1, 128, 8, 128, 8, 0.6, 4, 12.5, 12.5, 4, 100, 16, 9.58
SGD, 1, -1, 1, -1, 128, 8, 128, 8, 0.6, 4, 12.5, 12.5, 4, 100, 17, 9.87
SGD, 1, -1, 1, -1, 128, 8, 128, 8, 0.6, 4, 12.5, 12.5, 4, 100, 18, 13.25
SGD, 1, -1, 1, -1, 128, 8, 128, 8, 0.6, 4, 12.5, 12.5, 4, 100, 19, 18.79
SGD, 1, -1, 1, -1, 128, 8, 128, 8, 0.6, 4, 12.5, 12.5, 4, 100, 20, 18.79
SGD, 1, -1, 1, -1, 128, 8, 128, 8, 0.6, 4, 12.5, 12.5, 6, 100, 1, 10.73
SGD, 1, -1, 1, -1, 128, 8, 128, 8, 0.6, 4, 12.5, 12.5, 6, 100, 2, 12.93
SGD, 1, -1, 1, -1, 128, 8, 128, 8, 0.6, 4, 12.5, 12.5, 6, 100, 3, 21.12
SGD, 1, -1, 1, -1, 128, 8, 128, 8, 0.6, 4, 12.5, 12.5, 6, 100, 4, 20.05
SGD, 1, -1, 1, -1, 128, 8, 128, 8, 0.6, 4, 12.5, 12.5, 6, 100, 5, 66.23
SGD, 1, -1, 1, -1, 128, 8, 128, 8, 0.6, 4, 12.5, 12.5, 6, 100, 6, 51.14
SGD, 1, -1, 1, -1, 128, 8, 128, 8, 0.6, 4, 12.5, 12.5, 6, 100, 7, 70.41
SGD, 1, -1, 1, -1, 128, 8, 128, 8, 0.6, 4, 12.5, 12.5, 6, 100, 8, 71.35
SGD, 1, -1, 1, -1, 128, 8, 128, 8, 0.6, 4, 12.5, 12.5, 6, 100, 9, 69.73
SGD, 1, -1, 1, -1, 128, 8, 128, 8, 0.6, 4, 12.5, 12.5, 6, 100, 10, 76.28
SGD, 1, -1, 1, -1, 128, 8, 128, 8, 0.6, 4, 12.5, 12.5, 6, 100, 11, 66.72
SGD, 1, -1, 1, -1, 128, 8, 128, 8, 0.6, 4, 12.5, 12.5, 6, 100, 12, 68.67
SGD, 1, -1, 1, -1, 128, 8, 128, 8, 0.6, 4, 12.5, 12.5, 6, 100, 13, 75.72
SGD, 1, -1, 1, -1, 128, 8, 128, 8, 0.6, 4, 12.5, 12.5, 6, 100, 14, 70.83
SGD, 1, -1, 1, -1, 128, 8, 128, 8, 0.6, 4, 12.5, 12.5, 6, 100, 15, 48.35
SGD, 1, -1, 1, -1, 128, 8, 128, 8, 0.6, 4, 12.5, 12.5, 6, 100, 16, 64.8
SGD, 1, -1, 1, -1, 128, 8, 128, 8, 0.6, 4, 12.5, 12.5, 6, 100, 17, 65.66
SGD, 1, -1, 1, -1, 128, 8, 128, 8, 0.6, 4, 12.5, 12.5, 6, 100, 18, 72.94
SGD, 1, -1, 1, -1, 128, 8, 128, 8, 0.6, 4, 12.5, 12.5, 6, 100, 19, 64.44
SGD, 1, -1, 1, -1, 128, 8, 128, 8, 0.6, 4, 12.5, 12.5, 6, 100, 20, 61.05
SGD, 1, -1, 1, -1, 128, 8, 128, 8, 0.6, 4, 12.5, 12.5, 8, 100, 1, 9.82
SGD, 1, -1, 1, -1, 128, 8, 128, 8, 0.6, 4, 12.5, 12.5, 8, 100, 2, 9.82
SGD, 1, -1, 1, -1, 128, 8, 128, 8, 0.6, 4, 12.5, 12.5, 8, 100, 3, 9.82
SGD, 1, -1, 1, -1, 128, 8, 128, 8, 0.6, 4, 12.5, 12.5, 8, 100, 4, 9.82
SGD, 1, -1, 1, -1, 128, 8, 128, 8, 0.6, 4, 12.5, 12.5, 8, 100, 5, 9.82
SGD, 1, -1, 1, -1, 128, 8, 128, 8, 0.6, 4, 12.5, 12.5, 8, 100, 6, 9.82
SGD, 1, -1, 1, -1, 128, 8, 128, 8, 0.6, 4, 12.5, 12.5, 8, 100, 7, 9.82
SGD, 1, -1, 1, -1, 128, 8, 128, 8, 0.6, 4, 12.5, 12.5, 8, 100, 8, 9.82
SGD, 1, -1, 1, -1, 128, 8, 128, 8, 0.6, 4, 12.5, 12.5, 8, 100, 9, 9.82
SGD, 1, -1, 1, -1, 128, 8, 128, 8, 0.6, 4, 12.5, 12.5, 8, 100, 10, 9.82
SGD, 1, -1, 1, -1, 128, 8, 128, 8, 0.6, 4, 12.5, 12.5, 8, 100, 11, 9.82
SGD, 1, -1, 1, -1, 128, 8, 128, 8, 0.6, 4, 12.5, 12.5, 8, 100, 12, 9.82
SGD, 1, -1, 1, -1, 128, 8, 128, 8, 0.6, 4, 12.5, 12.5, 8, 100, 13, 9.82
SGD, 1, -1, 1, -1, 128, 8, 128, 8, 0.6, 4, 12.5, 12.5, 8, 100, 14, 9.82
SGD, 1, -1, 1, -1, 128, 8, 128, 8, 0.6, 4, 12.5, 12.5, 8, 100, 15, 9.82
SGD, 1, -1, 1, -1, 128, 8, 128, 8, 0.6, 4, 12.5, 12.5, 8, 100, 16, 9.82
SGD, 1, -1, 1, -1, 128, 8, 128, 8, 0.6, 4, 12.5, 12.5, 8, 100, 17, 9.82
SGD, 1, -1, 1, -1, 128, 8, 128, 8, 0.6, 4, 12.5, 12.5, 8, 100, 18, 9.82
SGD, 1, -1, 1, -1, 128, 8, 128, 8, 0.6, 4, 12.5, 12.5, 8, 100, 19, 16.96
SGD, 1, -1, 1, -1, 128, 8, 128, 8, 0.6, 4, 12.5, 12.5, 8, 100, 20, 9.82
SGD, 1, -1, 1, -1, 128, 8, 128, 8, 0.6, 4, 12.5, 12.5, 10, 100, 1, 19.84
SGD, 1, -1, 1, -1, 128, 8, 128, 8, 0.6, 4, 12.5, 12.5, 10, 100, 2, 19.63
SGD, 1, -1, 1, -1, 128, 8, 128, 8, 0.6, 4, 12.5, 12.5, 10, 100, 3, 11.35
SGD, 1, -1, 1, -1, 128, 8, 128, 8, 0.6, 4, 12.5, 12.5, 10, 100, 4, 11.35
SGD, 1, -1, 1, -1, 128, 8, 128, 8, 0.6, 4, 12.5, 12.5, 10, 100, 5, 11.35
SGD, 1, -1, 1, -1, 128, 8, 128, 8, 0.6, 4, 12.5, 12.5, 10, 100, 6, 11.35
SGD, 1, -1, 1, -1, 128, 8, 128, 8, 0.6, 4, 12.5, 12.5, 10, 100, 7, 11.35
SGD, 1, -1, 1, -1, 128, 8, 128, 8, 0.6, 4, 12.5, 12.5, 10, 100, 8, 11.35
SGD, 1, -1, 1, -1, 128, 8, 128, 8, 0.6, 4, 12.5, 12.5, 10, 100, 9, 11.35
SGD, 1, -1, 1, -1, 128, 8, 128, 8, 0.6, 4, 12.5, 12.5, 10, 100, 10, 11.35
SGD, 1, -1, 1, -1, 128, 8, 128, 8, 0.6, 4, 12.5, 12.5, 10, 100, 11, 11.35
SGD, 1, -1, 1, -1, 128, 8, 128, 8, 0.6, 4, 12.5, 12.5, 10, 100, 12, 11.35
SGD, 1, -1, 1, -1, 128, 8, 128, 8, 0.6, 4, 12.5, 12.5, 10, 100, 13, 11.35
SGD, 1, -1, 1, -1, 128, 8, 128, 8, 0.6, 4, 12.5, 12.5, 10, 100, 14, 11.35
SGD, 1, -1, 1, -1, 128, 8, 128, 8, 0.6, 4, 12.5, 12.5, 10, 100, 15, 11.35
SGD, 1, -1, 1, -1, 128, 8, 128, 8, 0.6, 4, 12.5, 12.5, 10, 100, 16, 11.35
SGD, 1, -1, 1, -1, 128, 8, 128, 8, 0.6, 4, 12.5, 12.5, 10, 100, 17, 11.35
SGD, 1, -1, 1, -1, 128, 8, 128, 8, 0.6, 4, 12.5, 12.5, 10, 100, 18, 11.35
SGD, 1, -1, 1, -1, 128, 8, 128, 8, 0.6, 4, 12.5, 12.5, 10, 100, 19, 11.35
SGD, 1, -1, 1, -1, 128, 8, 128, 8, 0.6, 4, 12.5, 12.5, 10, 100, 20, 11.35
SGD, 1, -1, 1, -1, 128, 8, 128, 8, 0.6, 5, 12.5, 12.5, 2, 100, 1, 13.42
SGD, 1, -1, 1, -1, 128, 8, 128, 8, 0.6, 5, 12.5, 12.5, 2, 100, 2, 24.89
SGD, 1, -1, 1, -1, 128, 8, 128, 8, 0.6, 5, 12.5, 12.5, 2, 100, 3, 38.43
SGD, 1, -1, 1, -1, 128, 8, 128, 8, 0.6, 5, 12.5, 12.5, 2, 100, 4, 43.44
SGD, 1, -1, 1, -1, 128, 8, 128, 8, 0.6, 5, 12.5, 12.5, 2, 100, 5, 39.03
SGD, 1, -1, 1, -1, 128, 8, 128, 8, 0.6, 5, 12.5, 12.5, 2, 100, 6, 28.41
SGD, 1, -1, 1, -1, 128, 8, 128, 8, 0.6, 5, 12.5, 12.5, 2, 100, 7, 27.73
SGD, 1, -1, 1, -1, 128, 8, 128, 8, 0.6, 5, 12.5, 12.5, 2, 100, 8, 22.99
SGD, 1, -1, 1, -1, 128, 8, 128, 8, 0.6, 5, 12.5, 12.5, 2, 100, 9, 44.08
SGD, 1, -1, 1, -1, 128, 8, 128, 8, 0.6, 5, 12.5, 12.5, 2, 100, 10, 39.12
SGD, 1, -1, 1, -1, 128, 8, 128, 8, 0.6, 5, 12.5, 12.5, 2, 100, 11, 27.54
SGD, 1, -1, 1, -1, 128, 8, 128, 8, 0.6, 5, 12.5, 12.5, 2, 100, 12, 38.63
SGD, 1, -1, 1, -1, 128, 8, 128, 8, 0.6, 5, 12.5, 12.5, 2, 100, 13, 23.17
SGD, 1, -1, 1, -1, 128, 8, 128, 8, 0.6, 5, 12.5, 12.5, 2, 100, 14, 27.13
SGD, 1, -1, 1, -1, 128, 8, 128, 8, 0.6, 5, 12.5, 12.5, 2, 100, 15, 12
SGD, 1, -1, 1, -1, 128, 8, 128, 8, 0.6, 5, 12.5, 12.5, 2, 100, 16, 22.58
SGD, 1, -1, 1, -1, 128, 8, 128, 8, 0.6, 5, 12.5, 12.5, 2, 100, 17, 43.74
SGD, 1, -1, 1, -1, 128, 8, 128, 8, 0.6, 5, 12.5, 12.5, 2, 100, 18, 29.95
SGD, 1, -1, 1, -1, 128, 8, 128, 8, 0.6, 5, 12.5, 12.5, 2, 100, 19, 20.97
SGD, 1, -1, 1, -1, 128, 8, 128, 8, 0.6, 5, 12.5, 12.5, 2, 100, 20, 24.25
SGD, 1, -1, 1, -1, 128, 8, 128, 8, 0.6, 5, 12.5, 12.5, 4, 100, 1, 9.74
SGD, 1, -1, 1, -1, 128, 8, 128, 8, 0.6, 5, 12.5, 12.5, 4, 100, 2, 16.68
SGD, 1, -1, 1, -1, 128, 8, 128, 8, 0.6, 5, 12.5, 12.5, 4, 100, 3, 16.68
SGD, 1, -1, 1, -1, 128, 8, 128, 8, 0.6, 5, 12.5, 12.5, 4, 100, 4, 16.65
SGD, 1, -1, 1, -1, 128, 8, 128, 8, 0.6, 5, 12.5, 12.5, 4, 100, 5, 12.65
SGD, 1, -1, 1, -1, 128, 8, 128, 8, 0.6, 5, 12.5, 12.5, 4, 100, 6, 16.42
SGD, 1, -1, 1, -1, 128, 8, 128, 8, 0.6, 5, 12.5, 12.5, 4, 100, 7, 11.91
SGD, 1, -1, 1, -1, 128, 8, 128, 8, 0.6, 5, 12.5, 12.5, 4, 100, 8, 11.91
SGD, 1, -1, 1, -1, 128, 8, 128, 8, 0.6, 5, 12.5, 12.5, 4, 100, 9, 11.75
SGD, 1, -1, 1, -1, 128, 8, 128, 8, 0.6, 5, 12.5, 12.5, 4, 100, 10, 11.75
SGD, 1, -1, 1, -1, 128, 8, 128, 8, 0.6, 5, 12.5, 12.5, 4, 100, 11, 11.57
SGD, 1, -1, 1, -1, 128, 8, 128, 8, 0.6, 5, 12.5, 12.5, 4, 100, 12, 13.99
SGD, 1, -1, 1, -1, 128, 8, 128, 8, 0.6, 5, 12.5, 12.5, 4, 100, 13, 16.44
SGD, 1, -1, 1, -1, 128, 8, 128, 8, 0.6, 5, 12.5, 12.5, 4, 100, 14, 14.16
SGD, 1, -1, 1, -1, 128, 8, 128, 8, 0.6, 5, 12.5, 12.5, 4, 100, 15, 12.8
SGD, 1, -1, 1, -1, 128, 8, 128, 8, 0.6, 5, 12.5, 12.5, 4, 100, 16, 15.92
SGD, 1, -1, 1, -1, 128, 8, 128, 8, 0.6, 5, 12.5, 12.5, 4, 100, 17, 15.14
SGD, 1, -1, 1, -1, 128, 8, 128, 8, 0.6, 5, 12.5, 12.5, 4, 100, 18, 14.58
SGD, 1, -1, 1, -1, 128, 8, 128, 8, 0.6, 5, 12.5, 12.5, 4, 100, 19, 13.7
SGD, 1, -1, 1, -1, 128, 8, 128, 8, 0.6, 5, 12.5, 12.5, 4, 100, 20, 18.32
SGD, 1, -1, 1, -1, 128, 8, 128, 8, 0.6, 5, 12.5, 12.5, 6, 100, 1, 9.58
SGD, 1, -1, 1, -1, 128, 8, 128, 8, 0.6, 5, 12.5, 12.5, 6, 100, 2, 9.58
SGD, 1, -1, 1, -1, 128, 8, 128, 8, 0.6, 5, 12.5, 12.5, 6, 100, 3, 9.58
SGD, 1, -1, 1, -1, 128, 8, 128, 8, 0.6, 5, 12.5, 12.5, 6, 100, 4, 9.58
SGD, 1, -1, 1, -1, 128, 8, 128, 8, 0.6, 5, 12.5, 12.5, 6, 100, 5, 9.58
SGD, 1, -1, 1, -1, 128, 8, 128, 8, 0.6, 5, 12.5, 12.5, 6, 100, 6, 9.58
SGD, 1, -1, 1, -1, 128, 8, 128, 8, 0.6, 5, 12.5, 12.5, 6, 100, 7, 9.58
SGD, 1, -1, 1, -1, 128, 8, 128, 8, 0.6, 5, 12.5, 12.5, 6, 100, 8, 13.92
SGD, 1, -1, 1, -1, 128, 8, 128, 8, 0.6, 5, 12.5, 12.5, 6, 100, 9, 13.92
SGD, 1, -1, 1, -1, 128, 8, 128, 8, 0.6, 5, 12.5, 12.5, 6, 100, 10, 10.25
SGD, 1, -1, 1, -1, 128, 8, 128, 8, 0.6, 5, 12.5, 12.5, 6, 100, 11, 9.58
SGD, 1, -1, 1, -1, 128, 8, 128, 8, 0.6, 5, 12.5, 12.5, 6, 100, 12, 9.58
SGD, 1, -1, 1, -1, 128, 8, 128, 8, 0.6, 5, 12.5, 12.5, 6, 100, 13, 9.58
SGD, 1, -1, 1, -1, 128, 8, 128, 8, 0.6, 5, 12.5, 12.5, 6, 100, 14, 9.58
SGD, 1, -1, 1, -1, 128, 8, 128, 8, 0.6, 5, 12.5, 12.5, 6, 100, 15, 9.58
SGD, 1, -1, 1, -1, 128, 8, 128, 8, 0.6, 5, 12.5, 12.5, 6, 100, 16, 9.58
SGD, 1, -1, 1, -1, 128, 8, 128, 8, 0.6, 5, 12.5, 12.5, 6, 100, 17, 9.58
SGD, 1, -1, 1, -1, 128, 8, 128, 8, 0.6, 5, 12.5, 12.5, 6, 100, 18, 9.58
SGD, 1, -1, 1, -1, 128, 8, 128, 8, 0.6, 5, 12.5, 12.5, 6, 100, 19, 9.58
SGD, 1, -1, 1, -1, 128, 8, 128, 8, 0.6, 5, 12.5, 12.5, 6, 100, 20, 9.58
SGD, 1, -1, 1, -1, 128, 8, 128, 8, 0.6, 5, 12.5, 12.5, 8, 100, 1, 9.36
SGD, 1, -1, 1, -1, 128, 8, 128, 8, 0.6, 5, 12.5, 12.5, 8, 100, 2, 9.49
SGD, 1, -1, 1, -1, 128, 8, 128, 8, 0.6, 5, 12.5, 12.5, 8, 100, 3, 9.8
SGD, 1, -1, 1, -1, 128, 8, 128, 8, 0.6, 5, 12.5, 12.5, 8, 100, 4, 9.8
SGD, 1, -1, 1, -1, 128, 8, 128, 8, 0.6, 5, 12.5, 12.5, 8, 100, 5, 9.8
SGD, 1, -1, 1, -1, 128, 8, 128, 8, 0.6, 5, 12.5, 12.5, 8, 100, 6, 16.23
SGD, 1, -1, 1, -1, 128, 8, 128, 8, 0.6, 5, 12.5, 12.5, 8, 100, 7, 16.23
SGD, 1, -1, 1, -1, 128, 8, 128, 8, 0.6, 5, 12.5, 12.5, 8, 100, 8, 16.04
SGD, 1, -1, 1, -1, 128, 8, 128, 8, 0.6, 5, 12.5, 12.5, 8, 100, 9, 16.04
SGD, 1, -1, 1, -1, 128, 8, 128, 8, 0.6, 5, 12.5, 12.5, 8, 100, 10, 15.6
SGD, 1, -1, 1, -1, 128, 8, 128, 8, 0.6, 5, 12.5, 12.5, 8, 100, 11, 15.6
SGD, 1, -1, 1, -1, 128, 8, 128, 8, 0.6, 5, 12.5, 12.5, 8, 100, 12, 15.6
SGD, 1, -1, 1, -1, 128, 8, 128, 8, 0.6, 5, 12.5, 12.5, 8, 100, 13, 15.68
SGD, 1, -1, 1, -1, 128, 8, 128, 8, 0.6, 5, 12.5, 12.5, 8, 100, 14, 15.68
SGD, 1, -1, 1, -1, 128, 8, 128, 8, 0.6, 5, 12.5, 12.5, 8, 100, 15, 15.68
SGD, 1, -1, 1, -1, 128, 8, 128, 8, 0.6, 5, 12.5, 12.5, 8, 100, 16, 15.68
SGD, 1, -1, 1, -1, 128, 8, 128, 8, 0.6, 5, 12.5, 12.5, 8, 100, 17, 15.68
SGD, 1, -1, 1, -1, 128, 8, 128, 8, 0.6, 5, 12.5, 12.5, 8, 100, 18, 16.01
SGD, 1, -1, 1, -1, 128, 8, 128, 8, 0.6, 5, 12.5, 12.5, 8, 100, 19, 16.01
SGD, 1, -1, 1, -1, 128, 8, 128, 8, 0.6, 5, 12.5, 12.5, 8, 100, 20, 15.73
SGD, 1, -1, 1, -1, 128, 8, 128, 8, 0.6, 5, 12.5, 12.5, 10, 100, 1, 9.74
SGD, 1, -1, 1, -1, 128, 8, 128, 8, 0.6, 5, 12.5, 12.5, 10, 100, 2, 11.55
SGD, 1, -1, 1, -1, 128, 8, 128, 8, 0.6, 5, 12.5, 12.5, 10, 100, 3, 11.59
SGD, 1, -1, 1, -1, 128, 8, 128, 8, 0.6, 5, 12.5, 12.5, 10, 100, 4, 11.53
SGD, 1, -1, 1, -1, 128, 8, 128, 8, 0.6, 5, 12.5, 12.5, 10, 100, 5, 11.42
SGD, 1, -1, 1, -1, 128, 8, 128, 8, 0.6, 5, 12.5, 12.5, 10, 100, 6, 11.74
SGD, 1, -1, 1, -1, 128, 8, 128, 8, 0.6, 5, 12.5, 12.5, 10, 100, 7, 11.52
SGD, 1, -1, 1, -1, 128, 8, 128, 8, 0.6, 5, 12.5, 12.5, 10, 100, 8, 11.47
SGD, 1, -1, 1, -1, 128, 8, 128, 8, 0.6, 5, 12.5, 12.5, 10, 100, 9, 11.01
SGD, 1, -1, 1, -1, 128, 8, 128, 8, 0.6, 5, 12.5, 12.5, 10, 100, 10, 10.95
SGD, 1, -1, 1, -1, 128, 8, 128, 8, 0.6, 5, 12.5, 12.5, 10, 100, 11, 11.07
SGD, 1, -1, 1, -1, 128, 8, 128, 8, 0.6, 5, 12.5, 12.5, 10, 100, 12, 11.07
SGD, 1, -1, 1, -1, 128, 8, 128, 8, 0.6, 5, 12.5, 12.5, 10, 100, 13, 11.07
SGD, 1, -1, 1, -1, 128, 8, 128, 8, 0.6, 5, 12.5, 12.5, 10, 100, 14, 11.07
SGD, 1, -1, 1, -1, 128, 8, 128, 8, 0.6, 5, 12.5, 12.5, 10, 100, 15, 11.07
SGD, 1, -1, 1, -1, 128, 8, 128, 8, 0.6, 5, 12.5, 12.5, 10, 100, 16, 11.07
SGD, 1, -1, 1, -1, 128, 8, 128, 8, 0.6, 5, 12.5, 12.5, 10, 100, 17, 11.1
SGD, 1, -1, 1, -1, 128, 8, 128, 8, 0.6, 5, 12.5, 12.5, 10, 100, 18, 11.1
SGD, 1, -1, 1, -1, 128, 8, 128, 8, 0.6, 5, 12.5, 12.5, 10, 100, 19, 11.1
SGD, 1, -1, 1, -1, 128, 8, 128, 8, 0.6, 5, 12.5, 12.5, 10, 100, 20, 10.92
SGD, 1, -1, 1, -1, 128, 8, 128, 8, 0.6, 6, 12.5, 12.5, 2, 100, 1, 21.36
SGD, 1, -1, 1, -1, 128, 8, 128, 8, 0.6, 6, 12.5, 12.5, 2, 100, 2, 11.35
SGD, 1, -1, 1, -1, 128, 8, 128, 8, 0.6, 6, 12.5, 12.5, 2, 100, 3, 29.69
SGD, 1, -1, 1, -1, 128, 8, 128, 8, 0.6, 6, 12.5, 12.5, 2, 100, 4, 35.86
SGD, 1, -1, 1, -1, 128, 8, 128, 8, 0.6, 6, 12.5, 12.5, 2, 100, 5, 21.42
SGD, 1, -1, 1, -1, 128, 8, 128, 8, 0.6, 6, 12.5, 12.5, 2, 100, 6, 16.31
SGD, 1, -1, 1, -1, 128, 8, 128, 8, 0.6, 6, 12.5, 12.5, 2, 100, 7, 26.16
SGD, 1, -1, 1, -1, 128, 8, 128, 8, 0.6, 6, 12.5, 12.5, 2, 100, 8, 15.06
SGD, 1, -1, 1, -1, 128, 8, 128, 8, 0.6, 6, 12.5, 12.5, 2, 100, 9, 29.17
SGD, 1, -1, 1, -1, 128, 8, 128, 8, 0.6, 6, 12.5, 12.5, 2, 100, 10, 36.51
SGD, 1, -1, 1, -1, 128, 8, 128, 8, 0.6, 6, 12.5, 12.5, 2, 100, 11, 33.4
SGD, 1, -1, 1, -1, 128, 8, 128, 8, 0.6, 6, 12.5, 12.5, 2, 100, 12, 19.41
SGD, 1, -1, 1, -1, 128, 8, 128, 8, 0.6, 6, 12.5, 12.5, 2, 100, 13, 10.63
SGD, 1, -1, 1, -1, 128, 8, 128, 8, 0.6, 6, 12.5, 12.5, 2, 100, 14, 20.83
SGD, 1, -1, 1, -1, 128, 8, 128, 8, 0.6, 6, 12.5, 12.5, 2, 100, 15, 25.78
SGD, 1, -1, 1, -1, 128, 8, 128, 8, 0.6, 6, 12.5, 12.5, 2, 100, 16, 20.34
SGD, 1, -1, 1, -1, 128, 8, 128, 8, 0.6, 6, 12.5, 12.5, 2, 100, 17, 19.6
SGD, 1, -1, 1, -1, 128, 8, 128, 8, 0.6, 6, 12.5, 12.5, 2, 100, 18, 27.21
SGD, 1, -1, 1, -1, 128, 8, 128, 8, 0.6, 6, 12.5, 12.5, 2, 100, 19, 20.98
SGD, 1, -1, 1, -1, 128, 8, 128, 8, 0.6, 6, 12.5, 12.5, 2, 100, 20, 25.44
SGD, 1, -1, 1, -1, 128, 8, 128, 8, 0.6, 6, 12.5, 12.5, 4, 100, 1, 14.51
SGD, 1, -1, 1, -1, 128, 8, 128, 8, 0.6, 6, 12.5, 12.5, 4, 100, 2, 12.6
SGD, 1, -1, 1, -1, 128, 8, 128, 8, 0.6, 6, 12.5, 12.5, 4, 100, 3, 10.87
SGD, 1, -1, 1, -1, 128, 8, 128, 8, 0.6, 6, 12.5, 12.5, 4, 100, 4, 20.45
SGD, 1, -1, 1, -1, 128, 8, 128, 8, 0.6, 6, 12.5, 12.5, 4, 100, 5, 26.02
SGD, 1, -1, 1, -1, 128, 8, 128, 8, 0.6, 6, 12.5, 12.5, 4, 100, 6, 26.02
SGD, 1, -1, 1, -1, 128, 8, 128, 8, 0.6, 6, 12.5, 12.5, 4, 100, 7, 20.44
SGD, 1, -1, 1, -1, 128, 8, 128, 8, 0.6, 6, 12.5, 12.5, 4, 100, 8, 20.44
SGD, 1, -1, 1, -1, 128, 8, 128, 8, 0.6, 6, 12.5, 12.5, 4, 100, 9, 20.44
SGD, 1, -1, 1, -1, 128, 8, 128, 8, 0.6, 6, 12.5, 12.5, 4, 100, 10, 20.44
SGD, 1, -1, 1, -1, 128, 8, 128, 8, 0.6, 6, 12.5, 12.5, 4, 100, 11, 20.44
SGD, 1, -1, 1, -1, 128, 8, 128, 8, 0.6, 6, 12.5, 12.5, 4, 100, 12, 20.44
SGD, 1, -1, 1, -1, 128, 8, 128, 8, 0.6, 6, 12.5, 12.5, 4, 100, 13, 20.44
SGD, 1, -1, 1, -1, 128, 8, 128, 8, 0.6, 6, 12.5, 12.5, 4, 100, 14, 20.44
SGD, 1, -1, 1, -1, 128, 8, 128, 8, 0.6, 6, 12.5, 12.5, 4, 100, 15, 20.44
SGD, 1, -1, 1, -1, 128, 8, 128, 8, 0.6, 6, 12.5, 12.5, 4, 100, 16, 20.44
SGD, 1, -1, 1, -1, 128, 8, 128, 8, 0.6, 6, 12.5, 12.5, 4, 100, 17, 20.44
SGD, 1, -1, 1, -1, 128, 8, 128, 8, 0.6, 6, 12.5, 12.5, 4, 100, 18, 20.44
SGD, 1, -1, 1, -1, 128, 8, 128, 8, 0.6, 6, 12.5, 12.5, 4, 100, 19, 20.44
SGD, 1, -1, 1, -1, 128, 8, 128, 8, 0.6, 6, 12.5, 12.5, 4, 100, 20, 20.44
SGD, 1, -1, 1, -1, 128, 8, 128, 8, 0.6, 6, 12.5, 12.5, 6, 100, 1, 8.92
SGD, 1, -1, 1, -1, 128, 8, 128, 8, 0.6, 6, 12.5, 12.5, 6, 100, 2, 8.92
SGD, 1, -1, 1, -1, 128, 8, 128, 8, 0.6, 6, 12.5, 12.5, 6, 100, 3, 12.78
SGD, 1, -1, 1, -1, 128, 8, 128, 8, 0.6, 6, 12.5, 12.5, 6, 100, 4, 12.78
SGD, 1, -1, 1, -1, 128, 8, 128, 8, 0.6, 6, 12.5, 12.5, 6, 100, 5, 12.82
SGD, 1, -1, 1, -1, 128, 8, 128, 8, 0.6, 6, 12.5, 12.5, 6, 100, 6, 8.92
SGD, 1, -1, 1, -1, 128, 8, 128, 8, 0.6, 6, 12.5, 12.5, 6, 100, 7, 8.92
SGD, 1, -1, 1, -1, 128, 8, 128, 8, 0.6, 6, 12.5, 12.5, 6, 100, 8, 8.92
SGD, 1, -1, 1, -1, 128, 8, 128, 8, 0.6, 6, 12.5, 12.5, 6, 100, 9, 8.92
SGD, 1, -1, 1, -1, 128, 8, 128, 8, 0.6, 6, 12.5, 12.5, 6, 100, 10, 8.92
SGD, 1, -1, 1, -1, 128, 8, 128, 8, 0.6, 6, 12.5, 12.5, 6, 100, 11, 8.92
SGD, 1, -1, 1, -1, 128, 8, 128, 8, 0.6, 6, 12.5, 12.5, 6, 100, 12, 8.92
SGD, 1, -1, 1, -1, 128, 8, 128, 8, 0.6, 6, 12.5, 12.5, 6, 100, 13, 8.92
SGD, 1, -1, 1, -1, 128, 8, 128, 8, 0.6, 6, 12.5, 12.5, 6, 100, 14, 8.92
SGD, 1, -1, 1, -1, 128, 8, 128, 8, 0.6, 6, 12.5, 12.5, 6, 100, 15, 8.92
SGD, 1, -1, 1, -1, 128, 8, 128, 8, 0.6, 6, 12.5, 12.5, 6, 100, 16, 8.92
SGD, 1, -1, 1, -1, 128, 8, 128, 8, 0.6, 6, 12.5, 12.5, 6, 100, 17, 8.92
SGD, 1, -1, 1, -1, 128, 8, 128, 8, 0.6, 6, 12.5, 12.5, 6, 100, 18, 8.92
SGD, 1, -1, 1, -1, 128, 8, 128, 8, 0.6, 6, 12.5, 12.5, 6, 100, 19, 8.92
SGD, 1, -1, 1, -1, 128, 8, 128, 8, 0.6, 6, 12.5, 12.5, 6, 100, 20, 8.92
SGD, 1, -1, 1, -1, 128, 8, 128, 8, 0.6, 6, 12.5, 12.5, 8, 100, 1, 19.31
SGD, 1, -1, 1, -1, 128, 8, 128, 8, 0.6, 6, 12.5, 12.5, 8, 100, 2, 19.34
SGD, 1, -1, 1, -1, 128, 8, 128, 8, 0.6, 6, 12.5, 12.5, 8, 100, 3, 19.34
SGD, 1, -1, 1, -1, 128, 8, 128, 8, 0.6, 6, 12.5, 12.5, 8, 100, 4, 20.09
SGD, 1, -1, 1, -1, 128, 8, 128, 8, 0.6, 6, 12.5, 12.5, 8, 100, 5, 21.83
SGD, 1, -1, 1, -1, 128, 8, 128, 8, 0.6, 6, 12.5, 12.5, 8, 100, 6, 19.75
SGD, 1, -1, 1, -1, 128, 8, 128, 8, 0.6, 6, 12.5, 12.5, 8, 100, 7, 19.71
SGD, 1, -1, 1, -1, 128, 8, 128, 8, 0.6, 6, 12.5, 12.5, 8, 100, 8, 12.93
SGD, 1, -1, 1, -1, 128, 8, 128, 8, 0.6, 6, 12.5, 12.5, 8, 100, 9, 10.1
SGD, 1, -1, 1, -1, 128, 8, 128, 8, 0.6, 6, 12.5, 12.5, 8, 100, 10, 17.19
SGD, 1, -1, 1, -1, 128, 8, 128, 8, 0.6, 6, 12.5, 12.5, 8, 100, 11, 15.14
SGD, 1, -1, 1, -1, 128, 8, 128, 8, 0.6, 6, 12.5, 12.5, 8, 100, 12, 14.85
SGD, 1, -1, 1, -1, 128, 8, 128, 8, 0.6, 6, 12.5, 12.5, 8, 100, 13, 14.8
SGD, 1, -1, 1, -1, 128, 8, 128, 8, 0.6, 6, 12.5, 12.5, 8, 100, 14, 13.74
SGD, 1, -1, 1, -1, 128, 8, 128, 8, 0.6, 6, 12.5, 12.5, 8, 100, 15, 17.05
SGD, 1, -1, 1, -1, 128, 8, 128, 8, 0.6, 6, 12.5, 12.5, 8, 100, 16, 17.08
SGD, 1, -1, 1, -1, 128, 8, 128, 8, 0.6, 6, 12.5, 12.5, 8, 100, 17, 16.98
SGD, 1, -1, 1, -1, 128, 8, 128, 8, 0.6, 6, 12.5, 12.5, 8, 100, 18, 17.72
SGD, 1, -1, 1, -1, 128, 8, 128, 8, 0.6, 6, 12.5, 12.5, 8, 100, 19, 10.1
SGD, 1, -1, 1, -1, 128, 8, 128, 8, 0.6, 6, 12.5, 12.5, 8, 100, 20, 10.1
SGD, 1, -1, 1, -1, 128, 8, 128, 8, 0.6, 6, 12.5, 12.5, 10, 100, 1, 11.18
SGD, 1, -1, 1, -1, 128, 8, 128, 8, 0.6, 6, 12.5, 12.5, 10, 100, 2, 15.4
SGD, 1, -1, 1, -1, 128, 8, 128, 8, 0.6, 6, 12.5, 12.5, 10, 100, 3, 15.43
SGD, 1, -1, 1, -1, 128, 8, 128, 8, 0.6, 6, 12.5, 12.5, 10, 100, 4, 16.62
SGD, 1, -1, 1, -1, 128, 8, 128, 8, 0.6, 6, 12.5, 12.5, 10, 100, 5, 16.62
SGD, 1, -1, 1, -1, 128, 8, 128, 8, 0.6, 6, 12.5, 12.5, 10, 100, 6, 16.62
SGD, 1, -1, 1, -1, 128, 8, 128, 8, 0.6, 6, 12.5, 12.5, 10, 100, 7, 16.62
SGD, 1, -1, 1, -1, 128, 8, 128, 8, 0.6, 6, 12.5, 12.5, 10, 100, 8, 16.62
SGD, 1, -1, 1, -1, 128, 8, 128, 8, 0.6, 6, 12.5, 12.5, 10, 100, 9, 16.62
SGD, 1, -1, 1, -1, 128, 8, 128, 8, 0.6, 6, 12.5, 12.5, 10, 100, 10, 16.61
SGD, 1, -1, 1, -1, 128, 8, 128, 8, 0.6, 6, 12.5, 12.5, 10, 100, 11, 16.35
SGD, 1, -1, 1, -1, 128, 8, 128, 8, 0.6, 6, 12.5, 12.5, 10, 100, 12, 16.58
SGD, 1, -1, 1, -1, 128, 8, 128, 8, 0.6, 6, 12.5, 12.5, 10, 100, 13, 16.58
SGD, 1, -1, 1, -1, 128, 8, 128, 8, 0.6, 6, 12.5, 12.5, 10, 100, 14, 16.58
SGD, 1, -1, 1, -1, 128, 8, 128, 8, 0.6, 6, 12.5, 12.5, 10, 100, 15, 16.37
SGD, 1, -1, 1, -1, 128, 8, 128, 8, 0.6, 6, 12.5, 12.5, 10, 100, 16, 16.38
SGD, 1, -1, 1, -1, 128, 8, 128, 8, 0.6, 6, 12.5, 12.5, 10, 100, 17, 16.38
SGD, 1, -1, 1, -1, 128, 8, 128, 8, 0.6, 6, 12.5, 12.5, 10, 100, 18, 15.98
SGD, 1, -1, 1, -1, 128, 8, 128, 8, 0.6, 6, 12.5, 12.5, 10, 100, 19, 16.56
SGD, 1, -1, 1, -1, 128, 8, 128, 8, 0.6, 6, 12.5, 12.5, 10, 100, 20, 16.56
