SGD, 1, -9, 1, -9, 64, 2, 64, 2, 0.2. 0.2, 12.5, 12.5, 2, 1, 13.95
SGD, 1, -9, 1, -9, 64, 2, 64, 2, 0.2. 0.2, 12.5, 12.5, 2, 2, 18.93
SGD, 1, -9, 1, -9, 64, 2, 64, 2, 0.2. 0.2, 12.5, 12.5, 2, 3, 13.16
SGD, 1, -9, 1, -9, 64, 2, 64, 2, 0.2. 0.2, 12.5, 12.5, 2, 4, 12.75
SGD, 1, -9, 1, -9, 64, 2, 64, 2, 0.2. 0.2, 12.5, 12.5, 2, 5, 10.39
SGD, 1, -9, 1, -9, 64, 2, 64, 2, 0.2. 0.2, 12.5, 12.5, 2, 6, 10.58
SGD, 1, -9, 1, -9, 64, 2, 64, 2, 0.2. 0.2, 12.5, 12.5, 2, 7, 10.51
SGD, 1, -9, 1, -9, 64, 2, 64, 2, 0.2. 0.2, 12.5, 12.5, 2, 8, 10.37
SGD, 1, -9, 1, -9, 64, 2, 64, 2, 0.2. 0.2, 12.5, 12.5, 2, 9, 10.36
SGD, 1, -9, 1, -9, 64, 2, 64, 2, 0.2. 0.2, 12.5, 12.5, 2, 10, 10.34
SGD, 1, -9, 1, -9, 64, 2, 64, 2, 0.2. 0.2, 12.5, 12.5, 6, 1, 24.77
SGD, 1, -9, 1, -9, 64, 2, 64, 2, 0.2. 0.2, 12.5, 12.5, 6, 2, 19.84
SGD, 1, -9, 1, -9, 64, 2, 64, 2, 0.2. 0.2, 12.5, 12.5, 6, 3, 20.64
SGD, 1, -9, 1, -9, 64, 2, 64, 2, 0.2. 0.2, 12.5, 12.5, 6, 4, 13.78
SGD, 1, -9, 1, -9, 64, 2, 64, 2, 0.2. 0.2, 12.5, 12.5, 6, 5, 10.31
SGD, 1, -9, 1, -9, 64, 2, 64, 2, 0.2. 0.2, 12.5, 12.5, 6, 6, 10.22
SGD, 1, -9, 1, -9, 64, 2, 64, 2, 0.2. 0.2, 12.5, 12.5, 6, 7, 10.08
SGD, 1, -9, 1, -9, 64, 2, 64, 2, 0.2. 0.2, 12.5, 12.5, 6, 8, 10.11
SGD, 1, -9, 1, -9, 64, 2, 64, 2, 0.2. 0.2, 12.5, 12.5, 6, 9, 10.07
SGD, 1, -9, 1, -9, 64, 2, 64, 2, 0.2. 0.2, 12.5, 12.5, 6, 10, 9.92
SGD, 1, -9, 1, -9, 64, 2, 64, 2, 0.2. 0.2, 12.5, 12.5, 18, 1, 37.8
SGD, 1, -9, 1, -9, 64, 2, 64, 2, 0.2. 0.2, 12.5, 12.5, 18, 2, 11.74
SGD, 1, -9, 1, -9, 64, 2, 64, 2, 0.2. 0.2, 12.5, 12.5, 18, 3, 11.37
SGD, 1, -9, 1, -9, 64, 2, 64, 2, 0.2. 0.2, 12.5, 12.5, 18, 4, 11.36
SGD, 1, -9, 1, -9, 64, 2, 64, 2, 0.2. 0.2, 12.5, 12.5, 18, 5, 11.38
SGD, 1, -9, 1, -9, 64, 2, 64, 2, 0.2. 0.2, 12.5, 12.5, 18, 6, 11.35
SGD, 1, -9, 1, -9, 64, 2, 64, 2, 0.2. 0.2, 12.5, 12.5, 18, 7, 11.35
SGD, 1, -9, 1, -9, 64, 2, 64, 2, 0.2. 0.2, 12.5, 12.5, 18, 8, 11.35
SGD, 1, -9, 1, -9, 64, 2, 64, 2, 0.2. 0.2, 12.5, 12.5, 18, 9, 11.35
SGD, 1, -9, 1, -9, 64, 2, 64, 2, 0.2. 0.2, 12.5, 12.5, 18, 10, 11.35
SGD, 1, -9, 1, -9, 64, 2, 64, 2, 0.2. 0.2, 12.5, 12.5, 54, 1, 24.14
SGD, 1, -9, 1, -9, 64, 2, 64, 2, 0.2. 0.2, 12.5, 12.5, 54, 2, 17.14
SGD, 1, -9, 1, -9, 64, 2, 64, 2, 0.2. 0.2, 12.5, 12.5, 54, 3, 12.55
SGD, 1, -9, 1, -9, 64, 2, 64, 2, 0.2. 0.2, 12.5, 12.5, 54, 4, 10.76
SGD, 1, -9, 1, -9, 64, 2, 64, 2, 0.2. 0.2, 12.5, 12.5, 54, 5, 10.47
SGD, 1, -9, 1, -9, 64, 2, 64, 2, 0.2. 0.2, 12.5, 12.5, 54, 6, 10.17
SGD, 1, -9, 1, -9, 64, 2, 64, 2, 0.2. 0.2, 12.5, 12.5, 54, 7, 10.12
SGD, 1, -9, 1, -9, 64, 2, 64, 2, 0.2. 0.2, 12.5, 12.5, 54, 8, 10.1
SGD, 1, -9, 1, -9, 64, 2, 64, 2, 0.2. 0.2, 12.5, 12.5, 54, 9, 10.09
SGD, 1, -9, 1, -9, 64, 2, 64, 2, 0.2. 0.2, 12.5, 12.5, 54, 10, 10.01
SGD, 1, -9, 1, -9, 64, 2, 64, 2, 0.4. 0.4, 12.5, 12.5, 2, 1, 18.98
SGD, 1, -9, 1, -9, 64, 2, 64, 2, 0.4. 0.4, 12.5, 12.5, 2, 2, 14.9
SGD, 1, -9, 1, -9, 64, 2, 64, 2, 0.4. 0.4, 12.5, 12.5, 2, 3, 11.35
SGD, 1, -9, 1, -9, 64, 2, 64, 2, 0.4. 0.4, 12.5, 12.5, 2, 4, 11.35
SGD, 1, -9, 1, -9, 64, 2, 64, 2, 0.4. 0.4, 12.5, 12.5, 2, 5, 11.35
SGD, 1, -9, 1, -9, 64, 2, 64, 2, 0.4. 0.4, 12.5, 12.5, 2, 6, 11.35
SGD, 1, -9, 1, -9, 64, 2, 64, 2, 0.4. 0.4, 12.5, 12.5, 2, 7, 11.35
SGD, 1, -9, 1, -9, 64, 2, 64, 2, 0.4. 0.4, 12.5, 12.5, 2, 8, 11.35
SGD, 1, -9, 1, -9, 64, 2, 64, 2, 0.4. 0.4, 12.5, 12.5, 2, 9, 11.35
SGD, 1, -9, 1, -9, 64, 2, 64, 2, 0.4. 0.4, 12.5, 12.5, 2, 10, 11.35
SGD, 1, -9, 1, -9, 64, 2, 64, 2, 0.4. 0.4, 12.5, 12.5, 6, 1, 18.41
SGD, 1, -9, 1, -9, 64, 2, 64, 2, 0.4. 0.4, 12.5, 12.5, 6, 2, 10.93
SGD, 1, -9, 1, -9, 64, 2, 64, 2, 0.4. 0.4, 12.5, 12.5, 6, 3, 10.06
SGD, 1, -9, 1, -9, 64, 2, 64, 2, 0.4. 0.4, 12.5, 12.5, 6, 4, 9.91
SGD, 1, -9, 1, -9, 64, 2, 64, 2, 0.4. 0.4, 12.5, 12.5, 6, 5, 9.78
SGD, 1, -9, 1, -9, 64, 2, 64, 2, 0.4. 0.4, 12.5, 12.5, 6, 6, 9.8
SGD, 1, -9, 1, -9, 64, 2, 64, 2, 0.4. 0.4, 12.5, 12.5, 6, 7, 9.8
SGD, 1, -9, 1, -9, 64, 2, 64, 2, 0.4. 0.4, 12.5, 12.5, 6, 8, 9.8
SGD, 1, -9, 1, -9, 64, 2, 64, 2, 0.4. 0.4, 12.5, 12.5, 6, 9, 9.8
SGD, 1, -9, 1, -9, 64, 2, 64, 2, 0.4. 0.4, 12.5, 12.5, 6, 10, 9.8
SGD, 1, -9, 1, -9, 64, 2, 64, 2, 0.4. 0.4, 12.5, 12.5, 18, 1, 11.82
SGD, 1, -9, 1, -9, 64, 2, 64, 2, 0.4. 0.4, 12.5, 12.5, 18, 2, 11.35
SGD, 1, -9, 1, -9, 64, 2, 64, 2, 0.4. 0.4, 12.5, 12.5, 18, 3, 11.35
SGD, 1, -9, 1, -9, 64, 2, 64, 2, 0.4. 0.4, 12.5, 12.5, 18, 4, 11.35
SGD, 1, -9, 1, -9, 64, 2, 64, 2, 0.4. 0.4, 12.5, 12.5, 18, 5, 11.35
SGD, 1, -9, 1, -9, 64, 2, 64, 2, 0.4. 0.4, 12.5, 12.5, 18, 6, 11.35
SGD, 1, -9, 1, -9, 64, 2, 64, 2, 0.4. 0.4, 12.5, 12.5, 18, 7, 11.35
SGD, 1, -9, 1, -9, 64, 2, 64, 2, 0.4. 0.4, 12.5, 12.5, 18, 8, 11.35
SGD, 1, -9, 1, -9, 64, 2, 64, 2, 0.4. 0.4, 12.5, 12.5, 18, 9, 11.35
SGD, 1, -9, 1, -9, 64, 2, 64, 2, 0.4. 0.4, 12.5, 12.5, 18, 10, 11.35
SGD, 1, -9, 1, -9, 64, 2, 64, 2, 0.4. 0.4, 12.5, 12.5, 54, 1, 12.79
SGD, 1, -9, 1, -9, 64, 2, 64, 2, 0.4. 0.4, 12.5, 12.5, 54, 2, 9.8
SGD, 1, -9, 1, -9, 64, 2, 64, 2, 0.4. 0.4, 12.5, 12.5, 54, 3, 9.8
SGD, 1, -9, 1, -9, 64, 2, 64, 2, 0.4. 0.4, 12.5, 12.5, 54, 4, 9.79
SGD, 1, -9, 1, -9, 64, 2, 64, 2, 0.4. 0.4, 12.5, 12.5, 54, 5, 9.78
SGD, 1, -9, 1, -9, 64, 2, 64, 2, 0.4. 0.4, 12.5, 12.5, 54, 6, 9.8
SGD, 1, -9, 1, -9, 64, 2, 64, 2, 0.4. 0.4, 12.5, 12.5, 54, 7, 9.8
SGD, 1, -9, 1, -9, 64, 2, 64, 2, 0.4. 0.4, 12.5, 12.5, 54, 8, 9.8
SGD, 1, -9, 1, -9, 64, 2, 64, 2, 0.4. 0.4, 12.5, 12.5, 54, 9, 9.8
SGD, 1, -9, 1, -9, 64, 2, 64, 2, 0.4. 0.4, 12.5, 12.5, 54, 10, 9.8
SGD, 1, -9, 1, -9, 64, 2, 64, 2, 0.6. 0.6, 12.5, 12.5, 2, 1, 11.4
SGD, 1, -9, 1, -9, 64, 2, 64, 2, 0.6. 0.6, 12.5, 12.5, 2, 2, 11.35
SGD, 1, -9, 1, -9, 64, 2, 64, 2, 0.6. 0.6, 12.5, 12.5, 2, 3, 11.36
SGD, 1, -9, 1, -9, 64, 2, 64, 2, 0.6. 0.6, 12.5, 12.5, 2, 4, 11.34
SGD, 1, -9, 1, -9, 64, 2, 64, 2, 0.6. 0.6, 12.5, 12.5, 2, 5, 11.35
SGD, 1, -9, 1, -9, 64, 2, 64, 2, 0.6. 0.6, 12.5, 12.5, 2, 6, 11.59
SGD, 1, -9, 1, -9, 64, 2, 64, 2, 0.6. 0.6, 12.5, 12.5, 2, 7, 11.35
SGD, 1, -9, 1, -9, 64, 2, 64, 2, 0.6. 0.6, 12.5, 12.5, 2, 8, 11.35
SGD, 1, -9, 1, -9, 64, 2, 64, 2, 0.6. 0.6, 12.5, 12.5, 2, 9, 11.35
SGD, 1, -9, 1, -9, 64, 2, 64, 2, 0.6. 0.6, 12.5, 12.5, 2, 10, 11.35
SGD, 1, -9, 1, -9, 64, 2, 64, 2, 0.6. 0.6, 12.5, 12.5, 6, 1, 11.36
SGD, 1, -9, 1, -9, 64, 2, 64, 2, 0.6. 0.6, 12.5, 12.5, 6, 2, 11.39
SGD, 1, -9, 1, -9, 64, 2, 64, 2, 0.6. 0.6, 12.5, 12.5, 6, 3, 11.35
SGD, 1, -9, 1, -9, 64, 2, 64, 2, 0.6. 0.6, 12.5, 12.5, 6, 4, 11.35
SGD, 1, -9, 1, -9, 64, 2, 64, 2, 0.6. 0.6, 12.5, 12.5, 6, 5, 11.35
SGD, 1, -9, 1, -9, 64, 2, 64, 2, 0.6. 0.6, 12.5, 12.5, 6, 6, 11.35
SGD, 1, -9, 1, -9, 64, 2, 64, 2, 0.6. 0.6, 12.5, 12.5, 6, 7, 11.35
SGD, 1, -9, 1, -9, 64, 2, 64, 2, 0.6. 0.6, 12.5, 12.5, 6, 8, 11.35
SGD, 1, -9, 1, -9, 64, 2, 64, 2, 0.6. 0.6, 12.5, 12.5, 6, 9, 11.35
SGD, 1, -9, 1, -9, 64, 2, 64, 2, 0.6. 0.6, 12.5, 12.5, 6, 10, 11.35
SGD, 1, -9, 1, -9, 64, 2, 64, 2, 0.6. 0.6, 12.5, 12.5, 18, 1, 11.35
SGD, 1, -9, 1, -9, 64, 2, 64, 2, 0.6. 0.6, 12.5, 12.5, 18, 2, 11.35
SGD, 1, -9, 1, -9, 64, 2, 64, 2, 0.6. 0.6, 12.5, 12.5, 18, 3, 11.35
SGD, 1, -9, 1, -9, 64, 2, 64, 2, 0.6. 0.6, 12.5, 12.5, 18, 4, 11.35
SGD, 1, -9, 1, -9, 64, 2, 64, 2, 0.6. 0.6, 12.5, 12.5, 18, 5, 11.35
SGD, 1, -9, 1, -9, 64, 2, 64, 2, 0.6. 0.6, 12.5, 12.5, 18, 6, 11.35
SGD, 1, -9, 1, -9, 64, 2, 64, 2, 0.6. 0.6, 12.5, 12.5, 18, 7, 11.35
SGD, 1, -9, 1, -9, 64, 2, 64, 2, 0.6. 0.6, 12.5, 12.5, 18, 8, 11.35
SGD, 1, -9, 1, -9, 64, 2, 64, 2, 0.6. 0.6, 12.5, 12.5, 18, 9, 11.35
SGD, 1, -9, 1, -9, 64, 2, 64, 2, 0.6. 0.6, 12.5, 12.5, 18, 10, 11.35
SGD, 1, -9, 1, -9, 64, 2, 64, 2, 0.6. 0.6, 12.5, 12.5, 54, 1, 11.35
SGD, 1, -9, 1, -9, 64, 2, 64, 2, 0.6. 0.6, 12.5, 12.5, 54, 2, 11.35
SGD, 1, -9, 1, -9, 64, 2, 64, 2, 0.6. 0.6, 12.5, 12.5, 54, 3, 11.35
SGD, 1, -9, 1, -9, 64, 2, 64, 2, 0.6. 0.6, 12.5, 12.5, 54, 4, 11.35
SGD, 1, -9, 1, -9, 64, 2, 64, 2, 0.6. 0.6, 12.5, 12.5, 54, 5, 11.35
SGD, 1, -9, 1, -9, 64, 2, 64, 2, 0.6. 0.6, 12.5, 12.5, 54, 6, 11.35
SGD, 1, -9, 1, -9, 64, 2, 64, 2, 0.6. 0.6, 12.5, 12.5, 54, 7, 11.35
SGD, 1, -9, 1, -9, 64, 2, 64, 2, 0.6. 0.6, 12.5, 12.5, 54, 8, 11.35
SGD, 1, -9, 1, -9, 64, 2, 64, 2, 0.6. 0.6, 12.5, 12.5, 54, 9, 11.35
SGD, 1, -9, 1, -9, 64, 2, 64, 2, 0.6. 0.6, 12.5, 12.5, 54, 10, 11.35
SGD, 1, -9, 1, -9, 64, 2, 64, 2, 0.8. 0.8, 12.5, 12.5, 2, 1, 11.33
SGD, 1, -9, 1, -9, 64, 2, 64, 2, 0.8. 0.8, 12.5, 12.5, 2, 2, 11.35
SGD, 1, -9, 1, -9, 64, 2, 64, 2, 0.8. 0.8, 12.5, 12.5, 2, 3, 11.35
SGD, 1, -9, 1, -9, 64, 2, 64, 2, 0.8. 0.8, 12.5, 12.5, 2, 4, 11.35
SGD, 1, -9, 1, -9, 64, 2, 64, 2, 0.8. 0.8, 12.5, 12.5, 2, 5, 11.35
SGD, 1, -9, 1, -9, 64, 2, 64, 2, 0.8. 0.8, 12.5, 12.5, 2, 6, 11.35
SGD, 1, -9, 1, -9, 64, 2, 64, 2, 0.8. 0.8, 12.5, 12.5, 2, 7, 11.35
SGD, 1, -9, 1, -9, 64, 2, 64, 2, 0.8. 0.8, 12.5, 12.5, 2, 8, 11.35
SGD, 1, -9, 1, -9, 64, 2, 64, 2, 0.8. 0.8, 12.5, 12.5, 2, 9, 11.35
SGD, 1, -9, 1, -9, 64, 2, 64, 2, 0.8. 0.8, 12.5, 12.5, 2, 10, 11.35
SGD, 1, -9, 1, -9, 64, 2, 64, 2, 0.8. 0.8, 12.5, 12.5, 6, 1, 11.35
SGD, 1, -9, 1, -9, 64, 2, 64, 2, 0.8. 0.8, 12.5, 12.5, 6, 2, 11.35
SGD, 1, -9, 1, -9, 64, 2, 64, 2, 0.8. 0.8, 12.5, 12.5, 6, 3, 11.35
SGD, 1, -9, 1, -9, 64, 2, 64, 2, 0.8. 0.8, 12.5, 12.5, 6, 4, 11.35
SGD, 1, -9, 1, -9, 64, 2, 64, 2, 0.8. 0.8, 12.5, 12.5, 6, 5, 11.35
SGD, 1, -9, 1, -9, 64, 2, 64, 2, 0.8. 0.8, 12.5, 12.5, 6, 6, 11.36
SGD, 1, -9, 1, -9, 64, 2, 64, 2, 0.8. 0.8, 12.5, 12.5, 6, 7, 11.35
SGD, 1, -9, 1, -9, 64, 2, 64, 2, 0.8. 0.8, 12.5, 12.5, 6, 8, 11.35
SGD, 1, -9, 1, -9, 64, 2, 64, 2, 0.8. 0.8, 12.5, 12.5, 6, 9, 11.35
SGD, 1, -9, 1, -9, 64, 2, 64, 2, 0.8. 0.8, 12.5, 12.5, 6, 10, 11.35
SGD, 1, -9, 1, -9, 64, 2, 64, 2, 0.8. 0.8, 12.5, 12.5, 18, 1, 11.35
SGD, 1, -9, 1, -9, 64, 2, 64, 2, 0.8. 0.8, 12.5, 12.5, 18, 2, 11.35
SGD, 1, -9, 1, -9, 64, 2, 64, 2, 0.8. 0.8, 12.5, 12.5, 18, 3, 11.35
SGD, 1, -9, 1, -9, 64, 2, 64, 2, 0.8. 0.8, 12.5, 12.5, 18, 4, 11.35
SGD, 1, -9, 1, -9, 64, 2, 64, 2, 0.8. 0.8, 12.5, 12.5, 18, 5, 11.35
SGD, 1, -9, 1, -9, 64, 2, 64, 2, 0.8. 0.8, 12.5, 12.5, 18, 6, 11.35
SGD, 1, -9, 1, -9, 64, 2, 64, 2, 0.8. 0.8, 12.5, 12.5, 18, 7, 11.35
SGD, 1, -9, 1, -9, 64, 2, 64, 2, 0.8. 0.8, 12.5, 12.5, 18, 8, 11.35
SGD, 1, -9, 1, -9, 64, 2, 64, 2, 0.8. 0.8, 12.5, 12.5, 18, 9, 11.35
SGD, 1, -9, 1, -9, 64, 2, 64, 2, 0.8. 0.8, 12.5, 12.5, 18, 10, 11.35
SGD, 1, -9, 1, -9, 64, 2, 64, 2, 0.8. 0.8, 12.5, 12.5, 54, 1, 11.35
SGD, 1, -9, 1, -9, 64, 2, 64, 2, 0.8. 0.8, 12.5, 12.5, 54, 2, 11.35
SGD, 1, -9, 1, -9, 64, 2, 64, 2, 0.8. 0.8, 12.5, 12.5, 54, 3, 11.35
SGD, 1, -9, 1, -9, 64, 2, 64, 2, 0.8. 0.8, 12.5, 12.5, 54, 4, 11.35
SGD, 1, -9, 1, -9, 64, 2, 64, 2, 0.8. 0.8, 12.5, 12.5, 54, 5, 11.35
SGD, 1, -9, 1, -9, 64, 2, 64, 2, 0.8. 0.8, 12.5, 12.5, 54, 6, 11.35
SGD, 1, -9, 1, -9, 64, 2, 64, 2, 0.8. 0.8, 12.5, 12.5, 54, 7, 11.35
SGD, 1, -9, 1, -9, 64, 2, 64, 2, 0.8. 0.8, 12.5, 12.5, 54, 8, 11.35
SGD, 1, -9, 1, -9, 64, 2, 64, 2, 0.8. 0.8, 12.5, 12.5, 54, 9, 11.35
SGD, 1, -9, 1, -9, 64, 2, 64, 2, 0.8. 0.8, 12.5, 12.5, 54, 10, 11.35
SGD, 1, -9, 1, -9, 64, 4, 64, 4, 0.2. 0.2, 12.5, 12.5, 2, 1, 23.91
SGD, 1, -9, 1, -9, 64, 4, 64, 4, 0.2. 0.2, 12.5, 12.5, 2, 2, 26.63
SGD, 1, -9, 1, -9, 64, 4, 64, 4, 0.2. 0.2, 12.5, 12.5, 2, 3, 18.98
SGD, 1, -9, 1, -9, 64, 4, 64, 4, 0.2. 0.2, 12.5, 12.5, 2, 4, 11.49
SGD, 1, -9, 1, -9, 64, 4, 64, 4, 0.2. 0.2, 12.5, 12.5, 2, 5, 11.35
SGD, 1, -9, 1, -9, 64, 4, 64, 4, 0.2. 0.2, 12.5, 12.5, 2, 6, 11.36
SGD, 1, -9, 1, -9, 64, 4, 64, 4, 0.2. 0.2, 12.5, 12.5, 2, 7, 11.35
SGD, 1, -9, 1, -9, 64, 4, 64, 4, 0.2. 0.2, 12.5, 12.5, 2, 8, 11.35
SGD, 1, -9, 1, -9, 64, 4, 64, 4, 0.2. 0.2, 12.5, 12.5, 2, 9, 11.35
SGD, 1, -9, 1, -9, 64, 4, 64, 4, 0.2. 0.2, 12.5, 12.5, 2, 10, 11.35
SGD, 1, -9, 1, -9, 64, 4, 64, 4, 0.2. 0.2, 12.5, 12.5, 6, 1, 20.2
SGD, 1, -9, 1, -9, 64, 4, 64, 4, 0.2. 0.2, 12.5, 12.5, 6, 2, 25.07
SGD, 1, -9, 1, -9, 64, 4, 64, 4, 0.2. 0.2, 12.5, 12.5, 6, 3, 20.12
SGD, 1, -9, 1, -9, 64, 4, 64, 4, 0.2. 0.2, 12.5, 12.5, 6, 4, 16.39
SGD, 1, -9, 1, -9, 64, 4, 64, 4, 0.2. 0.2, 12.5, 12.5, 6, 5, 12.81
SGD, 1, -9, 1, -9, 64, 4, 64, 4, 0.2. 0.2, 12.5, 12.5, 6, 6, 11.66
SGD, 1, -9, 1, -9, 64, 4, 64, 4, 0.2. 0.2, 12.5, 12.5, 6, 7, 11.27
SGD, 1, -9, 1, -9, 64, 4, 64, 4, 0.2. 0.2, 12.5, 12.5, 6, 8, 10.95
SGD, 1, -9, 1, -9, 64, 4, 64, 4, 0.2. 0.2, 12.5, 12.5, 6, 9, 10.54
SGD, 1, -9, 1, -9, 64, 4, 64, 4, 0.2. 0.2, 12.5, 12.5, 6, 10, 10.34
SGD, 1, -9, 1, -9, 64, 4, 64, 4, 0.2. 0.2, 12.5, 12.5, 18, 1, 27.33
SGD, 1, -9, 1, -9, 64, 4, 64, 4, 0.2. 0.2, 12.5, 12.5, 18, 2, 18.87
SGD, 1, -9, 1, -9, 64, 4, 64, 4, 0.2. 0.2, 12.5, 12.5, 18, 3, 14.44
SGD, 1, -9, 1, -9, 64, 4, 64, 4, 0.2. 0.2, 12.5, 12.5, 18, 4, 13.2
SGD, 1, -9, 1, -9, 64, 4, 64, 4, 0.2. 0.2, 12.5, 12.5, 18, 5, 12.46
SGD, 1, -9, 1, -9, 64, 4, 64, 4, 0.2. 0.2, 12.5, 12.5, 18, 6, 12.06
SGD, 1, -9, 1, -9, 64, 4, 64, 4, 0.2. 0.2, 12.5, 12.5, 18, 7, 11.76
SGD, 1, -9, 1, -9, 64, 4, 64, 4, 0.2. 0.2, 12.5, 12.5, 18, 8, 11.35
SGD, 1, -9, 1, -9, 64, 4, 64, 4, 0.2. 0.2, 12.5, 12.5, 18, 9, 11.35
SGD, 1, -9, 1, -9, 64, 4, 64, 4, 0.2. 0.2, 12.5, 12.5, 18, 10, 11.35
SGD, 1, -9, 1, -9, 64, 4, 64, 4, 0.2. 0.2, 12.5, 12.5, 54, 1, 17.17
SGD, 1, -9, 1, -9, 64, 4, 64, 4, 0.2. 0.2, 12.5, 12.5, 54, 2, 13.95
SGD, 1, -9, 1, -9, 64, 4, 64, 4, 0.2. 0.2, 12.5, 12.5, 54, 3, 11.97
SGD, 1, -9, 1, -9, 64, 4, 64, 4, 0.2. 0.2, 12.5, 12.5, 54, 4, 11.8
SGD, 1, -9, 1, -9, 64, 4, 64, 4, 0.2. 0.2, 12.5, 12.5, 54, 5, 11.64
SGD, 1, -9, 1, -9, 64, 4, 64, 4, 0.2. 0.2, 12.5, 12.5, 54, 6, 11.44
SGD, 1, -9, 1, -9, 64, 4, 64, 4, 0.2. 0.2, 12.5, 12.5, 54, 7, 11.35
SGD, 1, -9, 1, -9, 64, 4, 64, 4, 0.2. 0.2, 12.5, 12.5, 54, 8, 11.35
SGD, 1, -9, 1, -9, 64, 4, 64, 4, 0.2. 0.2, 12.5, 12.5, 54, 9, 11.35
SGD, 1, -9, 1, -9, 64, 4, 64, 4, 0.2. 0.2, 12.5, 12.5, 54, 10, 11.35
SGD, 1, -9, 1, -9, 64, 4, 64, 4, 0.4. 0.4, 12.5, 12.5, 2, 1, 19.4
SGD, 1, -9, 1, -9, 64, 4, 64, 4, 0.4. 0.4, 12.5, 12.5, 2, 2, 11.35
SGD, 1, -9, 1, -9, 64, 4, 64, 4, 0.4. 0.4, 12.5, 12.5, 2, 3, 11.35
SGD, 1, -9, 1, -9, 64, 4, 64, 4, 0.4. 0.4, 12.5, 12.5, 2, 4, 11.35
SGD, 1, -9, 1, -9, 64, 4, 64, 4, 0.4. 0.4, 12.5, 12.5, 2, 5, 11.35
SGD, 1, -9, 1, -9, 64, 4, 64, 4, 0.4. 0.4, 12.5, 12.5, 2, 6, 11.35
SGD, 1, -9, 1, -9, 64, 4, 64, 4, 0.4. 0.4, 12.5, 12.5, 2, 7, 11.35
SGD, 1, -9, 1, -9, 64, 4, 64, 4, 0.4. 0.4, 12.5, 12.5, 2, 8, 11.35
SGD, 1, -9, 1, -9, 64, 4, 64, 4, 0.4. 0.4, 12.5, 12.5, 2, 9, 11.35
SGD, 1, -9, 1, -9, 64, 4, 64, 4, 0.4. 0.4, 12.5, 12.5, 2, 10, 11.35
SGD, 1, -9, 1, -9, 64, 4, 64, 4, 0.4. 0.4, 12.5, 12.5, 6, 1, 11.44
SGD, 1, -9, 1, -9, 64, 4, 64, 4, 0.4. 0.4, 12.5, 12.5, 6, 2, 11.34
SGD, 1, -9, 1, -9, 64, 4, 64, 4, 0.4. 0.4, 12.5, 12.5, 6, 3, 11.34
SGD, 1, -9, 1, -9, 64, 4, 64, 4, 0.4. 0.4, 12.5, 12.5, 6, 4, 11.34
SGD, 1, -9, 1, -9, 64, 4, 64, 4, 0.4. 0.4, 12.5, 12.5, 6, 5, 11.35
SGD, 1, -9, 1, -9, 64, 4, 64, 4, 0.4. 0.4, 12.5, 12.5, 6, 6, 11.35
SGD, 1, -9, 1, -9, 64, 4, 64, 4, 0.4. 0.4, 12.5, 12.5, 6, 7, 11.35
SGD, 1, -9, 1, -9, 64, 4, 64, 4, 0.4. 0.4, 12.5, 12.5, 6, 8, 11.35
SGD, 1, -9, 1, -9, 64, 4, 64, 4, 0.4. 0.4, 12.5, 12.5, 6, 9, 11.35
SGD, 1, -9, 1, -9, 64, 4, 64, 4, 0.4. 0.4, 12.5, 12.5, 6, 10, 11.35
SGD, 1, -9, 1, -9, 64, 4, 64, 4, 0.4. 0.4, 12.5, 12.5, 18, 1, 9.83
SGD, 1, -9, 1, -9, 64, 4, 64, 4, 0.4. 0.4, 12.5, 12.5, 18, 2, 9.82
SGD, 1, -9, 1, -9, 64, 4, 64, 4, 0.4. 0.4, 12.5, 12.5, 18, 3, 9.82
SGD, 1, -9, 1, -9, 64, 4, 64, 4, 0.4. 0.4, 12.5, 12.5, 18, 4, 9.82
SGD, 1, -9, 1, -9, 64, 4, 64, 4, 0.4. 0.4, 12.5, 12.5, 18, 5, 9.82
SGD, 1, -9, 1, -9, 64, 4, 64, 4, 0.4. 0.4, 12.5, 12.5, 18, 6, 9.82
SGD, 1, -9, 1, -9, 64, 4, 64, 4, 0.4. 0.4, 12.5, 12.5, 18, 7, 9.82
SGD, 1, -9, 1, -9, 64, 4, 64, 4, 0.4. 0.4, 12.5, 12.5, 18, 8, 9.82
SGD, 1, -9, 1, -9, 64, 4, 64, 4, 0.4. 0.4, 12.5, 12.5, 18, 9, 9.82
SGD, 1, -9, 1, -9, 64, 4, 64, 4, 0.4. 0.4, 12.5, 12.5, 18, 10, 9.82
SGD, 1, -9, 1, -9, 64, 4, 64, 4, 0.4. 0.4, 12.5, 12.5, 54, 1, 11.35
SGD, 1, -9, 1, -9, 64, 4, 64, 4, 0.4. 0.4, 12.5, 12.5, 54, 2, 11.35
SGD, 1, -9, 1, -9, 64, 4, 64, 4, 0.4. 0.4, 12.5, 12.5, 54, 3, 11.35
SGD, 1, -9, 1, -9, 64, 4, 64, 4, 0.4. 0.4, 12.5, 12.5, 54, 4, 11.35
SGD, 1, -9, 1, -9, 64, 4, 64, 4, 0.4. 0.4, 12.5, 12.5, 54, 5, 11.35
SGD, 1, -9, 1, -9, 64, 4, 64, 4, 0.4. 0.4, 12.5, 12.5, 54, 6, 11.35
SGD, 1, -9, 1, -9, 64, 4, 64, 4, 0.4. 0.4, 12.5, 12.5, 54, 7, 11.35
SGD, 1, -9, 1, -9, 64, 4, 64, 4, 0.4. 0.4, 12.5, 12.5, 54, 8, 11.35
SGD, 1, -9, 1, -9, 64, 4, 64, 4, 0.4. 0.4, 12.5, 12.5, 54, 9, 11.35
SGD, 1, -9, 1, -9, 64, 4, 64, 4, 0.4. 0.4, 12.5, 12.5, 54, 10, 11.35
SGD, 1, -9, 1, -9, 64, 4, 64, 4, 0.6. 0.6, 12.5, 12.5, 2, 1, 18.02
SGD, 1, -9, 1, -9, 64, 4, 64, 4, 0.6. 0.6, 12.5, 12.5, 2, 2, 11.42
SGD, 1, -9, 1, -9, 64, 4, 64, 4, 0.6. 0.6, 12.5, 12.5, 2, 3, 11.33
SGD, 1, -9, 1, -9, 64, 4, 64, 4, 0.6. 0.6, 12.5, 12.5, 2, 4, 11.34
SGD, 1, -9, 1, -9, 64, 4, 64, 4, 0.6. 0.6, 12.5, 12.5, 2, 5, 11.34
SGD, 1, -9, 1, -9, 64, 4, 64, 4, 0.6. 0.6, 12.5, 12.5, 2, 6, 11.34
SGD, 1, -9, 1, -9, 64, 4, 64, 4, 0.6. 0.6, 12.5, 12.5, 2, 7, 11.35
SGD, 1, -9, 1, -9, 64, 4, 64, 4, 0.6. 0.6, 12.5, 12.5, 2, 8, 11.35
SGD, 1, -9, 1, -9, 64, 4, 64, 4, 0.6. 0.6, 12.5, 12.5, 2, 9, 11.35
SGD, 1, -9, 1, -9, 64, 4, 64, 4, 0.6. 0.6, 12.5, 12.5, 2, 10, 11.35
SGD, 1, -9, 1, -9, 64, 4, 64, 4, 0.6. 0.6, 12.5, 12.5, 6, 1, 11.31
SGD, 1, -9, 1, -9, 64, 4, 64, 4, 0.6. 0.6, 12.5, 12.5, 6, 2, 11.34
SGD, 1, -9, 1, -9, 64, 4, 64, 4, 0.6. 0.6, 12.5, 12.5, 6, 3, 11.34
SGD, 1, -9, 1, -9, 64, 4, 64, 4, 0.6. 0.6, 12.5, 12.5, 6, 4, 11.34
SGD, 1, -9, 1, -9, 64, 4, 64, 4, 0.6. 0.6, 12.5, 12.5, 6, 5, 11.34
SGD, 1, -9, 1, -9, 64, 4, 64, 4, 0.6. 0.6, 12.5, 12.5, 6, 6, 11.35
SGD, 1, -9, 1, -9, 64, 4, 64, 4, 0.6. 0.6, 12.5, 12.5, 6, 7, 11.34
SGD, 1, -9, 1, -9, 64, 4, 64, 4, 0.6. 0.6, 12.5, 12.5, 6, 8, 11.34
SGD, 1, -9, 1, -9, 64, 4, 64, 4, 0.6. 0.6, 12.5, 12.5, 6, 9, 11.34
SGD, 1, -9, 1, -9, 64, 4, 64, 4, 0.6. 0.6, 12.5, 12.5, 6, 10, 11.35
SGD, 1, -9, 1, -9, 64, 4, 64, 4, 0.6. 0.6, 12.5, 12.5, 18, 1, 11.36
SGD, 1, -9, 1, -9, 64, 4, 64, 4, 0.6. 0.6, 12.5, 12.5, 18, 2, 11.36
SGD, 1, -9, 1, -9, 64, 4, 64, 4, 0.6. 0.6, 12.5, 12.5, 18, 3, 11.35
SGD, 1, -9, 1, -9, 64, 4, 64, 4, 0.6. 0.6, 12.5, 12.5, 18, 4, 11.35
SGD, 1, -9, 1, -9, 64, 4, 64, 4, 0.6. 0.6, 12.5, 12.5, 18, 5, 11.35
SGD, 1, -9, 1, -9, 64, 4, 64, 4, 0.6. 0.6, 12.5, 12.5, 18, 6, 11.35
SGD, 1, -9, 1, -9, 64, 4, 64, 4, 0.6. 0.6, 12.5, 12.5, 18, 7, 11.35
SGD, 1, -9, 1, -9, 64, 4, 64, 4, 0.6. 0.6, 12.5, 12.5, 18, 8, 11.35
SGD, 1, -9, 1, -9, 64, 4, 64, 4, 0.6. 0.6, 12.5, 12.5, 18, 9, 11.35
SGD, 1, -9, 1, -9, 64, 4, 64, 4, 0.6. 0.6, 12.5, 12.5, 18, 10, 11.35
SGD, 1, -9, 1, -9, 64, 4, 64, 4, 0.6. 0.6, 12.5, 12.5, 54, 1, 11.8
SGD, 1, -9, 1, -9, 64, 4, 64, 4, 0.6. 0.6, 12.5, 12.5, 54, 2, 11.35
SGD, 1, -9, 1, -9, 64, 4, 64, 4, 0.6. 0.6, 12.5, 12.5, 54, 3, 11.35
SGD, 1, -9, 1, -9, 64, 4, 64, 4, 0.6. 0.6, 12.5, 12.5, 54, 4, 11.35
SGD, 1, -9, 1, -9, 64, 4, 64, 4, 0.6. 0.6, 12.5, 12.5, 54, 5, 11.35
SGD, 1, -9, 1, -9, 64, 4, 64, 4, 0.6. 0.6, 12.5, 12.5, 54, 6, 11.35
SGD, 1, -9, 1, -9, 64, 4, 64, 4, 0.6. 0.6, 12.5, 12.5, 54, 7, 11.35
SGD, 1, -9, 1, -9, 64, 4, 64, 4, 0.6. 0.6, 12.5, 12.5, 54, 8, 11.35
SGD, 1, -9, 1, -9, 64, 4, 64, 4, 0.6. 0.6, 12.5, 12.5, 54, 9, 11.35
SGD, 1, -9, 1, -9, 64, 4, 64, 4, 0.6. 0.6, 12.5, 12.5, 54, 10, 11.35
SGD, 1, -9, 1, -9, 64, 4, 64, 4, 0.8. 0.8, 12.5, 12.5, 2, 1, 10.11
SGD, 1, -9, 1, -9, 64, 4, 64, 4, 0.8. 0.8, 12.5, 12.5, 2, 2, 10.1
SGD, 1, -9, 1, -9, 64, 4, 64, 4, 0.8. 0.8, 12.5, 12.5, 2, 3, 10.1
SGD, 1, -9, 1, -9, 64, 4, 64, 4, 0.8. 0.8, 12.5, 12.5, 2, 4, 10.1
SGD, 1, -9, 1, -9, 64, 4, 64, 4, 0.8. 0.8, 12.5, 12.5, 2, 5, 10.1
SGD, 1, -9, 1, -9, 64, 4, 64, 4, 0.8. 0.8, 12.5, 12.5, 2, 6, 10.1
SGD, 1, -9, 1, -9, 64, 4, 64, 4, 0.8. 0.8, 12.5, 12.5, 2, 7, 10.1
SGD, 1, -9, 1, -9, 64, 4, 64, 4, 0.8. 0.8, 12.5, 12.5, 2, 8, 10.1
SGD, 1, -9, 1, -9, 64, 4, 64, 4, 0.8. 0.8, 12.5, 12.5, 2, 9, 10.1
SGD, 1, -9, 1, -9, 64, 4, 64, 4, 0.8. 0.8, 12.5, 12.5, 2, 10, 10.1
SGD, 1, -9, 1, -9, 64, 4, 64, 4, 0.8. 0.8, 12.5, 12.5, 6, 1, 11.36
SGD, 1, -9, 1, -9, 64, 4, 64, 4, 0.8. 0.8, 12.5, 12.5, 6, 2, 11.35
SGD, 1, -9, 1, -9, 64, 4, 64, 4, 0.8. 0.8, 12.5, 12.5, 6, 3, 11.35
SGD, 1, -9, 1, -9, 64, 4, 64, 4, 0.8. 0.8, 12.5, 12.5, 6, 4, 11.35
SGD, 1, -9, 1, -9, 64, 4, 64, 4, 0.8. 0.8, 12.5, 12.5, 6, 5, 11.35
SGD, 1, -9, 1, -9, 64, 4, 64, 4, 0.8. 0.8, 12.5, 12.5, 6, 6, 11.35
SGD, 1, -9, 1, -9, 64, 4, 64, 4, 0.8. 0.8, 12.5, 12.5, 6, 7, 11.35
SGD, 1, -9, 1, -9, 64, 4, 64, 4, 0.8. 0.8, 12.5, 12.5, 6, 8, 11.35
SGD, 1, -9, 1, -9, 64, 4, 64, 4, 0.8. 0.8, 12.5, 12.5, 6, 9, 11.35
SGD, 1, -9, 1, -9, 64, 4, 64, 4, 0.8. 0.8, 12.5, 12.5, 6, 10, 11.35
SGD, 1, -9, 1, -9, 64, 4, 64, 4, 0.8. 0.8, 12.5, 12.5, 18, 1, 8.92
SGD, 1, -9, 1, -9, 64, 4, 64, 4, 0.8. 0.8, 12.5, 12.5, 18, 2, 8.92
SGD, 1, -9, 1, -9, 64, 4, 64, 4, 0.8. 0.8, 12.5, 12.5, 18, 3, 8.92
SGD, 1, -9, 1, -9, 64, 4, 64, 4, 0.8. 0.8, 12.5, 12.5, 18, 4, 8.92
SGD, 1, -9, 1, -9, 64, 4, 64, 4, 0.8. 0.8, 12.5, 12.5, 18, 5, 8.92
SGD, 1, -9, 1, -9, 64, 4, 64, 4, 0.8. 0.8, 12.5, 12.5, 18, 6, 8.92
SGD, 1, -9, 1, -9, 64, 4, 64, 4, 0.8. 0.8, 12.5, 12.5, 18, 7, 8.92
SGD, 1, -9, 1, -9, 64, 4, 64, 4, 0.8. 0.8, 12.5, 12.5, 18, 8, 8.92
SGD, 1, -9, 1, -9, 64, 4, 64, 4, 0.8. 0.8, 12.5, 12.5, 18, 9, 8.92
SGD, 1, -9, 1, -9, 64, 4, 64, 4, 0.8. 0.8, 12.5, 12.5, 18, 10, 8.92
SGD, 1, -9, 1, -9, 64, 4, 64, 4, 0.8. 0.8, 12.5, 12.5, 54, 1, 9.8
SGD, 1, -9, 1, -9, 64, 4, 64, 4, 0.8. 0.8, 12.5, 12.5, 54, 2, 9.8
SGD, 1, -9, 1, -9, 64, 4, 64, 4, 0.8. 0.8, 12.5, 12.5, 54, 3, 9.8
SGD, 1, -9, 1, -9, 64, 4, 64, 4, 0.8. 0.8, 12.5, 12.5, 54, 4, 9.8
SGD, 1, -9, 1, -9, 64, 4, 64, 4, 0.8. 0.8, 12.5, 12.5, 54, 5, 9.8
SGD, 1, -9, 1, -9, 64, 4, 64, 4, 0.8. 0.8, 12.5, 12.5, 54, 6, 9.8
SGD, 1, -9, 1, -9, 64, 4, 64, 4, 0.8. 0.8, 12.5, 12.5, 54, 7, 9.8
SGD, 1, -9, 1, -9, 64, 4, 64, 4, 0.8. 0.8, 12.5, 12.5, 54, 8, 9.8
SGD, 1, -9, 1, -9, 64, 4, 64, 4, 0.8. 0.8, 12.5, 12.5, 54, 9, 9.8
SGD, 1, -9, 1, -9, 64, 4, 64, 4, 0.8. 0.8, 12.5, 12.5, 54, 10, 9.8
SGD, 1, -9, 1, -9, 64, 8, 64, 8, 0.2. 0.2, 12.5, 12.5, 2, 1, 15.32
SGD, 1, -9, 1, -9, 64, 8, 64, 8, 0.2. 0.2, 12.5, 12.5, 2, 2, 12.6
SGD, 1, -9, 1, -9, 64, 8, 64, 8, 0.2. 0.2, 12.5, 12.5, 2, 3, 10.74
SGD, 1, -9, 1, -9, 64, 8, 64, 8, 0.2. 0.2, 12.5, 12.5, 2, 4, 10.01
SGD, 1, -9, 1, -9, 64, 8, 64, 8, 0.2. 0.2, 12.5, 12.5, 2, 5, 9.92
SGD, 1, -9, 1, -9, 64, 8, 64, 8, 0.2. 0.2, 12.5, 12.5, 2, 6, 9.81
SGD, 1, -9, 1, -9, 64, 8, 64, 8, 0.2. 0.2, 12.5, 12.5, 2, 7, 9.8
SGD, 1, -9, 1, -9, 64, 8, 64, 8, 0.2. 0.2, 12.5, 12.5, 2, 8, 9.81
SGD, 1, -9, 1, -9, 64, 8, 64, 8, 0.2. 0.2, 12.5, 12.5, 2, 9, 9.82
SGD, 1, -9, 1, -9, 64, 8, 64, 8, 0.2. 0.2, 12.5, 12.5, 2, 10, 9.82
SGD, 1, -9, 1, -9, 64, 8, 64, 8, 0.2. 0.2, 12.5, 12.5, 6, 1, 20.47
SGD, 1, -9, 1, -9, 64, 8, 64, 8, 0.2. 0.2, 12.5, 12.5, 6, 2, 19.8
SGD, 1, -9, 1, -9, 64, 8, 64, 8, 0.2. 0.2, 12.5, 12.5, 6, 3, 19.42
SGD, 1, -9, 1, -9, 64, 8, 64, 8, 0.2. 0.2, 12.5, 12.5, 6, 4, 13.41
SGD, 1, -9, 1, -9, 64, 8, 64, 8, 0.2. 0.2, 12.5, 12.5, 6, 5, 12.77
SGD, 1, -9, 1, -9, 64, 8, 64, 8, 0.2. 0.2, 12.5, 12.5, 6, 6, 12.89
SGD, 1, -9, 1, -9, 64, 8, 64, 8, 0.2. 0.2, 12.5, 12.5, 6, 7, 12.31
SGD, 1, -9, 1, -9, 64, 8, 64, 8, 0.2. 0.2, 12.5, 12.5, 6, 8, 12.24
SGD, 1, -9, 1, -9, 64, 8, 64, 8, 0.2. 0.2, 12.5, 12.5, 6, 9, 11.91
SGD, 1, -9, 1, -9, 64, 8, 64, 8, 0.2. 0.2, 12.5, 12.5, 6, 10, 11.68
SGD, 1, -9, 1, -9, 64, 8, 64, 8, 0.2. 0.2, 12.5, 12.5, 18, 1, 20.97
SGD, 1, -9, 1, -9, 64, 8, 64, 8, 0.2. 0.2, 12.5, 12.5, 18, 2, 11.45
SGD, 1, -9, 1, -9, 64, 8, 64, 8, 0.2. 0.2, 12.5, 12.5, 18, 3, 11.35
SGD, 1, -9, 1, -9, 64, 8, 64, 8, 0.2. 0.2, 12.5, 12.5, 18, 4, 11.35
SGD, 1, -9, 1, -9, 64, 8, 64, 8, 0.2. 0.2, 12.5, 12.5, 18, 5, 11.35
SGD, 1, -9, 1, -9, 64, 8, 64, 8, 0.2. 0.2, 12.5, 12.5, 18, 6, 11.35
SGD, 1, -9, 1, -9, 64, 8, 64, 8, 0.2. 0.2, 12.5, 12.5, 18, 7, 11.35
SGD, 1, -9, 1, -9, 64, 8, 64, 8, 0.2. 0.2, 12.5, 12.5, 18, 8, 11.35
SGD, 1, -9, 1, -9, 64, 8, 64, 8, 0.2. 0.2, 12.5, 12.5, 18, 9, 11.35
SGD, 1, -9, 1, -9, 64, 8, 64, 8, 0.2. 0.2, 12.5, 12.5, 18, 10, 11.35
SGD, 1, -9, 1, -9, 64, 8, 64, 8, 0.2. 0.2, 12.5, 12.5, 54, 1, 16.79
SGD, 1, -9, 1, -9, 64, 8, 64, 8, 0.2. 0.2, 12.5, 12.5, 54, 2, 11.35
SGD, 1, -9, 1, -9, 64, 8, 64, 8, 0.2. 0.2, 12.5, 12.5, 54, 3, 11.35
SGD, 1, -9, 1, -9, 64, 8, 64, 8, 0.2. 0.2, 12.5, 12.5, 54, 4, 11.35
SGD, 1, -9, 1, -9, 64, 8, 64, 8, 0.2. 0.2, 12.5, 12.5, 54, 5, 11.36
SGD, 1, -9, 1, -9, 64, 8, 64, 8, 0.2. 0.2, 12.5, 12.5, 54, 6, 11.35
SGD, 1, -9, 1, -9, 64, 8, 64, 8, 0.2. 0.2, 12.5, 12.5, 54, 7, 11.36
SGD, 1, -9, 1, -9, 64, 8, 64, 8, 0.2. 0.2, 12.5, 12.5, 54, 8, 11.36
SGD, 1, -9, 1, -9, 64, 8, 64, 8, 0.2. 0.2, 12.5, 12.5, 54, 9, 11.39
SGD, 1, -9, 1, -9, 64, 8, 64, 8, 0.2. 0.2, 12.5, 12.5, 54, 10, 11.35
SGD, 1, -9, 1, -9, 64, 8, 64, 8, 0.4. 0.4, 12.5, 12.5, 2, 1, 25.59
SGD, 1, -9, 1, -9, 64, 8, 64, 8, 0.4. 0.4, 12.5, 12.5, 2, 2, 11.34
SGD, 1, -9, 1, -9, 64, 8, 64, 8, 0.4. 0.4, 12.5, 12.5, 2, 3, 11.34
SGD, 1, -9, 1, -9, 64, 8, 64, 8, 0.4. 0.4, 12.5, 12.5, 2, 4, 11.34
SGD, 1, -9, 1, -9, 64, 8, 64, 8, 0.4. 0.4, 12.5, 12.5, 2, 5, 11.34
SGD, 1, -9, 1, -9, 64, 8, 64, 8, 0.4. 0.4, 12.5, 12.5, 2, 6, 11.35
SGD, 1, -9, 1, -9, 64, 8, 64, 8, 0.4. 0.4, 12.5, 12.5, 2, 7, 11.35
SGD, 1, -9, 1, -9, 64, 8, 64, 8, 0.4. 0.4, 12.5, 12.5, 2, 8, 11.35
SGD, 1, -9, 1, -9, 64, 8, 64, 8, 0.4. 0.4, 12.5, 12.5, 2, 9, 11.35
SGD, 1, -9, 1, -9, 64, 8, 64, 8, 0.4. 0.4, 12.5, 12.5, 2, 10, 11.35
SGD, 1, -9, 1, -9, 64, 8, 64, 8, 0.4. 0.4, 12.5, 12.5, 6, 1, 11.35
SGD, 1, -9, 1, -9, 64, 8, 64, 8, 0.4. 0.4, 12.5, 12.5, 6, 2, 11.35
SGD, 1, -9, 1, -9, 64, 8, 64, 8, 0.4. 0.4, 12.5, 12.5, 6, 3, 11.35
SGD, 1, -9, 1, -9, 64, 8, 64, 8, 0.4. 0.4, 12.5, 12.5, 6, 4, 11.35
SGD, 1, -9, 1, -9, 64, 8, 64, 8, 0.4. 0.4, 12.5, 12.5, 6, 5, 11.35
SGD, 1, -9, 1, -9, 64, 8, 64, 8, 0.4. 0.4, 12.5, 12.5, 6, 6, 11.35
SGD, 1, -9, 1, -9, 64, 8, 64, 8, 0.4. 0.4, 12.5, 12.5, 6, 7, 11.35
SGD, 1, -9, 1, -9, 64, 8, 64, 8, 0.4. 0.4, 12.5, 12.5, 6, 8, 11.35
SGD, 1, -9, 1, -9, 64, 8, 64, 8, 0.4. 0.4, 12.5, 12.5, 6, 9, 11.35
SGD, 1, -9, 1, -9, 64, 8, 64, 8, 0.4. 0.4, 12.5, 12.5, 6, 10, 11.35
SGD, 1, -9, 1, -9, 64, 8, 64, 8, 0.4. 0.4, 12.5, 12.5, 18, 1, 11.33
SGD, 1, -9, 1, -9, 64, 8, 64, 8, 0.4. 0.4, 12.5, 12.5, 18, 2, 11.35
SGD, 1, -9, 1, -9, 64, 8, 64, 8, 0.4. 0.4, 12.5, 12.5, 18, 3, 11.35
SGD, 1, -9, 1, -9, 64, 8, 64, 8, 0.4. 0.4, 12.5, 12.5, 18, 4, 11.35
SGD, 1, -9, 1, -9, 64, 8, 64, 8, 0.4. 0.4, 12.5, 12.5, 18, 5, 11.35
SGD, 1, -9, 1, -9, 64, 8, 64, 8, 0.4. 0.4, 12.5, 12.5, 18, 6, 11.35
SGD, 1, -9, 1, -9, 64, 8, 64, 8, 0.4. 0.4, 12.5, 12.5, 18, 7, 11.35
SGD, 1, -9, 1, -9, 64, 8, 64, 8, 0.4. 0.4, 12.5, 12.5, 18, 8, 11.35
SGD, 1, -9, 1, -9, 64, 8, 64, 8, 0.4. 0.4, 12.5, 12.5, 18, 9, 11.35
SGD, 1, -9, 1, -9, 64, 8, 64, 8, 0.4. 0.4, 12.5, 12.5, 18, 10, 11.35
SGD, 1, -9, 1, -9, 64, 8, 64, 8, 0.4. 0.4, 12.5, 12.5, 54, 1, 11.35
SGD, 1, -9, 1, -9, 64, 8, 64, 8, 0.4. 0.4, 12.5, 12.5, 54, 2, 11.35
SGD, 1, -9, 1, -9, 64, 8, 64, 8, 0.4. 0.4, 12.5, 12.5, 54, 3, 11.35
SGD, 1, -9, 1, -9, 64, 8, 64, 8, 0.4. 0.4, 12.5, 12.5, 54, 4, 11.35
SGD, 1, -9, 1, -9, 64, 8, 64, 8, 0.4. 0.4, 12.5, 12.5, 54, 5, 11.35
SGD, 1, -9, 1, -9, 64, 8, 64, 8, 0.4. 0.4, 12.5, 12.5, 54, 6, 11.35
SGD, 1, -9, 1, -9, 64, 8, 64, 8, 0.4. 0.4, 12.5, 12.5, 54, 7, 11.35
SGD, 1, -9, 1, -9, 64, 8, 64, 8, 0.4. 0.4, 12.5, 12.5, 54, 8, 11.35
SGD, 1, -9, 1, -9, 64, 8, 64, 8, 0.4. 0.4, 12.5, 12.5, 54, 9, 11.35
SGD, 1, -9, 1, -9, 64, 8, 64, 8, 0.4. 0.4, 12.5, 12.5, 54, 10, 11.35
SGD, 1, -9, 1, -9, 64, 8, 64, 8, 0.6. 0.6, 12.5, 12.5, 2, 1, 14.73
SGD, 1, -9, 1, -9, 64, 8, 64, 8, 0.6. 0.6, 12.5, 12.5, 2, 2, 11.35
SGD, 1, -9, 1, -9, 64, 8, 64, 8, 0.6. 0.6, 12.5, 12.5, 2, 3, 15.07
SGD, 1, -9, 1, -9, 64, 8, 64, 8, 0.6. 0.6, 12.5, 12.5, 2, 4, 17.3
SGD, 1, -9, 1, -9, 64, 8, 64, 8, 0.6. 0.6, 12.5, 12.5, 2, 5, 20.13
SGD, 1, -9, 1, -9, 64, 8, 64, 8, 0.6. 0.6, 12.5, 12.5, 2, 6, 11.35
SGD, 1, -9, 1, -9, 64, 8, 64, 8, 0.6. 0.6, 12.5, 12.5, 2, 7, 16.1
SGD, 1, -9, 1, -9, 64, 8, 64, 8, 0.6. 0.6, 12.5, 12.5, 2, 8, 17.72
SGD, 1, -9, 1, -9, 64, 8, 64, 8, 0.6. 0.6, 12.5, 12.5, 2, 9, 16.14
SGD, 1, -9, 1, -9, 64, 8, 64, 8, 0.6. 0.6, 12.5, 12.5, 2, 10, 18.62
SGD, 1, -9, 1, -9, 64, 8, 64, 8, 0.6. 0.6, 12.5, 12.5, 6, 1, 13.28
SGD, 1, -9, 1, -9, 64, 8, 64, 8, 0.6. 0.6, 12.5, 12.5, 6, 2, 13.71
SGD, 1, -9, 1, -9, 64, 8, 64, 8, 0.6. 0.6, 12.5, 12.5, 6, 3, 9.82
SGD, 1, -9, 1, -9, 64, 8, 64, 8, 0.6. 0.6, 12.5, 12.5, 6, 4, 9.8
SGD, 1, -9, 1, -9, 64, 8, 64, 8, 0.6. 0.6, 12.5, 12.5, 6, 5, 12.63
SGD, 1, -9, 1, -9, 64, 8, 64, 8, 0.6. 0.6, 12.5, 12.5, 6, 6, 12.71
SGD, 1, -9, 1, -9, 64, 8, 64, 8, 0.6. 0.6, 12.5, 12.5, 6, 7, 11.09
SGD, 1, -9, 1, -9, 64, 8, 64, 8, 0.6. 0.6, 12.5, 12.5, 6, 8, 12.57
SGD, 1, -9, 1, -9, 64, 8, 64, 8, 0.6. 0.6, 12.5, 12.5, 6, 9, 14.86
SGD, 1, -9, 1, -9, 64, 8, 64, 8, 0.6. 0.6, 12.5, 12.5, 6, 10, 13.5
SGD, 1, -9, 1, -9, 64, 8, 64, 8, 0.6. 0.6, 12.5, 12.5, 18, 1, 12.82
SGD, 1, -9, 1, -9, 64, 8, 64, 8, 0.6. 0.6, 12.5, 12.5, 18, 2, 13.61
SGD, 1, -9, 1, -9, 64, 8, 64, 8, 0.6. 0.6, 12.5, 12.5, 18, 3, 13.5
SGD, 1, -9, 1, -9, 64, 8, 64, 8, 0.6. 0.6, 12.5, 12.5, 18, 4, 13.26
SGD, 1, -9, 1, -9, 64, 8, 64, 8, 0.6. 0.6, 12.5, 12.5, 18, 5, 13.32
SGD, 1, -9, 1, -9, 64, 8, 64, 8, 0.6. 0.6, 12.5, 12.5, 18, 6, 12.17
SGD, 1, -9, 1, -9, 64, 8, 64, 8, 0.6. 0.6, 12.5, 12.5, 18, 7, 13.71
SGD, 1, -9, 1, -9, 64, 8, 64, 8, 0.6. 0.6, 12.5, 12.5, 18, 8, 11.46
SGD, 1, -9, 1, -9, 64, 8, 64, 8, 0.6. 0.6, 12.5, 12.5, 18, 9, 13.92
SGD, 1, -9, 1, -9, 64, 8, 64, 8, 0.6. 0.6, 12.5, 12.5, 18, 10, 13.25
SGD, 1, -9, 1, -9, 64, 8, 64, 8, 0.6. 0.6, 12.5, 12.5, 54, 1, 12.6
SGD, 1, -9, 1, -9, 64, 8, 64, 8, 0.6. 0.6, 12.5, 12.5, 54, 2, 11.55
SGD, 1, -9, 1, -9, 64, 8, 64, 8, 0.6. 0.6, 12.5, 12.5, 54, 3, 13.44
SGD, 1, -9, 1, -9, 64, 8, 64, 8, 0.6. 0.6, 12.5, 12.5, 54, 4, 11.07
SGD, 1, -9, 1, -9, 64, 8, 64, 8, 0.6. 0.6, 12.5, 12.5, 54, 5, 11.9
SGD, 1, -9, 1, -9, 64, 8, 64, 8, 0.6. 0.6, 12.5, 12.5, 54, 6, 11.88
SGD, 1, -9, 1, -9, 64, 8, 64, 8, 0.6. 0.6, 12.5, 12.5, 54, 7, 12.83
SGD, 1, -9, 1, -9, 64, 8, 64, 8, 0.6. 0.6, 12.5, 12.5, 54, 8, 11.39
SGD, 1, -9, 1, -9, 64, 8, 64, 8, 0.6. 0.6, 12.5, 12.5, 54, 9, 11.5
SGD, 1, -9, 1, -9, 64, 8, 64, 8, 0.6. 0.6, 12.5, 12.5, 54, 10, 12.51
SGD, 1, -9, 1, -9, 64, 8, 64, 8, 0.8. 0.8, 12.5, 12.5, 2, 1, 16.7
SGD, 1, -9, 1, -9, 64, 8, 64, 8, 0.8. 0.8, 12.5, 12.5, 2, 2, 10.09
SGD, 1, -9, 1, -9, 64, 8, 64, 8, 0.8. 0.8, 12.5, 12.5, 2, 3, 9.7
SGD, 1, -9, 1, -9, 64, 8, 64, 8, 0.8. 0.8, 12.5, 12.5, 2, 4, 12.23
SGD, 1, -9, 1, -9, 64, 8, 64, 8, 0.8. 0.8, 12.5, 12.5, 2, 5, 13.7
SGD, 1, -9, 1, -9, 64, 8, 64, 8, 0.8. 0.8, 12.5, 12.5, 2, 6, 14.7
SGD, 1, -9, 1, -9, 64, 8, 64, 8, 0.8. 0.8, 12.5, 12.5, 2, 7, 10.6
SGD, 1, -9, 1, -9, 64, 8, 64, 8, 0.8. 0.8, 12.5, 12.5, 2, 8, 11.74
SGD, 1, -9, 1, -9, 64, 8, 64, 8, 0.8. 0.8, 12.5, 12.5, 2, 9, 11.61
SGD, 1, -9, 1, -9, 64, 8, 64, 8, 0.8. 0.8, 12.5, 12.5, 2, 10, 10.87
SGD, 1, -9, 1, -9, 64, 8, 64, 8, 0.8. 0.8, 12.5, 12.5, 6, 1, 11.35
SGD, 1, -9, 1, -9, 64, 8, 64, 8, 0.8. 0.8, 12.5, 12.5, 6, 2, 11.35
SGD, 1, -9, 1, -9, 64, 8, 64, 8, 0.8. 0.8, 12.5, 12.5, 6, 3, 13.54
SGD, 1, -9, 1, -9, 64, 8, 64, 8, 0.8. 0.8, 12.5, 12.5, 6, 4, 13.73
SGD, 1, -9, 1, -9, 64, 8, 64, 8, 0.8. 0.8, 12.5, 12.5, 6, 5, 12.47
SGD, 1, -9, 1, -9, 64, 8, 64, 8, 0.8. 0.8, 12.5, 12.5, 6, 6, 13.69
SGD, 1, -9, 1, -9, 64, 8, 64, 8, 0.8. 0.8, 12.5, 12.5, 6, 7, 15.37
SGD, 1, -9, 1, -9, 64, 8, 64, 8, 0.8. 0.8, 12.5, 12.5, 6, 8, 11.6
SGD, 1, -9, 1, -9, 64, 8, 64, 8, 0.8. 0.8, 12.5, 12.5, 6, 9, 15.66
SGD, 1, -9, 1, -9, 64, 8, 64, 8, 0.8. 0.8, 12.5, 12.5, 6, 10, 14.58
SGD, 1, -9, 1, -9, 64, 8, 64, 8, 0.8. 0.8, 12.5, 12.5, 18, 1, 13.17
SGD, 1, -9, 1, -9, 64, 8, 64, 8, 0.8. 0.8, 12.5, 12.5, 18, 2, 14.1
SGD, 1, -9, 1, -9, 64, 8, 64, 8, 0.8. 0.8, 12.5, 12.5, 18, 3, 12.84
SGD, 1, -9, 1, -9, 64, 8, 64, 8, 0.8. 0.8, 12.5, 12.5, 18, 4, 11.35
SGD, 1, -9, 1, -9, 64, 8, 64, 8, 0.8. 0.8, 12.5, 12.5, 18, 5, 11.37
SGD, 1, -9, 1, -9, 64, 8, 64, 8, 0.8. 0.8, 12.5, 12.5, 18, 6, 12.1
SGD, 1, -9, 1, -9, 64, 8, 64, 8, 0.8. 0.8, 12.5, 12.5, 18, 7, 14.48
SGD, 1, -9, 1, -9, 64, 8, 64, 8, 0.8. 0.8, 12.5, 12.5, 18, 8, 11.35
SGD, 1, -9, 1, -9, 64, 8, 64, 8, 0.8. 0.8, 12.5, 12.5, 18, 9, 13.17
SGD, 1, -9, 1, -9, 64, 8, 64, 8, 0.8. 0.8, 12.5, 12.5, 18, 10, 13.03
SGD, 1, -9, 1, -9, 64, 8, 64, 8, 0.8. 0.8, 12.5, 12.5, 54, 1, 12.18
SGD, 1, -9, 1, -9, 64, 8, 64, 8, 0.8. 0.8, 12.5, 12.5, 54, 2, 11.55
SGD, 1, -9, 1, -9, 64, 8, 64, 8, 0.8. 0.8, 12.5, 12.5, 54, 3, 12
SGD, 1, -9, 1, -9, 64, 8, 64, 8, 0.8. 0.8, 12.5, 12.5, 54, 4, 10.04
SGD, 1, -9, 1, -9, 64, 8, 64, 8, 0.8. 0.8, 12.5, 12.5, 54, 5, 11.34
SGD, 1, -9, 1, -9, 64, 8, 64, 8, 0.8. 0.8, 12.5, 12.5, 54, 6, 11.35
SGD, 1, -9, 1, -9, 64, 8, 64, 8, 0.8. 0.8, 12.5, 12.5, 54, 7, 11.73
SGD, 1, -9, 1, -9, 64, 8, 64, 8, 0.8. 0.8, 12.5, 12.5, 54, 8, 11.35
SGD, 1, -9, 1, -9, 64, 8, 64, 8, 0.8. 0.8, 12.5, 12.5, 54, 9, 12.1
SGD, 1, -9, 1, -9, 64, 8, 64, 8, 0.8. 0.8, 12.5, 12.5, 54, 10, 12.46
SGD, 1, -9, 1, -9, 64, 16, 64, 16, 0.2. 0.2, 12.5, 12.5, 2, 1, 18.59
SGD, 1, -9, 1, -9, 64, 16, 64, 16, 0.2. 0.2, 12.5, 12.5, 2, 2, 14.4
SGD, 1, -9, 1, -9, 64, 16, 64, 16, 0.2. 0.2, 12.5, 12.5, 2, 3, 10.24
SGD, 1, -9, 1, -9, 64, 16, 64, 16, 0.2. 0.2, 12.5, 12.5, 2, 4, 10.1
SGD, 1, -9, 1, -9, 64, 16, 64, 16, 0.2. 0.2, 12.5, 12.5, 2, 5, 10.1
SGD, 1, -9, 1, -9, 64, 16, 64, 16, 0.2. 0.2, 12.5, 12.5, 2, 6, 10.1
SGD, 1, -9, 1, -9, 64, 16, 64, 16, 0.2. 0.2, 12.5, 12.5, 2, 7, 10.1
SGD, 1, -9, 1, -9, 64, 16, 64, 16, 0.2. 0.2, 12.5, 12.5, 2, 8, 10.1
SGD, 1, -9, 1, -9, 64, 16, 64, 16, 0.2. 0.2, 12.5, 12.5, 2, 9, 10.1
SGD, 1, -9, 1, -9, 64, 16, 64, 16, 0.2. 0.2, 12.5, 12.5, 2, 10, 10.1
SGD, 1, -9, 1, -9, 64, 16, 64, 16, 0.2. 0.2, 12.5, 12.5, 6, 1, 25.21
SGD, 1, -9, 1, -9, 64, 16, 64, 16, 0.2. 0.2, 12.5, 12.5, 6, 2, 16.65
SGD, 1, -9, 1, -9, 64, 16, 64, 16, 0.2. 0.2, 12.5, 12.5, 6, 3, 12.71
SGD, 1, -9, 1, -9, 64, 16, 64, 16, 0.2. 0.2, 12.5, 12.5, 6, 4, 11.78
SGD, 1, -9, 1, -9, 64, 16, 64, 16, 0.2. 0.2, 12.5, 12.5, 6, 5, 11.34
SGD, 1, -9, 1, -9, 64, 16, 64, 16, 0.2. 0.2, 12.5, 12.5, 6, 6, 11.34
SGD, 1, -9, 1, -9, 64, 16, 64, 16, 0.2. 0.2, 12.5, 12.5, 6, 7, 11.34
SGD, 1, -9, 1, -9, 64, 16, 64, 16, 0.2. 0.2, 12.5, 12.5, 6, 8, 11.35
SGD, 1, -9, 1, -9, 64, 16, 64, 16, 0.2. 0.2, 12.5, 12.5, 6, 9, 11.35
SGD, 1, -9, 1, -9, 64, 16, 64, 16, 0.2. 0.2, 12.5, 12.5, 6, 10, 11.35
SGD, 1, -9, 1, -9, 64, 16, 64, 16, 0.2. 0.2, 12.5, 12.5, 18, 1, 20.86
SGD, 1, -9, 1, -9, 64, 16, 64, 16, 0.2. 0.2, 12.5, 12.5, 18, 2, 25.76
SGD, 1, -9, 1, -9, 64, 16, 64, 16, 0.2. 0.2, 12.5, 12.5, 18, 3, 19.87
SGD, 1, -9, 1, -9, 64, 16, 64, 16, 0.2. 0.2, 12.5, 12.5, 18, 4, 17.98
SGD, 1, -9, 1, -9, 64, 16, 64, 16, 0.2. 0.2, 12.5, 12.5, 18, 5, 12.58
SGD, 1, -9, 1, -9, 64, 16, 64, 16, 0.2. 0.2, 12.5, 12.5, 18, 6, 9.8
SGD, 1, -9, 1, -9, 64, 16, 64, 16, 0.2. 0.2, 12.5, 12.5, 18, 7, 9.8
SGD, 1, -9, 1, -9, 64, 16, 64, 16, 0.2. 0.2, 12.5, 12.5, 18, 8, 9.8
SGD, 1, -9, 1, -9, 64, 16, 64, 16, 0.2. 0.2, 12.5, 12.5, 18, 9, 9.8
SGD, 1, -9, 1, -9, 64, 16, 64, 16, 0.2. 0.2, 12.5, 12.5, 18, 10, 9.8
SGD, 1, -9, 1, -9, 64, 16, 64, 16, 0.2. 0.2, 12.5, 12.5, 54, 1, 26.69
SGD, 1, -9, 1, -9, 64, 16, 64, 16, 0.2. 0.2, 12.5, 12.5, 54, 2, 10.45
SGD, 1, -9, 1, -9, 64, 16, 64, 16, 0.2. 0.2, 12.5, 12.5, 54, 3, 10.35
SGD, 1, -9, 1, -9, 64, 16, 64, 16, 0.2. 0.2, 12.5, 12.5, 54, 4, 10.15
SGD, 1, -9, 1, -9, 64, 16, 64, 16, 0.2. 0.2, 12.5, 12.5, 54, 5, 9.96
SGD, 1, -9, 1, -9, 64, 16, 64, 16, 0.2. 0.2, 12.5, 12.5, 54, 6, 9.9
SGD, 1, -9, 1, -9, 64, 16, 64, 16, 0.2. 0.2, 12.5, 12.5, 54, 7, 9.8
SGD, 1, -9, 1, -9, 64, 16, 64, 16, 0.2. 0.2, 12.5, 12.5, 54, 8, 9.8
SGD, 1, -9, 1, -9, 64, 16, 64, 16, 0.2. 0.2, 12.5, 12.5, 54, 9, 9.8
SGD, 1, -9, 1, -9, 64, 16, 64, 16, 0.2. 0.2, 12.5, 12.5, 54, 10, 9.8
SGD, 1, -9, 1, -9, 64, 16, 64, 16, 0.4. 0.4, 12.5, 12.5, 2, 1, 19.83
SGD, 1, -9, 1, -9, 64, 16, 64, 16, 0.4. 0.4, 12.5, 12.5, 2, 2, 17.73
SGD, 1, -9, 1, -9, 64, 16, 64, 16, 0.4. 0.4, 12.5, 12.5, 2, 3, 25.36
SGD, 1, -9, 1, -9, 64, 16, 64, 16, 0.4. 0.4, 12.5, 12.5, 2, 4, 18.17
SGD, 1, -9, 1, -9, 64, 16, 64, 16, 0.4. 0.4, 12.5, 12.5, 2, 5, 20.41
SGD, 1, -9, 1, -9, 64, 16, 64, 16, 0.4. 0.4, 12.5, 12.5, 2, 6, 19.61
SGD, 1, -9, 1, -9, 64, 16, 64, 16, 0.4. 0.4, 12.5, 12.5, 2, 7, 15.66
SGD, 1, -9, 1, -9, 64, 16, 64, 16, 0.4. 0.4, 12.5, 12.5, 2, 8, 27.04
SGD, 1, -9, 1, -9, 64, 16, 64, 16, 0.4. 0.4, 12.5, 12.5, 2, 9, 22.18
SGD, 1, -9, 1, -9, 64, 16, 64, 16, 0.4. 0.4, 12.5, 12.5, 2, 10, 14.44
SGD, 1, -9, 1, -9, 64, 16, 64, 16, 0.4. 0.4, 12.5, 12.5, 6, 1, 17.18
SGD, 1, -9, 1, -9, 64, 16, 64, 16, 0.4. 0.4, 12.5, 12.5, 6, 2, 12.22
SGD, 1, -9, 1, -9, 64, 16, 64, 16, 0.4. 0.4, 12.5, 12.5, 6, 3, 14.55
SGD, 1, -9, 1, -9, 64, 16, 64, 16, 0.4. 0.4, 12.5, 12.5, 6, 4, 13.9
SGD, 1, -9, 1, -9, 64, 16, 64, 16, 0.4. 0.4, 12.5, 12.5, 6, 5, 14.11
SGD, 1, -9, 1, -9, 64, 16, 64, 16, 0.4. 0.4, 12.5, 12.5, 6, 6, 11.77
SGD, 1, -9, 1, -9, 64, 16, 64, 16, 0.4. 0.4, 12.5, 12.5, 6, 7, 15.9
SGD, 1, -9, 1, -9, 64, 16, 64, 16, 0.4. 0.4, 12.5, 12.5, 6, 8, 15.64
SGD, 1, -9, 1, -9, 64, 16, 64, 16, 0.4. 0.4, 12.5, 12.5, 6, 9, 16.58
SGD, 1, -9, 1, -9, 64, 16, 64, 16, 0.4. 0.4, 12.5, 12.5, 6, 10, 18.54
SGD, 1, -9, 1, -9, 64, 16, 64, 16, 0.4. 0.4, 12.5, 12.5, 18, 1, 17.46
SGD, 1, -9, 1, -9, 64, 16, 64, 16, 0.4. 0.4, 12.5, 12.5, 18, 2, 14.49
SGD, 1, -9, 1, -9, 64, 16, 64, 16, 0.4. 0.4, 12.5, 12.5, 18, 3, 16.13
SGD, 1, -9, 1, -9, 64, 16, 64, 16, 0.4. 0.4, 12.5, 12.5, 18, 4, 10.86
SGD, 1, -9, 1, -9, 64, 16, 64, 16, 0.4. 0.4, 12.5, 12.5, 18, 5, 13.53
SGD, 1, -9, 1, -9, 64, 16, 64, 16, 0.4. 0.4, 12.5, 12.5, 18, 6, 13.58
SGD, 1, -9, 1, -9, 64, 16, 64, 16, 0.4. 0.4, 12.5, 12.5, 18, 7, 12.76
SGD, 1, -9, 1, -9, 64, 16, 64, 16, 0.4. 0.4, 12.5, 12.5, 18, 8, 15.75
SGD, 1, -9, 1, -9, 64, 16, 64, 16, 0.4. 0.4, 12.5, 12.5, 18, 9, 14.73
SGD, 1, -9, 1, -9, 64, 16, 64, 16, 0.4. 0.4, 12.5, 12.5, 18, 10, 14.62
SGD, 1, -9, 1, -9, 64, 16, 64, 16, 0.4. 0.4, 12.5, 12.5, 54, 1, 17.21
SGD, 1, -9, 1, -9, 64, 16, 64, 16, 0.4. 0.4, 12.5, 12.5, 54, 2, 14.34
SGD, 1, -9, 1, -9, 64, 16, 64, 16, 0.4. 0.4, 12.5, 12.5, 54, 3, 10.58
SGD, 1, -9, 1, -9, 64, 16, 64, 16, 0.4. 0.4, 12.5, 12.5, 54, 4, 11.01
SGD, 1, -9, 1, -9, 64, 16, 64, 16, 0.4. 0.4, 12.5, 12.5, 54, 5, 11.75
SGD, 1, -9, 1, -9, 64, 16, 64, 16, 0.4. 0.4, 12.5, 12.5, 54, 6, 10.94
SGD, 1, -9, 1, -9, 64, 16, 64, 16, 0.4. 0.4, 12.5, 12.5, 54, 7, 13.05
SGD, 1, -9, 1, -9, 64, 16, 64, 16, 0.4. 0.4, 12.5, 12.5, 54, 8, 13.51
SGD, 1, -9, 1, -9, 64, 16, 64, 16, 0.4. 0.4, 12.5, 12.5, 54, 9, 11.71
SGD, 1, -9, 1, -9, 64, 16, 64, 16, 0.4. 0.4, 12.5, 12.5, 54, 10, 11.42
SGD, 1, -9, 1, -9, 64, 16, 64, 16, 0.6. 0.6, 12.5, 12.5, 2, 1, 42.72
SGD, 1, -9, 1, -9, 64, 16, 64, 16, 0.6. 0.6, 12.5, 12.5, 2, 2, 42.67
SGD, 1, -9, 1, -9, 64, 16, 64, 16, 0.6. 0.6, 12.5, 12.5, 2, 3, 42.72
SGD, 1, -9, 1, -9, 64, 16, 64, 16, 0.6. 0.6, 12.5, 12.5, 2, 4, 45.57
SGD, 1, -9, 1, -9, 64, 16, 64, 16, 0.6. 0.6, 12.5, 12.5, 2, 5, 32.48
SGD, 1, -9, 1, -9, 64, 16, 64, 16, 0.6. 0.6, 12.5, 12.5, 2, 6, 26.63
SGD, 1, -9, 1, -9, 64, 16, 64, 16, 0.6. 0.6, 12.5, 12.5, 2, 7, 43.83
SGD, 1, -9, 1, -9, 64, 16, 64, 16, 0.6. 0.6, 12.5, 12.5, 2, 8, 32
SGD, 1, -9, 1, -9, 64, 16, 64, 16, 0.6. 0.6, 12.5, 12.5, 2, 9, 37.51
SGD, 1, -9, 1, -9, 64, 16, 64, 16, 0.6. 0.6, 12.5, 12.5, 2, 10, 36.5
SGD, 1, -9, 1, -9, 64, 16, 64, 16, 0.6. 0.6, 12.5, 12.5, 6, 1, 13.79
SGD, 1, -9, 1, -9, 64, 16, 64, 16, 0.6. 0.6, 12.5, 12.5, 6, 2, 15.16
SGD, 1, -9, 1, -9, 64, 16, 64, 16, 0.6. 0.6, 12.5, 12.5, 6, 3, 18.89
SGD, 1, -9, 1, -9, 64, 16, 64, 16, 0.6. 0.6, 12.5, 12.5, 6, 4, 16
SGD, 1, -9, 1, -9, 64, 16, 64, 16, 0.6. 0.6, 12.5, 12.5, 6, 5, 11.1
SGD, 1, -9, 1, -9, 64, 16, 64, 16, 0.6. 0.6, 12.5, 12.5, 6, 6, 9.86
SGD, 1, -9, 1, -9, 64, 16, 64, 16, 0.6. 0.6, 12.5, 12.5, 6, 7, 16.79
SGD, 1, -9, 1, -9, 64, 16, 64, 16, 0.6. 0.6, 12.5, 12.5, 6, 8, 17.83
SGD, 1, -9, 1, -9, 64, 16, 64, 16, 0.6. 0.6, 12.5, 12.5, 6, 9, 18.47
SGD, 1, -9, 1, -9, 64, 16, 64, 16, 0.6. 0.6, 12.5, 12.5, 6, 10, 11

SGD, 1, -9, 1, -9, 128, 8, 128, 8, 0.2. 0.2, 12.5, 12.5, 2, 1, 26.33
SGD, 1, -9, 1, -9, 128, 8, 128, 8, 0.2. 0.2, 12.5, 12.5, 2, 2, 14.28
SGD, 1, -9, 1, -9, 128, 8, 128, 8, 0.2. 0.2, 12.5, 12.5, 2, 3, 11.46
SGD, 1, -9, 1, -9, 128, 8, 128, 8, 0.2. 0.2, 12.5, 12.5, 2, 4, 11.35
SGD, 1, -9, 1, -9, 128, 8, 128, 8, 0.2. 0.2, 12.5, 12.5, 2, 5, 11.35
SGD, 1, -9, 1, -9, 128, 8, 128, 8, 0.2. 0.2, 12.5, 12.5, 2, 6, 11.35
SGD, 1, -9, 1, -9, 128, 8, 128, 8, 0.2. 0.2, 12.5, 12.5, 2, 7, 11.35
SGD, 1, -9, 1, -9, 128, 8, 128, 8, 0.2. 0.2, 12.5, 12.5, 2, 8, 11.35
SGD, 1, -9, 1, -9, 128, 8, 128, 8, 0.2. 0.2, 12.5, 12.5, 2, 9, 11.35
SGD, 1, -9, 1, -9, 128, 8, 128, 8, 0.2. 0.2, 12.5, 12.5, 2, 10, 11.35
SGD, 1, -9, 1, -9, 128, 8, 128, 8, 0.2. 0.2, 12.5, 12.5, 6, 1, 18.16
SGD, 1, -9, 1, -9, 128, 8, 128, 8, 0.2. 0.2, 12.5, 12.5, 6, 2, 11.35
SGD, 1, -9, 1, -9, 128, 8, 128, 8, 0.2. 0.2, 12.5, 12.5, 6, 3, 11.35
SGD, 1, -9, 1, -9, 128, 8, 128, 8, 0.2. 0.2, 12.5, 12.5, 6, 4, 11.35
SGD, 1, -9, 1, -9, 128, 8, 128, 8, 0.2. 0.2, 12.5, 12.5, 6, 5, 11.35
SGD, 1, -9, 1, -9, 128, 8, 128, 8, 0.2. 0.2, 12.5, 12.5, 6, 6, 11.35
SGD, 1, -9, 1, -9, 128, 8, 128, 8, 0.2. 0.2, 12.5, 12.5, 6, 7, 11.35
SGD, 1, -9, 1, -9, 128, 8, 128, 8, 0.2. 0.2, 12.5, 12.5, 6, 8, 11.35
SGD, 1, -9, 1, -9, 128, 8, 128, 8, 0.2. 0.2, 12.5, 12.5, 6, 9, 11.35
SGD, 1, -9, 1, -9, 128, 8, 128, 8, 0.2. 0.2, 12.5, 12.5, 6, 10, 11.35
SGD, 1, -9, 1, -9, 128, 8, 128, 8, 0.2. 0.2, 12.5, 12.5, 18, 1, 17.45
SGD, 1, -9, 1, -9, 128, 8, 128, 8, 0.2. 0.2, 12.5, 12.5, 18, 2, 11.36
SGD, 1, -9, 1, -9, 128, 8, 128, 8, 0.2. 0.2, 12.5, 12.5, 18, 3, 11.4
SGD, 1, -9, 1, -9, 128, 8, 128, 8, 0.2. 0.2, 12.5, 12.5, 18, 4, 11.35
SGD, 1, -9, 1, -9, 128, 8, 128, 8, 0.2. 0.2, 12.5, 12.5, 18, 5, 11.35
SGD, 1, -9, 1, -9, 128, 8, 128, 8, 0.2. 0.2, 12.5, 12.5, 18, 6, 11.34
SGD, 1, -9, 1, -9, 128, 8, 128, 8, 0.2. 0.2, 12.5, 12.5, 18, 7, 11.34
SGD, 1, -9, 1, -9, 128, 8, 128, 8, 0.2. 0.2, 12.5, 12.5, 18, 8, 11.35
SGD, 1, -9, 1, -9, 128, 8, 128, 8, 0.2. 0.2, 12.5, 12.5, 18, 9, 11.35
SGD, 1, -9, 1, -9, 128, 8, 128, 8, 0.2. 0.2, 12.5, 12.5, 18, 10, 11.34
SGD, 1, -9, 1, -9, 128, 8, 128, 8, 0.2. 0.2, 12.5, 12.5, 54, 1, 14.32
SGD, 1, -9, 1, -9, 128, 8, 128, 8, 0.2. 0.2, 12.5, 12.5, 54, 2, 11.35
SGD, 1, -9, 1, -9, 128, 8, 128, 8, 0.2. 0.2, 12.5, 12.5, 54, 3, 11.34
SGD, 1, -9, 1, -9, 128, 8, 128, 8, 0.2. 0.2, 12.5, 12.5, 54, 4, 11.34
SGD, 1, -9, 1, -9, 128, 8, 128, 8, 0.2. 0.2, 12.5, 12.5, 54, 5, 11.34
SGD, 1, -9, 1, -9, 128, 8, 128, 8, 0.2. 0.2, 12.5, 12.5, 54, 6, 11.34
SGD, 1, -9, 1, -9, 128, 8, 128, 8, 0.2. 0.2, 12.5, 12.5, 54, 7, 11.34
SGD, 1, -9, 1, -9, 128, 8, 128, 8, 0.2. 0.2, 12.5, 12.5, 54, 8, 11.34
SGD, 1, -9, 1, -9, 128, 8, 128, 8, 0.2. 0.2, 12.5, 12.5, 54, 9, 11.34
SGD, 1, -9, 1, -9, 128, 8, 128, 8, 0.2. 0.2, 12.5, 12.5, 54, 10, 11.34
SGD, 1, -9, 1, -9, 128, 8, 128, 8, 0.4. 0.4, 12.5, 12.5, 2, 1, 18
SGD, 1, -9, 1, -9, 128, 8, 128, 8, 0.4. 0.4, 12.5, 12.5, 2, 2, 10.54
SGD, 1, -9, 1, -9, 128, 8, 128, 8, 0.4. 0.4, 12.5, 12.5, 2, 3, 11.35
SGD, 1, -9, 1, -9, 128, 8, 128, 8, 0.4. 0.4, 12.5, 12.5, 2, 4, 11.35
SGD, 1, -9, 1, -9, 128, 8, 128, 8, 0.4. 0.4, 12.5, 12.5, 2, 5, 11.35
SGD, 1, -9, 1, -9, 128, 8, 128, 8, 0.4. 0.4, 12.5, 12.5, 2, 6, 11.35
SGD, 1, -9, 1, -9, 128, 8, 128, 8, 0.4. 0.4, 12.5, 12.5, 2, 7, 11.35
SGD, 1, -9, 1, -9, 128, 8, 128, 8, 0.4. 0.4, 12.5, 12.5, 2, 8, 11.35
SGD, 1, -9, 1, -9, 128, 8, 128, 8, 0.4. 0.4, 12.5, 12.5, 2, 9, 11.35
SGD, 1, -9, 1, -9, 128, 8, 128, 8, 0.4. 0.4, 12.5, 12.5, 2, 10, 11.35
SGD, 1, -9, 1, -9, 128, 8, 128, 8, 0.4. 0.4, 12.5, 12.5, 6, 1, 10.34
SGD, 1, -9, 1, -9, 128, 8, 128, 8, 0.4. 0.4, 12.5, 12.5, 6, 2, 9.8
SGD, 1, -9, 1, -9, 128, 8, 128, 8, 0.4. 0.4, 12.5, 12.5, 6, 3, 9.8
SGD, 1, -9, 1, -9, 128, 8, 128, 8, 0.4. 0.4, 12.5, 12.5, 6, 4, 9.8
SGD, 1, -9, 1, -9, 128, 8, 128, 8, 0.4. 0.4, 12.5, 12.5, 6, 5, 9.8
SGD, 1, -9, 1, -9, 128, 8, 128, 8, 0.4. 0.4, 12.5, 12.5, 6, 6, 9.75
SGD, 1, -9, 1, -9, 128, 8, 128, 8, 0.4. 0.4, 12.5, 12.5, 6, 7, 9.8
SGD, 1, -9, 1, -9, 128, 8, 128, 8, 0.4. 0.4, 12.5, 12.5, 6, 8, 9.8
SGD, 1, -9, 1, -9, 128, 8, 128, 8, 0.4. 0.4, 12.5, 12.5, 6, 9, 9.8
SGD, 1, -9, 1, -9, 128, 8, 128, 8, 0.4. 0.4, 12.5, 12.5, 6, 10, 9.8
SGD, 1, -9, 1, -9, 128, 8, 128, 8, 0.4. 0.4, 12.5, 12.5, 18, 1, 9.79
SGD, 1, -9, 1, -9, 128, 8, 128, 8, 0.4. 0.4, 12.5, 12.5, 18, 2, 9.78
SGD, 1, -9, 1, -9, 128, 8, 128, 8, 0.4. 0.4, 12.5, 12.5, 18, 3, 9.8
SGD, 1, -9, 1, -9, 128, 8, 128, 8, 0.4. 0.4, 12.5, 12.5, 18, 4, 9.8
SGD, 1, -9, 1, -9, 128, 8, 128, 8, 0.4. 0.4, 12.5, 12.5, 18, 5, 9.8
SGD, 1, -9, 1, -9, 128, 8, 128, 8, 0.4. 0.4, 12.5, 12.5, 18, 6, 9.8
SGD, 1, -9, 1, -9, 128, 8, 128, 8, 0.4. 0.4, 12.5, 12.5, 18, 7, 9.8
SGD, 1, -9, 1, -9, 128, 8, 128, 8, 0.4. 0.4, 12.5, 12.5, 18, 8, 9.8
SGD, 1, -9, 1, -9, 128, 8, 128, 8, 0.4. 0.4, 12.5, 12.5, 18, 9, 9.8
SGD, 1, -9, 1, -9, 128, 8, 128, 8, 0.4. 0.4, 12.5, 12.5, 18, 10, 9.8
SGD, 1, -9, 1, -9, 128, 8, 128, 8, 0.4. 0.4, 12.5, 12.5, 54, 1, 9.81
SGD, 1, -9, 1, -9, 128, 8, 128, 8, 0.4. 0.4, 12.5, 12.5, 54, 2, 9.79
SGD, 1, -9, 1, -9, 128, 8, 128, 8, 0.4. 0.4, 12.5, 12.5, 54, 3, 9.79
SGD, 1, -9, 1, -9, 128, 8, 128, 8, 0.4. 0.4, 12.5, 12.5, 54, 4, 9.79
SGD, 1, -9, 1, -9, 128, 8, 128, 8, 0.4. 0.4, 12.5, 12.5, 54, 5, 9.76
SGD, 1, -9, 1, -9, 128, 8, 128, 8, 0.4. 0.4, 12.5, 12.5, 54, 6, 9.8
SGD, 1, -9, 1, -9, 128, 8, 128, 8, 0.4. 0.4, 12.5, 12.5, 54, 7, 9.8
SGD, 1, -9, 1, -9, 128, 8, 128, 8, 0.4. 0.4, 12.5, 12.5, 54, 8, 9.8
SGD, 1, -9, 1, -9, 128, 8, 128, 8, 0.4. 0.4, 12.5, 12.5, 54, 9, 9.8
SGD, 1, -9, 1, -9, 128, 8, 128, 8, 0.4. 0.4, 12.5, 12.5, 54, 10, 9.8
SGD, 1, -9, 1, -9, 128, 8, 128, 8, 0.6. 0.6, 12.5, 12.5, 2, 1, 15.43
SGD, 1, -9, 1, -9, 128, 8, 128, 8, 0.6. 0.6, 12.5, 12.5, 2, 2, 11.35
SGD, 1, -9, 1, -9, 128, 8, 128, 8, 0.6. 0.6, 12.5, 12.5, 2, 3, 17.03
SGD, 1, -9, 1, -9, 128, 8, 128, 8, 0.6. 0.6, 12.5, 12.5, 2, 4, 14.18
SGD, 1, -9, 1, -9, 128, 8, 128, 8, 0.6. 0.6, 12.5, 12.5, 2, 5, 15.18
SGD, 1, -9, 1, -9, 128, 8, 128, 8, 0.6. 0.6, 12.5, 12.5, 2, 6, 11.45
SGD, 1, -9, 1, -9, 128, 8, 128, 8, 0.6. 0.6, 12.5, 12.5, 2, 7, 18.31
SGD, 1, -9, 1, -9, 128, 8, 128, 8, 0.6. 0.6, 12.5, 12.5, 2, 8, 11.63
SGD, 1, -9, 1, -9, 128, 8, 128, 8, 0.6. 0.6, 12.5, 12.5, 2, 9, 12.53
SGD, 1, -9, 1, -9, 128, 8, 128, 8, 0.6. 0.6, 12.5, 12.5, 2, 10, 14.72
SGD, 1, -9, 1, -9, 128, 8, 128, 8, 0.6. 0.6, 12.5, 12.5, 6, 1, 13.81
SGD, 1, -9, 1, -9, 128, 8, 128, 8, 0.6. 0.6, 12.5, 12.5, 6, 2, 11.35
SGD, 1, -9, 1, -9, 128, 8, 128, 8, 0.6. 0.6, 12.5, 12.5, 6, 3, 12.07
SGD, 1, -9, 1, -9, 128, 8, 128, 8, 0.6. 0.6, 12.5, 12.5, 6, 4, 11.45
SGD, 1, -9, 1, -9, 128, 8, 128, 8, 0.6. 0.6, 12.5, 12.5, 6, 5, 11.18
SGD, 1, -9, 1, -9, 128, 8, 128, 8, 0.6. 0.6, 12.5, 12.5, 6, 6, 12.49
SGD, 1, -9, 1, -9, 128, 8, 128, 8, 0.6. 0.6, 12.5, 12.5, 6, 7, 12.74
SGD, 1, -9, 1, -9, 128, 8, 128, 8, 0.6. 0.6, 12.5, 12.5, 6, 8, 11.45
SGD, 1, -9, 1, -9, 128, 8, 128, 8, 0.6. 0.6, 12.5, 12.5, 6, 9, 12.53
SGD, 1, -9, 1, -9, 128, 8, 128, 8, 0.6. 0.6, 12.5, 12.5, 6, 10, 12.28
SGD, 1, -9, 1, -9, 128, 8, 128, 8, 0.6. 0.6, 12.5, 12.5, 18, 1, 10.02
SGD, 1, -9, 1, -9, 128, 8, 128, 8, 0.6. 0.6, 12.5, 12.5, 18, 2, 10.11
SGD, 1, -9, 1, -9, 128, 8, 128, 8, 0.6. 0.6, 12.5, 12.5, 18, 3, 10
SGD, 1, -9, 1, -9, 128, 8, 128, 8, 0.6. 0.6, 12.5, 12.5, 18, 4, 9.81
SGD, 1, -9, 1, -9, 128, 8, 128, 8, 0.6. 0.6, 12.5, 12.5, 18, 5, 10.22
SGD, 1, -9, 1, -9, 128, 8, 128, 8, 0.6. 0.6, 12.5, 12.5, 18, 6, 9.82
SGD, 1, -9, 1, -9, 128, 8, 128, 8, 0.6. 0.6, 12.5, 12.5, 18, 7, 9.85
SGD, 1, -9, 1, -9, 128, 8, 128, 8, 0.6. 0.6, 12.5, 12.5, 18, 8, 9.82
SGD, 1, -9, 1, -9, 128, 8, 128, 8, 0.6. 0.6, 12.5, 12.5, 18, 9, 9.9
SGD, 1, -9, 1, -9, 128, 8, 128, 8, 0.6. 0.6, 12.5, 12.5, 18, 10, 9.82
SGD, 1, -9, 1, -9, 128, 8, 128, 8, 0.6. 0.6, 12.5, 12.5, 54, 1, 11.72
SGD, 1, -9, 1, -9, 128, 8, 128, 8, 0.6. 0.6, 12.5, 12.5, 54, 2, 11.37
SGD, 1, -9, 1, -9, 128, 8, 128, 8, 0.6. 0.6, 12.5, 12.5, 54, 3, 11.61
SGD, 1, -9, 1, -9, 128, 8, 128, 8, 0.6. 0.6, 12.5, 12.5, 54, 4, 11.02
SGD, 1, -9, 1, -9, 128, 8, 128, 8, 0.6. 0.6, 12.5, 12.5, 54, 5, 11.29
SGD, 1, -9, 1, -9, 128, 8, 128, 8, 0.6. 0.6, 12.5, 12.5, 54, 6, 11.52
SGD, 1, -9, 1, -9, 128, 8, 128, 8, 0.6. 0.6, 12.5, 12.5, 54, 7, 11.9
SGD, 1, -9, 1, -9, 128, 8, 128, 8, 0.6. 0.6, 12.5, 12.5, 54, 8, 11.35
SGD, 1, -9, 1, -9, 128, 8, 128, 8, 0.6. 0.6, 12.5, 12.5, 54, 9, 12.38
SGD, 1, -9, 1, -9, 128, 8, 128, 8, 0.6. 0.6, 12.5, 12.5, 54, 10, 11.58
SGD, 1, -9, 1, -9, 128, 8, 128, 8, 0.8. 0.8, 12.5, 12.5, 2, 1, 14.42
SGD, 1, -9, 1, -9, 128, 8, 128, 8, 0.8. 0.8, 12.5, 12.5, 2, 2, 11.35
SGD, 1, -9, 1, -9, 128, 8, 128, 8, 0.8. 0.8, 12.5, 12.5, 2, 3, 13.42
SGD, 1, -9, 1, -9, 128, 8, 128, 8, 0.8. 0.8, 12.5, 12.5, 2, 4, 12.67
SGD, 1, -9, 1, -9, 128, 8, 128, 8, 0.8. 0.8, 12.5, 12.5, 2, 5, 12.33
SGD, 1, -9, 1, -9, 128, 8, 128, 8, 0.8. 0.8, 12.5, 12.5, 2, 6, 11.35
SGD, 1, -9, 1, -9, 128, 8, 128, 8, 0.8. 0.8, 12.5, 12.5, 2, 7, 11.8
SGD, 1, -9, 1, -9, 128, 8, 128, 8, 0.8. 0.8, 12.5, 12.5, 2, 8, 11.35
SGD, 1, -9, 1, -9, 128, 8, 128, 8, 0.8. 0.8, 12.5, 12.5, 2, 9, 12.83
SGD, 1, -9, 1, -9, 128, 8, 128, 8, 0.8. 0.8, 12.5, 12.5, 2, 10, 13.57
SGD, 1, -9, 1, -9, 128, 8, 128, 8, 0.8. 0.8, 12.5, 12.5, 6, 1, 11.69
SGD, 1, -9, 1, -9, 128, 8, 128, 8, 0.8. 0.8, 12.5, 12.5, 6, 2, 11.35
SGD, 1, -9, 1, -9, 128, 8, 128, 8, 0.8. 0.8, 12.5, 12.5, 6, 3, 11.29
SGD, 1, -9, 1, -9, 128, 8, 128, 8, 0.8. 0.8, 12.5, 12.5, 6, 4, 10.81
SGD, 1, -9, 1, -9, 128, 8, 128, 8, 0.8. 0.8, 12.5, 12.5, 6, 5, 11.01
SGD, 1, -9, 1, -9, 128, 8, 128, 8, 0.8. 0.8, 12.5, 12.5, 6, 6, 11.36
SGD, 1, -9, 1, -9, 128, 8, 128, 8, 0.8. 0.8, 12.5, 12.5, 6, 7, 10.61
SGD, 1, -9, 1, -9, 128, 8, 128, 8, 0.8. 0.8, 12.5, 12.5, 6, 8, 11.72
SGD, 1, -9, 1, -9, 128, 8, 128, 8, 0.8. 0.8, 12.5, 12.5, 6, 9, 11.3
SGD, 1, -9, 1, -9, 128, 8, 128, 8, 0.8. 0.8, 12.5, 12.5, 6, 10, 11.39
SGD, 1, -9, 1, -9, 128, 8, 128, 8, 0.8. 0.8, 12.5, 12.5, 18, 1, 11.84
SGD, 1, -9, 1, -9, 128, 8, 128, 8, 0.8. 0.8, 12.5, 12.5, 18, 2, 11.81
SGD, 1, -9, 1, -9, 128, 8, 128, 8, 0.8. 0.8, 12.5, 12.5, 18, 3, 11.77
SGD, 1, -9, 1, -9, 128, 8, 128, 8, 0.8. 0.8, 12.5, 12.5, 18, 4, 11.29
SGD, 1, -9, 1, -9, 128, 8, 128, 8, 0.8. 0.8, 12.5, 12.5, 18, 5, 11.05
SGD, 1, -9, 1, -9, 128, 8, 128, 8, 0.8. 0.8, 12.5, 12.5, 18, 6, 11.43
SGD, 1, -9, 1, -9, 128, 8, 128, 8, 0.8. 0.8, 12.5, 12.5, 18, 7, 11.85
SGD, 1, -9, 1, -9, 128, 8, 128, 8, 0.8. 0.8, 12.5, 12.5, 18, 8, 11.35
SGD, 1, -9, 1, -9, 128, 8, 128, 8, 0.8. 0.8, 12.5, 12.5, 18, 9, 12.11
SGD, 1, -9, 1, -9, 128, 8, 128, 8, 0.8. 0.8, 12.5, 12.5, 18, 10, 12.03
SGD, 1, -9, 1, -9, 128, 8, 128, 8, 0.8. 0.8, 12.5, 12.5, 54, 1, 11.67
SGD, 1, -9, 1, -9, 128, 8, 128, 8, 0.8. 0.8, 12.5, 12.5, 54, 2, 11.35
SGD, 1, -9, 1, -9, 128, 8, 128, 8, 0.8. 0.8, 12.5, 12.5, 54, 3, 11.35
SGD, 1, -9, 1, -9, 128, 8, 128, 8, 0.8. 0.8, 12.5, 12.5, 54, 4, 11.2
SGD, 1, -9, 1, -9, 128, 8, 128, 8, 0.8. 0.8, 12.5, 12.5, 54, 5, 11.61
SGD, 1, -9, 1, -9, 128, 8, 128, 8, 0.8. 0.8, 12.5, 12.5, 54, 6, 11.35
SGD, 1, -9, 1, -9, 128, 8, 128, 8, 0.8. 0.8, 12.5, 12.5, 54, 7, 11.83
SGD, 1, -9, 1, -9, 128, 8, 128, 8, 0.8. 0.8, 12.5, 12.5, 54, 8, 11.35
SGD, 1, -9, 1, -9, 128, 8, 128, 8, 0.8. 0.8, 12.5, 12.5, 54, 9, 11.35
SGD, 1, -9, 1, -9, 128, 8, 128, 8, 0.8. 0.8, 12.5, 12.5, 54, 10, 11.41
SGD, 1, -9, 1, -9, 128, 16, 128, 16, 0.2. 0.2, 12.5, 12.5, 2, 1, 31.53
SGD, 1, -9, 1, -9, 128, 16, 128, 16, 0.2. 0.2, 12.5, 12.5, 2, 2, 17.7
SGD, 1, -9, 1, -9, 128, 16, 128, 16, 0.2. 0.2, 12.5, 12.5, 2, 3, 11.32
SGD, 1, -9, 1, -9, 128, 16, 128, 16, 0.2. 0.2, 12.5, 12.5, 2, 4, 11.31
SGD, 1, -9, 1, -9, 128, 16, 128, 16, 0.2. 0.2, 12.5, 12.5, 2, 5, 13.21
SGD, 1, -9, 1, -9, 128, 16, 128, 16, 0.2. 0.2, 12.5, 12.5, 2, 6, 11.35
SGD, 1, -9, 1, -9, 128, 16, 128, 16, 0.2. 0.2, 12.5, 12.5, 2, 7, 11.35
SGD, 1, -9, 1, -9, 128, 16, 128, 16, 0.2. 0.2, 12.5, 12.5, 2, 8, 11.35
SGD, 1, -9, 1, -9, 128, 16, 128, 16, 0.2. 0.2, 12.5, 12.5, 2, 9, 11.35
SGD, 1, -9, 1, -9, 128, 16, 128, 16, 0.2. 0.2, 12.5, 12.5, 2, 10, 11.35
SGD, 1, -9, 1, -9, 128, 16, 128, 16, 0.2. 0.2, 12.5, 12.5, 6, 1, 21.87
SGD, 1, -9, 1, -9, 128, 16, 128, 16, 0.2. 0.2, 12.5, 12.5, 6, 2, 11.35
SGD, 1, -9, 1, -9, 128, 16, 128, 16, 0.2. 0.2, 12.5, 12.5, 6, 3, 11.35
SGD, 1, -9, 1, -9, 128, 16, 128, 16, 0.2. 0.2, 12.5, 12.5, 6, 4, 11.35
SGD, 1, -9, 1, -9, 128, 16, 128, 16, 0.2. 0.2, 12.5, 12.5, 6, 5, 11.35
SGD, 1, -9, 1, -9, 128, 16, 128, 16, 0.2. 0.2, 12.5, 12.5, 6, 6, 11.35
SGD, 1, -9, 1, -9, 128, 16, 128, 16, 0.2. 0.2, 12.5, 12.5, 6, 7, 11.35
SGD, 1, -9, 1, -9, 128, 16, 128, 16, 0.2. 0.2, 12.5, 12.5, 6, 8, 11.35
SGD, 1, -9, 1, -9, 128, 16, 128, 16, 0.2. 0.2, 12.5, 12.5, 6, 9, 11.35
SGD, 1, -9, 1, -9, 128, 16, 128, 16, 0.2. 0.2, 12.5, 12.5, 6, 10, 11.35
SGD, 1, -9, 1, -9, 128, 16, 128, 16, 0.2. 0.2, 12.5, 12.5, 18, 1, 12.13
SGD, 1, -9, 1, -9, 128, 16, 128, 16, 0.2. 0.2, 12.5, 12.5, 18, 2, 11.35
SGD, 1, -9, 1, -9, 128, 16, 128, 16, 0.2. 0.2, 12.5, 12.5, 18, 3, 11.35
SGD, 1, -9, 1, -9, 128, 16, 128, 16, 0.2. 0.2, 12.5, 12.5, 18, 4, 11.35
SGD, 1, -9, 1, -9, 128, 16, 128, 16, 0.2. 0.2, 12.5, 12.5, 18, 5, 11.35
SGD, 1, -9, 1, -9, 128, 16, 128, 16, 0.2. 0.2, 12.5, 12.5, 18, 6, 11.35
SGD, 1, -9, 1, -9, 128, 16, 128, 16, 0.2. 0.2, 12.5, 12.5, 18, 7, 11.35
SGD, 1, -9, 1, -9, 128, 16, 128, 16, 0.2. 0.2, 12.5, 12.5, 18, 8, 11.36
SGD, 1, -9, 1, -9, 128, 16, 128, 16, 0.2. 0.2, 12.5, 12.5, 18, 9, 11.36
SGD, 1, -9, 1, -9, 128, 16, 128, 16, 0.2. 0.2, 12.5, 12.5, 18, 10, 11.35
SGD, 1, -9, 1, -9, 128, 16, 128, 16, 0.2. 0.2, 12.5, 12.5, 54, 1, 13.17
SGD, 1, -9, 1, -9, 128, 16, 128, 16, 0.2. 0.2, 12.5, 12.5, 54, 2, 11.35
SGD, 1, -9, 1, -9, 128, 16, 128, 16, 0.2. 0.2, 12.5, 12.5, 54, 3, 11.35
SGD, 1, -9, 1, -9, 128, 16, 128, 16, 0.2. 0.2, 12.5, 12.5, 54, 4, 11.35
SGD, 1, -9, 1, -9, 128, 16, 128, 16, 0.2. 0.2, 12.5, 12.5, 54, 5, 11.35
SGD, 1, -9, 1, -9, 128, 16, 128, 16, 0.2. 0.2, 12.5, 12.5, 54, 6, 11.35
SGD, 1, -9, 1, -9, 128, 16, 128, 16, 0.2. 0.2, 12.5, 12.5, 54, 7, 11.35
SGD, 1, -9, 1, -9, 128, 16, 128, 16, 0.2. 0.2, 12.5, 12.5, 54, 8, 11.35
SGD, 1, -9, 1, -9, 128, 16, 128, 16, 0.2. 0.2, 12.5, 12.5, 54, 9, 11.35
SGD, 1, -9, 1, -9, 128, 16, 128, 16, 0.2. 0.2, 12.5, 12.5, 54, 10, 11.35
SGD, 1, -9, 1, -9, 128, 16, 128, 16, 0.4. 0.4, 12.5, 12.5, 2, 1, 17.19
SGD, 1, -9, 1, -9, 128, 16, 128, 16, 0.4. 0.4, 12.5, 12.5, 2, 2, 11.35
SGD, 1, -9, 1, -9, 128, 16, 128, 16, 0.4. 0.4, 12.5, 12.5, 2, 3, 14.69
SGD, 1, -9, 1, -9, 128, 16, 128, 16, 0.4. 0.4, 12.5, 12.5, 2, 4, 13.41
SGD, 1, -9, 1, -9, 128, 16, 128, 16, 0.4. 0.4, 12.5, 12.5, 2, 5, 13.59
SGD, 1, -9, 1, -9, 128, 16, 128, 16, 0.4. 0.4, 12.5, 12.5, 2, 6, 11.35
SGD, 1, -9, 1, -9, 128, 16, 128, 16, 0.4. 0.4, 12.5, 12.5, 2, 7, 15.79
SGD, 1, -9, 1, -9, 128, 16, 128, 16, 0.4. 0.4, 12.5, 12.5, 2, 8, 11.22
SGD, 1, -9, 1, -9, 128, 16, 128, 16, 0.4. 0.4, 12.5, 12.5, 2, 9, 14.94
SGD, 1, -9, 1, -9, 128, 16, 128, 16, 0.4. 0.4, 12.5, 12.5, 2, 10, 15.5
SGD, 1, -9, 1, -9, 128, 16, 128, 16, 0.4. 0.4, 12.5, 12.5, 6, 1, 13.65
SGD, 1, -9, 1, -9, 128, 16, 128, 16, 0.4. 0.4, 12.5, 12.5, 6, 2, 11.35
SGD, 1, -9, 1, -9, 128, 16, 128, 16, 0.4. 0.4, 12.5, 12.5, 6, 3, 15.95
SGD, 1, -9, 1, -9, 128, 16, 128, 16, 0.4. 0.4, 12.5, 12.5, 6, 4, 11.87
SGD, 1, -9, 1, -9, 128, 16, 128, 16, 0.4. 0.4, 12.5, 12.5, 6, 5, 12.05
SGD, 1, -9, 1, -9, 128, 16, 128, 16, 0.4. 0.4, 12.5, 12.5, 6, 6, 11.35
SGD, 1, -9, 1, -9, 128, 16, 128, 16, 0.4. 0.4, 12.5, 12.5, 6, 7, 12.14
SGD, 1, -9, 1, -9, 128, 16, 128, 16, 0.4. 0.4, 12.5, 12.5, 6, 8, 12.53
SGD, 1, -9, 1, -9, 128, 16, 128, 16, 0.4. 0.4, 12.5, 12.5, 6, 9, 13.49
SGD, 1, -9, 1, -9, 128, 16, 128, 16, 0.4. 0.4, 12.5, 12.5, 6, 10, 12.26
SGD, 1, -9, 1, -9, 128, 16, 128, 16, 0.4. 0.4, 12.5, 12.5, 18, 1, 13.7
SGD, 1, -9, 1, -9, 128, 16, 128, 16, 0.4. 0.4, 12.5, 12.5, 18, 2, 11.76
SGD, 1, -9, 1, -9, 128, 16, 128, 16, 0.4. 0.4, 12.5, 12.5, 18, 3, 11.79
SGD, 1, -9, 1, -9, 128, 16, 128, 16, 0.4. 0.4, 12.5, 12.5, 18, 4, 11.35
SGD, 1, -9, 1, -9, 128, 16, 128, 16, 0.4. 0.4, 12.5, 12.5, 18, 5, 11.25
SGD, 1, -9, 1, -9, 128, 16, 128, 16, 0.4. 0.4, 12.5, 12.5, 18, 6, 11.55
SGD, 1, -9, 1, -9, 128, 16, 128, 16, 0.4. 0.4, 12.5, 12.5, 18, 7, 12.52
SGD, 1, -9, 1, -9, 128, 16, 128, 16, 0.4. 0.4, 12.5, 12.5, 18, 8, 11.72
SGD, 1, -9, 1, -9, 128, 16, 128, 16, 0.4. 0.4, 12.5, 12.5, 18, 9, 12.17
SGD, 1, -9, 1, -9, 128, 16, 128, 16, 0.4. 0.4, 12.5, 12.5, 18, 10, 11.98
SGD, 1, -9, 1, -9, 128, 16, 128, 16, 0.4. 0.4, 12.5, 12.5, 54, 1, 9.92
SGD, 1, -9, 1, -9, 128, 16, 128, 16, 0.4. 0.4, 12.5, 12.5, 54, 2, 11.18
SGD, 1, -9, 1, -9, 128, 16, 128, 16, 0.4. 0.4, 12.5, 12.5, 54, 3, 10.17
SGD, 1, -9, 1, -9, 128, 16, 128, 16, 0.4. 0.4, 12.5, 12.5, 54, 4, 9.91
SGD, 1, -9, 1, -9, 128, 16, 128, 16, 0.4. 0.4, 12.5, 12.5, 54, 5, 10.41
SGD, 1, -9, 1, -9, 128, 16, 128, 16, 0.4. 0.4, 12.5, 12.5, 54, 6, 10.38
SGD, 1, -9, 1, -9, 128, 16, 128, 16, 0.4. 0.4, 12.5, 12.5, 54, 7, 10.13
SGD, 1, -9, 1, -9, 128, 16, 128, 16, 0.4. 0.4, 12.5, 12.5, 54, 8, 10.91
SGD, 1, -9, 1, -9, 128, 16, 128, 16, 0.4. 0.4, 12.5, 12.5, 54, 9, 10.39
SGD, 1, -9, 1, -9, 128, 16, 128, 16, 0.4. 0.4, 12.5, 12.5, 54, 10, 10.57
SGD, 1, -9, 1, -9, 128, 16, 128, 16, 0.6. 0.6, 12.5, 12.5, 2, 1, 32.12
SGD, 1, -9, 1, -9, 128, 16, 128, 16, 0.6. 0.6, 12.5, 12.5, 2, 2, 26.74
SGD, 1, -9, 1, -9, 128, 16, 128, 16, 0.6. 0.6, 12.5, 12.5, 2, 3, 24.18
SGD, 1, -9, 1, -9, 128, 16, 128, 16, 0.6. 0.6, 12.5, 12.5, 2, 4, 24.37
SGD, 1, -9, 1, -9, 128, 16, 128, 16, 0.6. 0.6, 12.5, 12.5, 2, 5, 26.28
SGD, 1, -9, 1, -9, 128, 16, 128, 16, 0.6. 0.6, 12.5, 12.5, 2, 6, 23.26
SGD, 1, -9, 1, -9, 128, 16, 128, 16, 0.6. 0.6, 12.5, 12.5, 2, 7, 30.46
SGD, 1, -9, 1, -9, 128, 16, 128, 16, 0.6. 0.6, 12.5, 12.5, 2, 8, 19.72
SGD, 1, -9, 1, -9, 128, 16, 128, 16, 0.6. 0.6, 12.5, 12.5, 2, 9, 31.4
SGD, 1, -9, 1, -9, 128, 16, 128, 16, 0.6. 0.6, 12.5, 12.5, 2, 10, 26.83
SGD, 1, -9, 1, -9, 128, 16, 128, 16, 0.6. 0.6, 12.5, 12.5, 6, 1, 12.28
SGD, 1, -9, 1, -9, 128, 16, 128, 16, 0.6. 0.6, 12.5, 12.5, 6, 2, 10.1
SGD, 1, -9, 1, -9, 128, 16, 128, 16, 0.6. 0.6, 12.5, 12.5, 6, 3, 12.7
SGD, 1, -9, 1, -9, 128, 16, 128, 16, 0.6. 0.6, 12.5, 12.5, 6, 4, 11.28
SGD, 1, -9, 1, -9, 128, 16, 128, 16, 0.6. 0.6, 12.5, 12.5, 6, 5, 10.1
SGD, 1, -9, 1, -9, 128, 16, 128, 16, 0.6. 0.6, 12.5, 12.5, 6, 6, 9.82
SGD, 1, -9, 1, -9, 128, 16, 128, 16, 0.6. 0.6, 12.5, 12.5, 6, 7, 10.73
SGD, 1, -9, 1, -9, 128, 16, 128, 16, 0.6. 0.6, 12.5, 12.5, 6, 8, 10.88
SGD, 1, -9, 1, -9, 128, 16, 128, 16, 0.6. 0.6, 12.5, 12.5, 6, 9, 10.63
SGD, 1, -9, 1, -9, 128, 16, 128, 16, 0.6. 0.6, 12.5, 12.5, 6, 10, 9.92
SGD, 1, -9, 1, -9, 128, 16, 128, 16, 0.6. 0.6, 12.5, 12.5, 18, 1, 11.8
SGD, 1, -9, 1, -9, 128, 16, 128, 16, 0.6. 0.6, 12.5, 12.5, 18, 2, 12.01
SGD, 1, -9, 1, -9, 128, 16, 128, 16, 0.6. 0.6, 12.5, 12.5, 18, 3, 11.81
SGD, 1, -9, 1, -9, 128, 16, 128, 16, 0.6. 0.6, 12.5, 12.5, 18, 4, 12.04
SGD, 1, -9, 1, -9, 128, 16, 128, 16, 0.6. 0.6, 12.5, 12.5, 18, 5, 10.97
SGD, 1, -9, 1, -9, 128, 16, 128, 16, 0.6. 0.6, 12.5, 12.5, 18, 6, 11.92
SGD, 1, -9, 1, -9, 128, 16, 128, 16, 0.6. 0.6, 12.5, 12.5, 18, 7, 12.11
SGD, 1, -9, 1, -9, 128, 16, 128, 16, 0.6. 0.6, 12.5, 12.5, 18, 8, 11.35
SGD, 1, -9, 1, -9, 128, 16, 128, 16, 0.6. 0.6, 12.5, 12.5, 18, 9, 12.73
SGD, 1, -9, 1, -9, 128, 16, 128, 16, 0.6. 0.6, 12.5, 12.5, 18, 10, 12.25
SGD, 1, -9, 1, -9, 128, 16, 128, 16, 0.6. 0.6, 12.5, 12.5, 54, 1, 11.88
SGD, 1, -9, 1, -9, 128, 16, 128, 16, 0.6. 0.6, 12.5, 12.5, 54, 2, 11.97
SGD, 1, -9, 1, -9, 128, 16, 128, 16, 0.6. 0.6, 12.5, 12.5, 54, 3, 11.63
SGD, 1, -9, 1, -9, 128, 16, 128, 16, 0.6. 0.6, 12.5, 12.5, 54, 4, 11.93
SGD, 1, -9, 1, -9, 128, 16, 128, 16, 0.6. 0.6, 12.5, 12.5, 54, 5, 11.45
SGD, 1, -9, 1, -9, 128, 16, 128, 16, 0.6. 0.6, 12.5, 12.5, 54, 6, 11.4
SGD, 1, -9, 1, -9, 128, 16, 128, 16, 0.6. 0.6, 12.5, 12.5, 54, 7, 12.01
SGD, 1, -9, 1, -9, 128, 16, 128, 16, 0.6. 0.6, 12.5, 12.5, 54, 8, 11.35
SGD, 1, -9, 1, -9, 128, 16, 128, 16, 0.6. 0.6, 12.5, 12.5, 54, 9, 11.96
SGD, 1, -9, 1, -9, 128, 16, 128, 16, 0.6. 0.6, 12.5, 12.5, 54, 10, 11.29
SGD, 1, -9, 1, -9, 128, 16, 128, 16, 0.8. 0.8, 12.5, 12.5, 2, 1, 26.6
SGD, 1, -9, 1, -9, 128, 16, 128, 16, 0.8. 0.8, 12.5, 12.5, 2, 2, 13.35
SGD, 1, -9, 1, -9, 128, 16, 128, 16, 0.8. 0.8, 12.5, 12.5, 2, 3, 10.12
SGD, 1, -9, 1, -9, 128, 16, 128, 16, 0.8. 0.8, 12.5, 12.5, 2, 4, 9.98
SGD, 1, -9, 1, -9, 128, 16, 128, 16, 0.8. 0.8, 12.5, 12.5, 2, 5, 20.88
SGD, 1, -9, 1, -9, 128, 16, 128, 16, 0.8. 0.8, 12.5, 12.5, 2, 6, 20.22
SGD, 1, -9, 1, -9, 128, 16, 128, 16, 0.8. 0.8, 12.5, 12.5, 2, 7, 19.51
SGD, 1, -9, 1, -9, 128, 16, 128, 16, 0.8. 0.8, 12.5, 12.5, 2, 8, 14.5
SGD, 1, -9, 1, -9, 128, 16, 128, 16, 0.8. 0.8, 12.5, 12.5, 2, 9, 26.6
SGD, 1, -9, 1, -9, 128, 16, 128, 16, 0.8. 0.8, 12.5, 12.5, 2, 10, 16.59
SGD, 1, -9, 1, -9, 128, 16, 128, 16, 0.8. 0.8, 12.5, 12.5, 6, 1, 11.46
SGD, 1, -9, 1, -9, 128, 16, 128, 16, 0.8. 0.8, 12.5, 12.5, 6, 2, 11.35
SGD, 1, -9, 1, -9, 128, 16, 128, 16, 0.8. 0.8, 12.5, 12.5, 6, 3, 12.11
SGD, 1, -9, 1, -9, 128, 16, 128, 16, 0.8. 0.8, 12.5, 12.5, 6, 4, 9.82
SGD, 1, -9, 1, -9, 128, 16, 128, 16, 0.8. 0.8, 12.5, 12.5, 6, 5, 11.14
SGD, 1, -9, 1, -9, 128, 16, 128, 16, 0.8. 0.8, 12.5, 12.5, 6, 6, 11.92
SGD, 1, -9, 1, -9, 128, 16, 128, 16, 0.8. 0.8, 12.5, 12.5, 6, 7, 9.69
SGD, 1, -9, 1, -9, 128, 16, 128, 16, 0.8. 0.8, 12.5, 12.5, 6, 8, 10.89
SGD, 1, -9, 1, -9, 128, 16, 128, 16, 0.8. 0.8, 12.5, 12.5, 6, 9, 10.85
SGD, 1, -9, 1, -9, 128, 16, 128, 16, 0.8. 0.8, 12.5, 12.5, 6, 10, 10.57
SGD, 1, -9, 1, -9, 128, 16, 128, 16, 0.8. 0.8, 12.5, 12.5, 18, 1, 11.91
SGD, 1, -9, 1, -9, 128, 16, 128, 16, 0.8. 0.8, 12.5, 12.5, 18, 2, 11.41
SGD, 1, -9, 1, -9, 128, 16, 128, 16, 0.8. 0.8, 12.5, 12.5, 18, 3, 11.4
SGD, 1, -9, 1, -9, 128, 16, 128, 16, 0.8. 0.8, 12.5, 12.5, 18, 4, 10.9
SGD, 1, -9, 1, -9, 128, 16, 128, 16, 0.8. 0.8, 12.5, 12.5, 18, 5, 11.28
SGD, 1, -9, 1, -9, 128, 16, 128, 16, 0.8. 0.8, 12.5, 12.5, 18, 6, 11.62
SGD, 1, -9, 1, -9, 128, 16, 128, 16, 0.8. 0.8, 12.5, 12.5, 18, 7, 12.17
SGD, 1, -9, 1, -9, 128, 16, 128, 16, 0.8. 0.8, 12.5, 12.5, 18, 8, 11.35
SGD, 1, -9, 1, -9, 128, 16, 128, 16, 0.8. 0.8, 12.5, 12.5, 18, 9, 12.83
SGD, 1, -9, 1, -9, 128, 16, 128, 16, 0.8. 0.8, 12.5, 12.5, 18, 10, 12.65
SGD, 1, -9, 1, -9, 128, 16, 128, 16, 0.8. 0.8, 12.5, 12.5, 54, 1, 11.33
SGD, 1, -9, 1, -9, 128, 16, 128, 16, 0.8. 0.8, 12.5, 12.5, 54, 2, 11.35
SGD, 1, -9, 1, -9, 128, 16, 128, 16, 0.8. 0.8, 12.5, 12.5, 54, 3, 11.77
SGD, 1, -9, 1, -9, 128, 16, 128, 16, 0.8. 0.8, 12.5, 12.5, 54, 4, 10.4
SGD, 1, -9, 1, -9, 128, 16, 128, 16, 0.8. 0.8, 12.5, 12.5, 54, 5, 11.48
SGD, 1, -9, 1, -9, 128, 16, 128, 16, 0.8. 0.8, 12.5, 12.5, 54, 6, 11.77
SGD, 1, -9, 1, -9, 128, 16, 128, 16, 0.8. 0.8, 12.5, 12.5, 54, 7, 11.87
SGD, 1, -9, 1, -9, 128, 16, 128, 16, 0.8. 0.8, 12.5, 12.5, 54, 8, 11.35
SGD, 1, -9, 1, -9, 128, 16, 128, 16, 0.8. 0.8, 12.5, 12.5, 54, 9, 12.32
SGD, 1, -9, 1, -9, 128, 16, 128, 16, 0.8. 0.8, 12.5, 12.5, 54, 10, 12.36
SGD, 1, -9, 1, -9, 128, 32, 128, 32, 0.2. 0.2, 12.5, 12.5, 2, 1, 14.18
SGD, 1, -9, 1, -9, 128, 32, 128, 32, 0.2. 0.2, 12.5, 12.5, 2, 2, 24.35
SGD, 1, -9, 1, -9, 128, 32, 128, 32, 0.2. 0.2, 12.5, 12.5, 2, 3, 19.05
SGD, 1, -9, 1, -9, 128, 32, 128, 32, 0.2. 0.2, 12.5, 12.5, 2, 4, 20.32
SGD, 1, -9, 1, -9, 128, 32, 128, 32, 0.2. 0.2, 12.5, 12.5, 2, 5, 12.77
SGD, 1, -9, 1, -9, 128, 32, 128, 32, 0.2. 0.2, 12.5, 12.5, 2, 6, 17.15
SGD, 1, -9, 1, -9, 128, 32, 128, 32, 0.2. 0.2, 12.5, 12.5, 2, 7, 21.02
SGD, 1, -9, 1, -9, 128, 32, 128, 32, 0.2. 0.2, 12.5, 12.5, 2, 8, 18.99
SGD, 1, -9, 1, -9, 128, 32, 128, 32, 0.2. 0.2, 12.5, 12.5, 2, 9, 18.15
SGD, 1, -9, 1, -9, 128, 32, 128, 32, 0.2. 0.2, 12.5, 12.5, 2, 10, 17.85
SGD, 1, -9, 1, -9, 128, 32, 128, 32, 0.2. 0.2, 12.5, 12.5, 6, 1, 30.57
SGD, 1, -9, 1, -9, 128, 32, 128, 32, 0.2. 0.2, 12.5, 12.5, 6, 2, 21.89
SGD, 1, -9, 1, -9, 128, 32, 128, 32, 0.2. 0.2, 12.5, 12.5, 6, 3, 15.76
SGD, 1, -9, 1, -9, 128, 32, 128, 32, 0.2. 0.2, 12.5, 12.5, 6, 4, 12.62
SGD, 1, -9, 1, -9, 128, 32, 128, 32, 0.2. 0.2, 12.5, 12.5, 6, 5, 17.28
SGD, 1, -9, 1, -9, 128, 32, 128, 32, 0.2. 0.2, 12.5, 12.5, 6, 6, 20.44
SGD, 1, -9, 1, -9, 128, 32, 128, 32, 0.2. 0.2, 12.5, 12.5, 6, 7, 18.56
SGD, 1, -9, 1, -9, 128, 32, 128, 32, 0.2. 0.2, 12.5, 12.5, 6, 8, 21.97
SGD, 1, -9, 1, -9, 128, 32, 128, 32, 0.2. 0.2, 12.5, 12.5, 6, 9, 20.89
SGD, 1, -9, 1, -9, 128, 32, 128, 32, 0.2. 0.2, 12.5, 12.5, 6, 10, 16.71
SGD, 1, -9, 1, -9, 128, 32, 128, 32, 0.2. 0.2, 12.5, 12.5, 18, 1, 16.06
SGD, 1, -9, 1, -9, 128, 32, 128, 32, 0.2. 0.2, 12.5, 12.5, 18, 2, 12.69
SGD, 1, -9, 1, -9, 128, 32, 128, 32, 0.2. 0.2, 12.5, 12.5, 18, 3, 12.19
SGD, 1, -9, 1, -9, 128, 32, 128, 32, 0.2. 0.2, 12.5, 12.5, 18, 4, 11.78
SGD, 1, -9, 1, -9, 128, 32, 128, 32, 0.2. 0.2, 12.5, 12.5, 18, 5, 11.73
SGD, 1, -9, 1, -9, 128, 32, 128, 32, 0.2. 0.2, 12.5, 12.5, 18, 6, 12.27
SGD, 1, -9, 1, -9, 128, 32, 128, 32, 0.2. 0.2, 12.5, 12.5, 18, 7, 13.43
SGD, 1, -9, 1, -9, 128, 32, 128, 32, 0.2. 0.2, 12.5, 12.5, 18, 8, 12.39
SGD, 1, -9, 1, -9, 128, 32, 128, 32, 0.2. 0.2, 12.5, 12.5, 18, 9, 12.38
SGD, 1, -9, 1, -9, 128, 32, 128, 32, 0.2. 0.2, 12.5, 12.5, 18, 10, 13.2
SGD, 1, -9, 1, -9, 128, 32, 128, 32, 0.2. 0.2, 12.5, 12.5, 54, 1, 18.11
SGD, 1, -9, 1, -9, 128, 32, 128, 32, 0.2. 0.2, 12.5, 12.5, 54, 2, 11.77
SGD, 1, -9, 1, -9, 128, 32, 128, 32, 0.2. 0.2, 12.5, 12.5, 54, 3, 11.54
SGD, 1, -9, 1, -9, 128, 32, 128, 32, 0.2. 0.2, 12.5, 12.5, 54, 4, 11.9
SGD, 1, -9, 1, -9, 128, 32, 128, 32, 0.2. 0.2, 12.5, 12.5, 54, 5, 11.53
SGD, 1, -9, 1, -9, 128, 32, 128, 32, 0.2. 0.2, 12.5, 12.5, 54, 6, 11.55
SGD, 1, -9, 1, -9, 128, 32, 128, 32, 0.2. 0.2, 12.5, 12.5, 54, 7, 12.09
SGD, 1, -9, 1, -9, 128, 32, 128, 32, 0.2. 0.2, 12.5, 12.5, 54, 8, 11.35
SGD, 1, -9, 1, -9, 128, 32, 128, 32, 0.2. 0.2, 12.5, 12.5, 54, 9, 11.85
SGD, 1, -9, 1, -9, 128, 32, 128, 32, 0.2. 0.2, 12.5, 12.5, 54, 10, 11.42
SGD, 1, -9, 1, -9, 128, 32, 128, 32, 0.4. 0.4, 12.5, 12.5, 2, 1, 50.07
SGD, 1, -9, 1, -9, 128, 32, 128, 32, 0.4. 0.4, 12.5, 12.5, 2, 2, 31.59
SGD, 1, -9, 1, -9, 128, 32, 128, 32, 0.4. 0.4, 12.5, 12.5, 2, 3, 39.76
SGD, 1, -9, 1, -9, 128, 32, 128, 32, 0.4. 0.4, 12.5, 12.5, 2, 4, 41.44
SGD, 1, -9, 1, -9, 128, 32, 128, 32, 0.4. 0.4, 12.5, 12.5, 2, 5, 35.79
SGD, 1, -9, 1, -9, 128, 32, 128, 32, 0.4. 0.4, 12.5, 12.5, 2, 6, 19.21
SGD, 1, -9, 1, -9, 128, 32, 128, 32, 0.4. 0.4, 12.5, 12.5, 2, 7, 29.75
SGD, 1, -9, 1, -9, 128, 32, 128, 32, 0.4. 0.4, 12.5, 12.5, 2, 8, 35.2
SGD, 1, -9, 1, -9, 128, 32, 128, 32, 0.4. 0.4, 12.5, 12.5, 2, 9, 41.89
SGD, 1, -9, 1, -9, 128, 32, 128, 32, 0.4. 0.4, 12.5, 12.5, 2, 10, 27.02
SGD, 1, -9, 1, -9, 128, 32, 128, 32, 0.4. 0.4, 12.5, 12.5, 6, 1, 21.3
SGD, 1, -9, 1, -9, 128, 32, 128, 32, 0.4. 0.4, 12.5, 12.5, 6, 2, 11.36
SGD, 1, -9, 1, -9, 128, 32, 128, 32, 0.4. 0.4, 12.5, 12.5, 6, 3, 16.01
SGD, 1, -9, 1, -9, 128, 32, 128, 32, 0.4. 0.4, 12.5, 12.5, 6, 4, 11.68
SGD, 1, -9, 1, -9, 128, 32, 128, 32, 0.4. 0.4, 12.5, 12.5, 6, 5, 10.13
SGD, 1, -9, 1, -9, 128, 32, 128, 32, 0.4. 0.4, 12.5, 12.5, 6, 6, 17.08
SGD, 1, -9, 1, -9, 128, 32, 128, 32, 0.4. 0.4, 12.5, 12.5, 6, 7, 17.35
SGD, 1, -9, 1, -9, 128, 32, 128, 32, 0.4. 0.4, 12.5, 12.5, 6, 8, 12.92
SGD, 1, -9, 1, -9, 128, 32, 128, 32, 0.4. 0.4, 12.5, 12.5, 6, 9, 18.28
SGD, 1, -9, 1, -9, 128, 32, 128, 32, 0.4. 0.4, 12.5, 12.5, 6, 10, 19.48
SGD, 1, -9, 1, -9, 128, 32, 128, 32, 0.4. 0.4, 12.5, 12.5, 18, 1, 13.51
SGD, 1, -9, 1, -9, 128, 32, 128, 32, 0.4. 0.4, 12.5, 12.5, 18, 2, 11.62
SGD, 1, -9, 1, -9, 128, 32, 128, 32, 0.4. 0.4, 12.5, 12.5, 18, 3, 12.34
SGD, 1, -9, 1, -9, 128, 32, 128, 32, 0.4. 0.4, 12.5, 12.5, 18, 4, 10.63
SGD, 1, -9, 1, -9, 128, 32, 128, 32, 0.4. 0.4, 12.5, 12.5, 18, 5, 10.8
SGD, 1, -9, 1, -9, 128, 32, 128, 32, 0.4. 0.4, 12.5, 12.5, 18, 6, 12.96
SGD, 1, -9, 1, -9, 128, 32, 128, 32, 0.4. 0.4, 12.5, 12.5, 18, 7, 13.91
SGD, 1, -9, 1, -9, 128, 32, 128, 32, 0.4. 0.4, 12.5, 12.5, 18, 8, 11.35
SGD, 1, -9, 1, -9, 128, 32, 128, 32, 0.4. 0.4, 12.5, 12.5, 18, 9, 12.89
SGD, 1, -9, 1, -9, 128, 32, 128, 32, 0.4. 0.4, 12.5, 12.5, 18, 10, 14.5
SGD, 1, -9, 1, -9, 128, 32, 128, 32, 0.4. 0.4, 12.5, 12.5, 54, 1, 12.59
SGD, 1, -9, 1, -9, 128, 32, 128, 32, 0.4. 0.4, 12.5, 12.5, 54, 2, 12.59
SGD, 1, -9, 1, -9, 128, 32, 128, 32, 0.4. 0.4, 12.5, 12.5, 54, 3, 12.48
SGD, 1, -9, 1, -9, 128, 32, 128, 32, 0.4. 0.4, 12.5, 12.5, 54, 4, 11.08
SGD, 1, -9, 1, -9, 128, 32, 128, 32, 0.4. 0.4, 12.5, 12.5, 54, 5, 11.28
SGD, 1, -9, 1, -9, 128, 32, 128, 32, 0.4. 0.4, 12.5, 12.5, 54, 6, 12.09
SGD, 1, -9, 1, -9, 128, 32, 128, 32, 0.4. 0.4, 12.5, 12.5, 54, 7, 13.26
SGD, 1, -9, 1, -9, 128, 32, 128, 32, 0.4. 0.4, 12.5, 12.5, 54, 8, 11.45
SGD, 1, -9, 1, -9, 128, 32, 128, 32, 0.4. 0.4, 12.5, 12.5, 54, 9, 13.61
SGD, 1, -9, 1, -9, 128, 32, 128, 32, 0.4. 0.4, 12.5, 12.5, 54, 10, 12.33
SGD, 1, -9, 1, -9, 128, 32, 128, 32, 0.6. 0.6, 12.5, 12.5, 2, 1, 34.92
SGD, 1, -9, 1, -9, 128, 32, 128, 32, 0.6. 0.6, 12.5, 12.5, 2, 2, 15.83
SGD, 1, -9, 1, -9, 128, 32, 128, 32, 0.6. 0.6, 12.5, 12.5, 2, 3, 27.5
SGD, 1, -9, 1, -9, 128, 32, 128, 32, 0.6. 0.6, 12.5, 12.5, 2, 4, 30.38
SGD, 1, -9, 1, -9, 128, 32, 128, 32, 0.6. 0.6, 12.5, 12.5, 2, 5, 27.17
SGD, 1, -9, 1, -9, 128, 32, 128, 32, 0.6. 0.6, 12.5, 12.5, 2, 6, 12.24
SGD, 1, -9, 1, -9, 128, 32, 128, 32, 0.6. 0.6, 12.5, 12.5, 2, 7, 27.35
SGD, 1, -9, 1, -9, 128, 32, 128, 32, 0.6. 0.6, 12.5, 12.5, 2, 8, 10.63
SGD, 1, -9, 1, -9, 128, 32, 128, 32, 0.6. 0.6, 12.5, 12.5, 2, 9, 26.5
SGD, 1, -9, 1, -9, 128, 32, 128, 32, 0.6. 0.6, 12.5, 12.5, 2, 10, 14.06
SGD, 1, -9, 1, -9, 128, 32, 128, 32, 0.6. 0.6, 12.5, 12.5, 6, 1, 15.04
SGD, 1, -9, 1, -9, 128, 32, 128, 32, 0.6. 0.6, 12.5, 12.5, 6, 2, 11.35
SGD, 1, -9, 1, -9, 128, 32, 128, 32, 0.6. 0.6, 12.5, 12.5, 6, 3, 19.21
SGD, 1, -9, 1, -9, 128, 32, 128, 32, 0.6. 0.6, 12.5, 12.5, 6, 4, 12.09
SGD, 1, -9, 1, -9, 128, 32, 128, 32, 0.6. 0.6, 12.5, 12.5, 6, 5, 10.1
SGD, 1, -9, 1, -9, 128, 32, 128, 32, 0.6. 0.6, 12.5, 12.5, 6, 6, 11.35
SGD, 1, -9, 1, -9, 128, 32, 128, 32, 0.6. 0.6, 12.5, 12.5, 6, 7, 10.55
SGD, 1, -9, 1, -9, 128, 32, 128, 32, 0.6. 0.6, 12.5, 12.5, 6, 8, 12.21
SGD, 1, -9, 1, -9, 128, 32, 128, 32, 0.6. 0.6, 12.5, 12.5, 6, 9, 16.66
SGD, 1, -9, 1, -9, 128, 32, 128, 32, 0.6. 0.6, 12.5, 12.5, 6, 10, 14.44
SGD, 1, -9, 1, -9, 128, 32, 128, 32, 0.6. 0.6, 12.5, 12.5, 18, 1, 13.05
SGD, 1, -9, 1, -9, 128, 32, 128, 32, 0.6. 0.6, 12.5, 12.5, 18, 2, 12.59
SGD, 1, -9, 1, -9, 128, 32, 128, 32, 0.6. 0.6, 12.5, 12.5, 18, 3, 11.82
SGD, 1, -9, 1, -9, 128, 32, 128, 32, 0.6. 0.6, 12.5, 12.5, 18, 4, 11.88
SGD, 1, -9, 1, -9, 128, 32, 128, 32, 0.6. 0.6, 12.5, 12.5, 18, 5, 10.31
SGD, 1, -9, 1, -9, 128, 32, 128, 32, 0.6. 0.6, 12.5, 12.5, 18, 6, 11.79
SGD, 1, -9, 1, -9, 128, 32, 128, 32, 0.6. 0.6, 12.5, 12.5, 18, 7, 13.16
SGD, 1, -9, 1, -9, 128, 32, 128, 32, 0.6. 0.6, 12.5, 12.5, 18, 8, 11.35
SGD, 1, -9, 1, -9, 128, 32, 128, 32, 0.6. 0.6, 12.5, 12.5, 18, 9, 13.43
SGD, 1, -9, 1, -9, 128, 32, 128, 32, 0.6. 0.6, 12.5, 12.5, 18, 10, 13.45
SGD, 1, -9, 1, -9, 128, 32, 128, 32, 0.6. 0.6, 12.5, 12.5, 54, 1, 12.33
SGD, 1, -9, 1, -9, 128, 32, 128, 32, 0.6. 0.6, 12.5, 12.5, 54, 2, 11.47
SGD, 1, -9, 1, -9, 128, 32, 128, 32, 0.6. 0.6, 12.5, 12.5, 54, 3, 12.48
SGD, 1, -9, 1, -9, 128, 32, 128, 32, 0.6. 0.6, 12.5, 12.5, 54, 4, 11.89
SGD, 1, -9, 1, -9, 128, 32, 128, 32, 0.6. 0.6, 12.5, 12.5, 54, 5, 11.89
SGD, 1, -9, 1, -9, 128, 32, 128, 32, 0.6. 0.6, 12.5, 12.5, 54, 6, 12.04
SGD, 1, -9, 1, -9, 128, 32, 128, 32, 0.6. 0.6, 12.5, 12.5, 54, 7, 13.21
SGD, 1, -9, 1, -9, 128, 32, 128, 32, 0.6. 0.6, 12.5, 12.5, 54, 8, 11.35
SGD, 1, -9, 1, -9, 128, 32, 128, 32, 0.6. 0.6, 12.5, 12.5, 54, 9, 12.56
SGD, 1, -9, 1, -9, 128, 32, 128, 32, 0.6. 0.6, 12.5, 12.5, 54, 10, 12.2
SGD, 1, -9, 1, -9, 128, 32, 128, 32, 0.8. 0.8, 12.5, 12.5, 2, 1, 45.27
SGD, 1, -9, 1, -9, 128, 32, 128, 32, 0.8. 0.8, 12.5, 12.5, 2, 2, 42.98
SGD, 1, -9, 1, -9, 128, 32, 128, 32, 0.8. 0.8, 12.5, 12.5, 2, 3, 44.9
SGD, 1, -9, 1, -9, 128, 32, 128, 32, 0.8. 0.8, 12.5, 12.5, 2, 4, 44.11
SGD, 1, -9, 1, -9, 128, 32, 128, 32, 0.8. 0.8, 12.5, 12.5, 2, 5, 34.07
SGD, 1, -9, 1, -9, 128, 32, 128, 32, 0.8. 0.8, 12.5, 12.5, 2, 6, 29.37
SGD, 1, -9, 1, -9, 128, 32, 128, 32, 0.8. 0.8, 12.5, 12.5, 2, 7, 34.7
SGD, 1, -9, 1, -9, 128, 32, 128, 32, 0.8. 0.8, 12.5, 12.5, 2, 8, 29.86
SGD, 1, -9, 1, -9, 128, 32, 128, 32, 0.8. 0.8, 12.5, 12.5, 2, 9, 39.18
SGD, 1, -9, 1, -9, 128, 32, 128, 32, 0.8. 0.8, 12.5, 12.5, 2, 10, 24.76
SGD, 1, -9, 1, -9, 128, 32, 128, 32, 0.8. 0.8, 12.5, 12.5, 6, 1, 20.51
SGD, 1, -9, 1, -9, 128, 32, 128, 32, 0.8. 0.8, 12.5, 12.5, 6, 2, 11.35
SGD, 1, -9, 1, -9, 128, 32, 128, 32, 0.8. 0.8, 12.5, 12.5, 6, 3, 21.11
SGD, 1, -9, 1, -9, 128, 32, 128, 32, 0.8. 0.8, 12.5, 12.5, 6, 4, 17.48
SGD, 1, -9, 1, -9, 128, 32, 128, 32, 0.8. 0.8, 12.5, 12.5, 6, 5, 17.22
SGD, 1, -9, 1, -9, 128, 32, 128, 32, 0.8. 0.8, 12.5, 12.5, 6, 6, 11.35
SGD, 1, -9, 1, -9, 128, 32, 128, 32, 0.8. 0.8, 12.5, 12.5, 6, 7, 12.19
SGD, 1, -9, 1, -9, 128, 32, 128, 32, 0.8. 0.8, 12.5, 12.5, 6, 8, 14.38
SGD, 1, -9, 1, -9, 128, 32, 128, 32, 0.8. 0.8, 12.5, 12.5, 6, 9, 21.48
SGD, 1, -9, 1, -9, 128, 32, 128, 32, 0.8. 0.8, 12.5, 12.5, 6, 10, 20.57
SGD, 1, -9, 1, -9, 128, 32, 128, 32, 0.8. 0.8, 12.5, 12.5, 18, 1, 13.16
SGD, 1, -9, 1, -9, 128, 32, 128, 32, 0.8. 0.8, 12.5, 12.5, 18, 2, 11.49
SGD, 1, -9, 1, -9, 128, 32, 128, 32, 0.8. 0.8, 12.5, 12.5, 18, 3, 12.71
SGD, 1, -9, 1, -9, 128, 32, 128, 32, 0.8. 0.8, 12.5, 12.5, 18, 4, 10.51
SGD, 1, -9, 1, -9, 128, 32, 128, 32, 0.8. 0.8, 12.5, 12.5, 18, 5, 10.7
SGD, 1, -9, 1, -9, 128, 32, 128, 32, 0.8. 0.8, 12.5, 12.5, 18, 6, 11.98
SGD, 1, -9, 1, -9, 128, 32, 128, 32, 0.8. 0.8, 12.5, 12.5, 18, 7, 12.79
SGD, 1, -9, 1, -9, 128, 32, 128, 32, 0.8. 0.8, 12.5, 12.5, 18, 8, 11.38
SGD, 1, -9, 1, -9, 128, 32, 128, 32, 0.8. 0.8, 12.5, 12.5, 18, 9, 13.95
SGD, 1, -9, 1, -9, 128, 32, 128, 32, 0.8. 0.8, 12.5, 12.5, 18, 10, 13.03
SGD, 1, -9, 1, -9, 128, 32, 128, 32, 0.8. 0.8, 12.5, 12.5, 54, 1, 11.95
SGD, 1, -9, 1, -9, 128, 32, 128, 32, 0.8. 0.8, 12.5, 12.5, 54, 2, 11.35
SGD, 1, -9, 1, -9, 128, 32, 128, 32, 0.8. 0.8, 12.5, 12.5, 54, 3, 12.75
SGD, 1, -9, 1, -9, 128, 32, 128, 32, 0.8. 0.8, 12.5, 12.5, 54, 4, 10.37
SGD, 1, -9, 1, -9, 128, 32, 128, 32, 0.8. 0.8, 12.5, 12.5, 54, 5, 11.3
SGD, 1, -9, 1, -9, 128, 32, 128, 32, 0.8. 0.8, 12.5, 12.5, 54, 6, 12.05
SGD, 1, -9, 1, -9, 128, 32, 128, 32, 0.8. 0.8, 12.5, 12.5, 54, 7, 12.75
SGD, 1, -9, 1, -9, 128, 32, 128, 32, 0.8. 0.8, 12.5, 12.5, 54, 8, 11.35
SGD, 1, -9, 1, -9, 128, 32, 128, 32, 0.8. 0.8, 12.5, 12.5, 54, 9, 13.47
SGD, 1, -9, 1, -9, 128, 32, 128, 32, 0.8. 0.8, 12.5, 12.5, 54, 10, 12.75
SGD, 1, -9, 1, -9, 128, 64, 128, 64, 0.2. 0.2, 12.5, 12.5, 2, 1, 28.69
SGD, 1, -9, 1, -9, 128, 64, 128, 64, 0.2. 0.2, 12.5, 12.5, 2, 2, 48.48
SGD, 1, -9, 1, -9, 128, 64, 128, 64, 0.2. 0.2, 12.5, 12.5, 2, 3, 48.7
SGD, 1, -9, 1, -9, 128, 64, 128, 64, 0.2. 0.2, 12.5, 12.5, 2, 4, 51.08
SGD, 1, -9, 1, -9, 128, 64, 128, 64, 0.2. 0.2, 12.5, 12.5, 2, 5, 50.22
SGD, 1, -9, 1, -9, 128, 64, 128, 64, 0.2. 0.2, 12.5, 12.5, 2, 6, 51.08
SGD, 1, -9, 1, -9, 128, 64, 128, 64, 0.2. 0.2, 12.5, 12.5, 2, 7, 50.81
SGD, 1, -9, 1, -9, 128, 64, 128, 64, 0.2. 0.2, 12.5, 12.5, 2, 8, 51.41
SGD, 1, -9, 1, -9, 128, 64, 128, 64, 0.2. 0.2, 12.5, 12.5, 2, 9, 52.3
SGD, 1, -9, 1, -9, 128, 64, 128, 64, 0.2. 0.2, 12.5, 12.5, 2, 10, 52.77
SGD, 1, -9, 1, -9, 128, 64, 128, 64, 0.2. 0.2, 12.5, 12.5, 6, 1, 37.77
SGD, 1, -9, 1, -9, 128, 64, 128, 64, 0.2. 0.2, 12.5, 12.5, 6, 2, 25.8
SGD, 1, -9, 1, -9, 128, 64, 128, 64, 0.2. 0.2, 12.5, 12.5, 6, 3, 31.19
SGD, 1, -9, 1, -9, 128, 64, 128, 64, 0.2. 0.2, 12.5, 12.5, 6, 4, 32.63
SGD, 1, -9, 1, -9, 128, 64, 128, 64, 0.2. 0.2, 12.5, 12.5, 6, 5, 27.49
SGD, 1, -9, 1, -9, 128, 64, 128, 64, 0.2. 0.2, 12.5, 12.5, 6, 6, 27.44
SGD, 1, -9, 1, -9, 128, 64, 128, 64, 0.2. 0.2, 12.5, 12.5, 6, 7, 30.26
SGD, 1, -9, 1, -9, 128, 64, 128, 64, 0.2. 0.2, 12.5, 12.5, 6, 8, 32.71
SGD, 1, -9, 1, -9, 128, 64, 128, 64, 0.2. 0.2, 12.5, 12.5, 6, 9, 32.15
SGD, 1, -9, 1, -9, 128, 64, 128, 64, 0.2. 0.2, 12.5, 12.5, 6, 10, 31.79
SGD, 1, -9, 1, -9, 128, 64, 128, 64, 0.2. 0.2, 12.5, 12.5, 18, 1, 20.24
SGD, 1, -9, 1, -9, 128, 64, 128, 64, 0.2. 0.2, 12.5, 12.5, 18, 2, 18.91
SGD, 1, -9, 1, -9, 128, 64, 128, 64, 0.2. 0.2, 12.5, 12.5, 18, 3, 17.86
SGD, 1, -9, 1, -9, 128, 64, 128, 64, 0.2. 0.2, 12.5, 12.5, 18, 4, 16.94
SGD, 1, -9, 1, -9, 128, 64, 128, 64, 0.2. 0.2, 12.5, 12.5, 18, 5, 16.58
SGD, 1, -9, 1, -9, 128, 64, 128, 64, 0.2. 0.2, 12.5, 12.5, 18, 6, 17.87
SGD, 1, -9, 1, -9, 128, 64, 128, 64, 0.2. 0.2, 12.5, 12.5, 18, 7, 19.94
SGD, 1, -9, 1, -9, 128, 64, 128, 64, 0.2. 0.2, 12.5, 12.5, 18, 8, 14.21
SGD, 1, -9, 1, -9, 128, 64, 128, 64, 0.2. 0.2, 12.5, 12.5, 18, 9, 17.4
SGD, 1, -9, 1, -9, 128, 64, 128, 64, 0.2. 0.2, 12.5, 12.5, 18, 10, 20.61
SGD, 1, -9, 1, -9, 128, 64, 128, 64, 0.2. 0.2, 12.5, 12.5, 54, 1, 16.08
SGD, 1, -9, 1, -9, 128, 64, 128, 64, 0.2. 0.2, 12.5, 12.5, 54, 2, 12.64
SGD, 1, -9, 1, -9, 128, 64, 128, 64, 0.2. 0.2, 12.5, 12.5, 54, 3, 13.07
SGD, 1, -9, 1, -9, 128, 64, 128, 64, 0.2. 0.2, 12.5, 12.5, 54, 4, 11.8
SGD, 1, -9, 1, -9, 128, 64, 128, 64, 0.2. 0.2, 12.5, 12.5, 54, 5, 11.03
SGD, 1, -9, 1, -9, 128, 64, 128, 64, 0.2. 0.2, 12.5, 12.5, 54, 6, 12.36
SGD, 1, -9, 1, -9, 128, 64, 128, 64, 0.2. 0.2, 12.5, 12.5, 54, 7, 16.33
SGD, 1, -9, 1, -9, 128, 64, 128, 64, 0.2. 0.2, 12.5, 12.5, 54, 8, 11.35
SGD, 1, -9, 1, -9, 128, 64, 128, 64, 0.2. 0.2, 12.5, 12.5, 54, 9, 12.11
SGD, 1, -9, 1, -9, 128, 64, 128, 64, 0.2. 0.2, 12.5, 12.5, 54, 10, 13.63
SGD, 1, -9, 1, -9, 128, 64, 128, 64, 0.4. 0.4, 12.5, 12.5, 2, 1, 58.49
SGD, 1, -9, 1, -9, 128, 64, 128, 64, 0.4. 0.4, 12.5, 12.5, 2, 2, 75.81
SGD, 1, -9, 1, -9, 128, 64, 128, 64, 0.4. 0.4, 12.5, 12.5, 2, 3, 78.03
SGD, 1, -9, 1, -9, 128, 64, 128, 64, 0.4. 0.4, 12.5, 12.5, 2, 4, 77.32
SGD, 1, -9, 1, -9, 128, 64, 128, 64, 0.4. 0.4, 12.5, 12.5, 2, 5, 79.09
SGD, 1, -9, 1, -9, 128, 64, 128, 64, 0.4. 0.4, 12.5, 12.5, 2, 6, 78.56
SGD, 1, -9, 1, -9, 128, 64, 128, 64, 0.4. 0.4, 12.5, 12.5, 2, 7, 78.46
SGD, 1, -9, 1, -9, 128, 64, 128, 64, 0.4. 0.4, 12.5, 12.5, 2, 8, 77.41
SGD, 1, -9, 1, -9, 128, 64, 128, 64, 0.4. 0.4, 12.5, 12.5, 2, 9, 78.34
SGD, 1, -9, 1, -9, 128, 64, 128, 64, 0.4. 0.4, 12.5, 12.5, 2, 10, 78.07
SGD, 1, -9, 1, -9, 128, 64, 128, 64, 0.4. 0.4, 12.5, 12.5, 6, 1, 46.36
SGD, 1, -9, 1, -9, 128, 64, 128, 64, 0.4. 0.4, 12.5, 12.5, 6, 2, 36.93
SGD, 1, -9, 1, -9, 128, 64, 128, 64, 0.4. 0.4, 12.5, 12.5, 6, 3, 35.46
SGD, 1, -9, 1, -9, 128, 64, 128, 64, 0.4. 0.4, 12.5, 12.5, 6, 4, 21.23
SGD, 1, -9, 1, -9, 128, 64, 128, 64, 0.4. 0.4, 12.5, 12.5, 6, 5, 34.71
SGD, 1, -9, 1, -9, 128, 64, 128, 64, 0.4. 0.4, 12.5, 12.5, 6, 6, 31.18
SGD, 1, -9, 1, -9, 128, 64, 128, 64, 0.4. 0.4, 12.5, 12.5, 6, 7, 31.47
SGD, 1, -9, 1, -9, 128, 64, 128, 64, 0.4. 0.4, 12.5, 12.5, 6, 8, 34.08
SGD, 1, -9, 1, -9, 128, 64, 128, 64, 0.4. 0.4, 12.5, 12.5, 6, 9, 37.57
SGD, 1, -9, 1, -9, 128, 64, 128, 64, 0.4. 0.4, 12.5, 12.5, 6, 10, 21.25
SGD, 1, -9, 1, -9, 128, 64, 128, 64, 0.4. 0.4, 12.5, 12.5, 18, 1, 19.89
SGD, 1, -9, 1, -9, 128, 64, 128, 64, 0.4. 0.4, 12.5, 12.5, 18, 2, 17.28
SGD, 1, -9, 1, -9, 128, 64, 128, 64, 0.4. 0.4, 12.5, 12.5, 18, 3, 17.1
SGD, 1, -9, 1, -9, 128, 64, 128, 64, 0.4. 0.4, 12.5, 12.5, 18, 4, 11.4
SGD, 1, -9, 1, -9, 128, 64, 128, 64, 0.4. 0.4, 12.5, 12.5, 18, 5, 10.89
SGD, 1, -9, 1, -9, 128, 64, 128, 64, 0.4. 0.4, 12.5, 12.5, 18, 6, 13.77
SGD, 1, -9, 1, -9, 128, 64, 128, 64, 0.4. 0.4, 12.5, 12.5, 18, 7, 15.91
SGD, 1, -9, 1, -9, 128, 64, 128, 64, 0.4. 0.4, 12.5, 12.5, 18, 8, 11.49
SGD, 1, -9, 1, -9, 128, 64, 128, 64, 0.4. 0.4, 12.5, 12.5, 18, 9, 14.66
SGD, 1, -9, 1, -9, 128, 64, 128, 64, 0.4. 0.4, 12.5, 12.5, 18, 10, 17.49
SGD, 1, -9, 1, -9, 128, 64, 128, 64, 0.4. 0.4, 12.5, 12.5, 54, 1, 13.27
SGD, 1, -9, 1, -9, 128, 64, 128, 64, 0.4. 0.4, 12.5, 12.5, 54, 2, 12.44
SGD, 1, -9, 1, -9, 128, 64, 128, 64, 0.4. 0.4, 12.5, 12.5, 54, 3, 12.22
SGD, 1, -9, 1, -9, 128, 64, 128, 64, 0.4. 0.4, 12.5, 12.5, 54, 4, 10.13
SGD, 1, -9, 1, -9, 128, 64, 128, 64, 0.4. 0.4, 12.5, 12.5, 54, 5, 10.15
SGD, 1, -9, 1, -9, 128, 64, 128, 64, 0.4. 0.4, 12.5, 12.5, 54, 6, 12.9
SGD, 1, -9, 1, -9, 128, 64, 128, 64, 0.4. 0.4, 12.5, 12.5, 54, 7, 11.66
SGD, 1, -9, 1, -9, 128, 64, 128, 64, 0.4. 0.4, 12.5, 12.5, 54, 8, 11.35
SGD, 1, -9, 1, -9, 128, 64, 128, 64, 0.4. 0.4, 12.5, 12.5, 54, 9, 12.09
SGD, 1, -9, 1, -9, 128, 64, 128, 64, 0.4. 0.4, 12.5, 12.5, 54, 10, 10.85
SGD, 1, -9, 1, -9, 128, 64, 128, 64, 0.6. 0.6, 12.5, 12.5, 2, 1, 66.49
SGD, 1, -9, 1, -9, 128, 64, 128, 64, 0.6. 0.6, 12.5, 12.5, 2, 2, 67.96
SGD, 1, -9, 1, -9, 128, 64, 128, 64, 0.6. 0.6, 12.5, 12.5, 2, 3, 67.91
SGD, 1, -9, 1, -9, 128, 64, 128, 64, 0.6. 0.6, 12.5, 12.5, 2, 4, 66.76
SGD, 1, -9, 1, -9, 128, 64, 128, 64, 0.6. 0.6, 12.5, 12.5, 2, 5, 68.61
SGD, 1, -9, 1, -9, 128, 64, 128, 64, 0.6. 0.6, 12.5, 12.5, 2, 6, 65.16
SGD, 1, -9, 1, -9, 128, 64, 128, 64, 0.6. 0.6, 12.5, 12.5, 2, 7, 63.51
SGD, 1, -9, 1, -9, 128, 64, 128, 64, 0.6. 0.6, 12.5, 12.5, 2, 8, 57.78
SGD, 1, -9, 1, -9, 128, 64, 128, 64, 0.6. 0.6, 12.5, 12.5, 2, 9, 62.79
SGD, 1, -9, 1, -9, 128, 64, 128, 64, 0.6. 0.6, 12.5, 12.5, 2, 10, 59.73
SGD, 1, -9, 1, -9, 128, 64, 128, 64, 0.6. 0.6, 12.5, 12.5, 6, 1, 30.14
SGD, 1, -9, 1, -9, 128, 64, 128, 64, 0.6. 0.6, 12.5, 12.5, 6, 2, 11.35
SGD, 1, -9, 1, -9, 128, 64, 128, 64, 0.6. 0.6, 12.5, 12.5, 6, 3, 29.94
SGD, 1, -9, 1, -9, 128, 64, 128, 64, 0.6. 0.6, 12.5, 12.5, 6, 4, 29.52
SGD, 1, -9, 1, -9, 128, 64, 128, 64, 0.6. 0.6, 12.5, 12.5, 6, 5, 13.07
SGD, 1, -9, 1, -9, 128, 64, 128, 64, 0.6. 0.6, 12.5, 12.5, 6, 6, 22.06
SGD, 1, -9, 1, -9, 128, 64, 128, 64, 0.6. 0.6, 12.5, 12.5, 6, 7, 33.21
SGD, 1, -9, 1, -9, 128, 64, 128, 64, 0.6. 0.6, 12.5, 12.5, 6, 8, 25.98
SGD, 1, -9, 1, -9, 128, 64, 128, 64, 0.6. 0.6, 12.5, 12.5, 6, 9, 27.32
SGD, 1, -9, 1, -9, 128, 64, 128, 64, 0.6. 0.6, 12.5, 12.5, 6, 10, 15.51
SGD, 1, -9, 1, -9, 128, 64, 128, 64, 0.6. 0.6, 12.5, 12.5, 18, 1, 18.07
SGD, 1, -9, 1, -9, 128, 64, 128, 64, 0.6. 0.6, 12.5, 12.5, 18, 2, 15.86
SGD, 1, -9, 1, -9, 128, 64, 128, 64, 0.6. 0.6, 12.5, 12.5, 18, 3, 19.39
SGD, 1, -9, 1, -9, 128, 64, 128, 64, 0.6. 0.6, 12.5, 12.5, 18, 4, 11.77
SGD, 1, -9, 1, -9, 128, 64, 128, 64, 0.6. 0.6, 12.5, 12.5, 18, 5, 11.6
SGD, 1, -9, 1, -9, 128, 64, 128, 64, 0.6. 0.6, 12.5, 12.5, 18, 6, 16.67
SGD, 1, -9, 1, -9, 128, 64, 128, 64, 0.6. 0.6, 12.5, 12.5, 18, 7, 18.46
SGD, 1, -9, 1, -9, 128, 64, 128, 64, 0.6. 0.6, 12.5, 12.5, 18, 8, 11.35
SGD, 1, -9, 1, -9, 128, 64, 128, 64, 0.6. 0.6, 12.5, 12.5, 18, 9, 22.6
SGD, 1, -9, 1, -9, 128, 64, 128, 64, 0.6. 0.6, 12.5, 12.5, 18, 10, 19.69
SGD, 1, -9, 1, -9, 128, 64, 128, 64, 0.6. 0.6, 12.5, 12.5, 54, 1, 14.44
SGD, 1, -9, 1, -9, 128, 64, 128, 64, 0.6. 0.6, 12.5, 12.5, 54, 2, 12.66
SGD, 1, -9, 1, -9, 128, 64, 128, 64, 0.6. 0.6, 12.5, 12.5, 54, 3, 11.97
SGD, 1, -9, 1, -9, 128, 64, 128, 64, 0.6. 0.6, 12.5, 12.5, 54, 4, 10.1
SGD, 1, -9, 1, -9, 128, 64, 128, 64, 0.6. 0.6, 12.5, 12.5, 54, 5, 10.1
SGD, 1, -9, 1, -9, 128, 64, 128, 64, 0.6. 0.6, 12.5, 12.5, 54, 6, 12.55
SGD, 1, -9, 1, -9, 128, 64, 128, 64, 0.6. 0.6, 12.5, 12.5, 54, 7, 14.06
SGD, 1, -9, 1, -9, 128, 64, 128, 64, 0.6. 0.6, 12.5, 12.5, 54, 8, 11.35
SGD, 1, -9, 1, -9, 128, 64, 128, 64, 0.6. 0.6, 12.5, 12.5, 54, 9, 14.76
SGD, 1, -9, 1, -9, 128, 64, 128, 64, 0.6. 0.6, 12.5, 12.5, 54, 10, 12.86
SGD, 1, -9, 1, -9, 128, 64, 128, 64, 0.8. 0.8, 12.5, 12.5, 2, 1, 57.58
SGD, 1, -9, 1, -9, 128, 64, 128, 64, 0.8. 0.8, 12.5, 12.5, 2, 2, 65.48
SGD, 1, -9, 1, -9, 128, 64, 128, 64, 0.8. 0.8, 12.5, 12.5, 2, 3, 66.87
SGD, 1, -9, 1, -9, 128, 64, 128, 64, 0.8. 0.8, 12.5, 12.5, 2, 4, 68.64
SGD, 1, -9, 1, -9, 128, 64, 128, 64, 0.8. 0.8, 12.5, 12.5, 2, 5, 68.96
SGD, 1, -9, 1, -9, 128, 64, 128, 64, 0.8. 0.8, 12.5, 12.5, 2, 6, 66.11
SGD, 1, -9, 1, -9, 128, 64, 128, 64, 0.8. 0.8, 12.5, 12.5, 2, 7, 68.5
SGD, 1, -9, 1, -9, 128, 64, 128, 64, 0.8. 0.8, 12.5, 12.5, 2, 8, 66.31
SGD, 1, -9, 1, -9, 128, 64, 128, 64, 0.8. 0.8, 12.5, 12.5, 2, 9, 68.31
SGD, 1, -9, 1, -9, 128, 64, 128, 64, 0.8. 0.8, 12.5, 12.5, 2, 10, 61.55
SGD, 1, -9, 1, -9, 128, 64, 128, 64, 0.8. 0.8, 12.5, 12.5, 6, 1, 32.35
SGD, 1, -9, 1, -9, 128, 64, 128, 64, 0.8. 0.8, 12.5, 12.5, 6, 2, 11.74
SGD, 1, -9, 1, -9, 128, 64, 128, 64, 0.8. 0.8, 12.5, 12.5, 6, 3, 23.15
SGD, 1, -9, 1, -9, 128, 64, 128, 64, 0.8. 0.8, 12.5, 12.5, 6, 4, 18.26
SGD, 1, -9, 1, -9, 128, 64, 128, 64, 0.8. 0.8, 12.5, 12.5, 6, 5, 24.29
SGD, 1, -9, 1, -9, 128, 64, 128, 64, 0.8. 0.8, 12.5, 12.5, 6, 6, 24.42
SGD, 1, -9, 1, -9, 128, 64, 128, 64, 0.8. 0.8, 12.5, 12.5, 6, 7, 23.77
SGD, 1, -9, 1, -9, 128, 64, 128, 64, 0.8. 0.8, 12.5, 12.5, 6, 8, 11.67
SGD, 1, -9, 1, -9, 128, 64, 128, 64, 0.8. 0.8, 12.5, 12.5, 6, 9, 21.87
SGD, 1, -9, 1, -9, 128, 64, 128, 64, 0.8. 0.8, 12.5, 12.5, 6, 10, 17.14
SGD, 1, -9, 1, -9, 128, 64, 128, 64, 0.8. 0.8, 12.5, 12.5, 18, 1, 15.73
SGD, 1, -9, 1, -9, 128, 64, 128, 64, 0.8. 0.8, 12.5, 12.5, 18, 2, 11.95
SGD, 1, -9, 1, -9, 128, 64, 128, 64, 0.8. 0.8, 12.5, 12.5, 18, 3, 13.79
SGD, 1, -9, 1, -9, 128, 64, 128, 64, 0.8. 0.8, 12.5, 12.5, 18, 4, 10.11
SGD, 1, -9, 1, -9, 128, 64, 128, 64, 0.8. 0.8, 12.5, 12.5, 18, 5, 12.29
SGD, 1, -9, 1, -9, 128, 64, 128, 64, 0.8. 0.8, 12.5, 12.5, 18, 6, 15.18
SGD, 1, -9, 1, -9, 128, 64, 128, 64, 0.8. 0.8, 12.5, 12.5, 18, 7, 18.48
SGD, 1, -9, 1, -9, 128, 64, 128, 64, 0.8. 0.8, 12.5, 12.5, 18, 8, 11.35
SGD, 1, -9, 1, -9, 128, 64, 128, 64, 0.8. 0.8, 12.5, 12.5, 18, 9, 19.91
SGD, 1, -9, 1, -9, 128, 64, 128, 64, 0.8. 0.8, 12.5, 12.5, 18, 10, 20.48
SGD, 1, -9, 1, -9, 128, 64, 128, 64, 0.8. 0.8, 12.5, 12.5, 54, 1, 13.74
SGD, 1, -9, 1, -9, 128, 64, 128, 64, 0.8. 0.8, 12.5, 12.5, 54, 2, 11.35
SGD, 1, -9, 1, -9, 128, 64, 128, 64, 0.8. 0.8, 12.5, 12.5, 54, 3, 13.38
SGD, 1, -9, 1, -9, 128, 64, 128, 64, 0.8. 0.8, 12.5, 12.5, 54, 4, 10.82
SGD, 1, -9, 1, -9, 128, 64, 128, 64, 0.8. 0.8, 12.5, 12.5, 54, 5, 10.28
SGD, 1, -9, 1, -9, 128, 64, 128, 64, 0.8. 0.8, 12.5, 12.5, 54, 6, 11.35
SGD, 1, -9, 1, -9, 128, 64, 128, 64, 0.8. 0.8, 12.5, 12.5, 54, 7, 12.12
SGD, 1, -9, 1, -9, 128, 64, 128, 64, 0.8. 0.8, 12.5, 12.5, 54, 8, 11.35
SGD, 1, -9, 1, -9, 128, 64, 128, 64, 0.8. 0.8, 12.5, 12.5, 54, 9, 14.77
SGD, 1, -9, 1, -9, 128, 64, 128, 64, 0.8. 0.8, 12.5, 12.5, 54, 10, 13.91
SGD, 1, -9, 1, -9, 128, 64, 128, 64, 0.6. 0.8, 12.5, 12.5, 2, 1, 51.17
SGD, 1, -9, 1, -9, 128, 64, 128, 64, 0.6. 0.8, 12.5, 12.5, 2, 2, 78.86
SGD, 1, -9, 1, -9, 128, 64, 128, 64, 0.6. 0.8, 12.5, 12.5, 2, 3, 84.7
SGD, 1, -9, 1, -9, 128, 64, 128, 64, 0.6. 0.8, 12.5, 12.5, 2, 4, 88.97
SGD, 1, -9, 1, -9, 128, 64, 128, 64, 0.6. 0.8, 12.5, 12.5, 2, 5, 89.53
SGD, 1, -9, 1, -9, 128, 64, 128, 64, 0.6. 0.8, 12.5, 12.5, 2, 6, 89.33
SGD, 1, -9, 1, -9, 128, 64, 128, 64, 0.6. 0.8, 12.5, 12.5, 2, 7, 89.02
SGD, 1, -9, 1, -9, 128, 64, 128, 64, 0.6. 0.8, 12.5, 12.5, 2, 8, 88.12
SGD, 1, -9, 1, -9, 128, 64, 128, 64, 0.6. 0.8, 12.5, 12.5, 2, 9, 89.52
SGD, 1, -9, 1, -9, 128, 64, 128, 64, 0.6. 0.8, 12.5, 12.5, 2, 10, 90.06
SGD, 1, -9, 1, -9, 128, 64, 128, 64, 0.8. 0.6, 12.5, 12.5, 2, 1, 41.59
SGD, 1, -9, 1, -9, 128, 64, 128, 64, 0.8. 0.6, 12.5, 12.5, 2, 2, 53.4
SGD, 1, -9, 1, -9, 128, 64, 128, 64, 0.8. 0.6, 12.5, 12.5, 2, 3, 48.64
SGD, 1, -9, 1, -9, 128, 64, 128, 64, 0.8. 0.6, 12.5, 12.5, 2, 4, 55.68
SGD, 1, -9, 1, -9, 128, 64, 128, 64, 0.8. 0.6, 12.5, 12.5, 2, 5, 54.57
SGD, 1, -9, 1, -9, 128, 64, 128, 64, 0.8. 0.6, 12.5, 12.5, 2, 6, 42.36
SGD, 1, -9, 1, -9, 128, 64, 128, 64, 0.8. 0.6, 12.5, 12.5, 2, 7, 39.1
SGD, 1, -9, 1, -9, 128, 64, 128, 64, 0.8. 0.6, 12.5, 12.5, 2, 8, 35.99
SGD, 1, -9, 1, -9, 128, 64, 128, 64, 0.8. 0.6, 12.5, 12.5, 2, 9, 48.02
SGD, 1, -9, 1, -9, 128, 64, 128, 64, 0.8. 0.6, 12.5, 12.5, 2, 10, 44.88
